order_id,material_component,material_component_batch,order_quantity,fing_batch,order_status,ly_number,mrp_controller,mrp_group_desc,fing_material,material_comp_description,material_comp_type,material_description,modified_date,operation_number,operational_sequence_id,pcn_id,package_form,planned_or_process,plant,plant_desc,purchase_doc_number,recipe_id,supply_type,shared_across,trial,trial_alias,trial_alias_description,vendor_id,teco_flag
C87DA7B5-D02,MAT-93657,LOT-14364098,92,LOT-14364098,Completed,LY9925929,MRP-109,G2 Commercial,MAT-93657,Dog Patch,Investigational Product,Dog Patch,2025-10-07 16:10:19.040096,OP22,OP94,PCN-31765,PK-612926,Success,LAT04,Mariabury Plant,291333532,Recipe 5,Southern,Friend,CT-6910-RDE,CT-6910-RDE,Shake Study,V3331434,No
502EC192-A84,MAT-22152,LOT-36766763,63,LOT-59019698,Released,LY8394502,MRP-129,G1 Clinical,MAT-22152,Culture Solution,Ancillary Supply,Culture Solution,2025-08-27 23:14:41.492879,OP54,OP41,PCN-92052,PK-418010,Against,AP03,Morganport Plant,990054272,Recipe 4,Sign,Skin,CT-3472-PNG,CT-3472-PNG,Put Trial,V2290840,Yes
D30AB6AE-A77,MAT-85304,LOT-91814441,90,LOT-91814441,In Progress,LY1677238,MRP-117,G1 Clinical,MAT-85304,Artist Solution,Ancillary Supply,Artist Solution,2025-11-06 06:58:46.815334,OP95,OP62,PCN-36942,PK-915435,Growth,EU02,West Ginastad Plant,937154783,Recipe 10,Continue,Financial,CT-8970-PLO,CT-8970-PLO,Skin Trial,V2914330,Yes
93E2AB3B-625,MAT-86168,LOT-49441641,223,LOT-17958339,Completed,LY9655969,MRP-119,G1 Clinical,MAT-86168,Run Solution,Investigational Product,Run Solution,2025-08-31 03:17:48.217379,OP20,OP47,PCN-64436,PK-103445,Let,LAT04,Taylortown Plant,552027839,Recipe 5,Notice,Name,CT-6109-EDZ,CT-6109-EDZ,City Program,V4736079,Yes
49D908EC-D19,MAT-15875,LOT-61778837,139,LOT-54560092,Closed,LY8080024,MRP-138,G2 Commercial,MAT-15875,Happy Solution,Ancillary Supply,Happy Solution,2025-11-06 23:35:02.762601,OP70,OP79,PCN-34033,PK-904637,Cut,AP03,Port Sandraport Plant,627621870,Recipe 6,Dog,Television,CT-8742-ECD,CT-8742-ECD,Compare Study,V5713853,No
7F8EA55C-605,MAT-33689,LOT-42199452,140,LOT-79555656,Created,LY2005433,MRP-116,G1 Clinical,MAT-33689,South Capsule,Ancillary Supply,South Capsule,2025-09-01 06:03:33.080022,OP85,OP28,PCN-60386,PK-159536,Care,US01,Lake Ryan Plant,490853788,Recipe 34,Force,Network,CT-6910-RDE,CT-6910-RDE,Shake Study,V5113487,No
AB2CA71A-47C,MAT-39627,LOT-27607761,262,LOT-35809899,Created,LY9115720,MRP-123,G2 Commercial,MAT-39627,Fund Tablet,Comparator,Fund Tablet,2025-09-28 23:30:47.680870,OP97,OP58,PCN-71715,PK-573352,Form,LAT04,Garciaport Plant,530250509,Recipe 6,Point,Point,CT-5014-EEP,CT-5014-EEP,Attorney Study,V2384689,No
EA3FBE37-E91,MAT-60599,LOT-94284099,25,LOT-45953393,Completed,LY4176564,MRP-113,G3 Pilot,MAT-60599,Traditional Patch,Ancillary Supply,Traditional Patch,2025-10-31 03:53:31.828310,OP92,OP87,PCN-29622,PK-687714,Manage,EU02,Port Douglas Plant,639269468,Recipe 13,Official,Any,CT-2004-PSX,CT-2004-PSX,Home Trial,V6016350,Yes
C2863B49-6B7,MAT-16078,LOT-82476241,290,LOT-57874485,Released,LY2824830,MRP-139,G3 Pilot,MAT-16078,Stock Patch,Comparator,Stock Patch,2025-09-24 18:17:50.959107,OP14,OP66,PCN-64387,PK-375549,Development,LAT04,South Maryfort Plant,837139655,Recipe 9,Water,Institution,CT-9831-IEW,CT-9831-IEW,Myself Program,V2727766,No
7EA3E715-4EB,MAT-66374,LOT-69561395,31,LOT-31439488,Created,LY8269208,MRP-135,G3 Pilot,MAT-66374,Oil Tablet,Ancillary Supply,Oil Tablet,2025-08-29 03:21:26.193224,OP39,OP39,PCN-94140,PK-371999,Point,AP03,Port Charles Plant,898691003,Recipe 26,Smile,Form,CT-7484-BIH,CT-7484-BIH,Member Trial,V3403638,Yes
F52B62BD-E91,MAT-40706,LOT-30151730,122,LOT-62442527,Created,LY3486062,MRP-103,G1 Clinical,MAT-40706,Keep Capsule,Investigational Product,Keep Capsule,2025-09-29 20:01:52.191591,OP16,OP81,PCN-86834,PK-915026,Standard,US01,Christinamouth Plant,680184116,Recipe 49,Leader,Son,CT-3395-UCM,CT-3395-UCM,Majority Trial,V1426688,No
D465FA61-668,MAT-78401,LOT-44491067,197,LOT-46656333,Closed,LY7726303,MRP-103,G1 Clinical,MAT-78401,Expect Tablet,Ancillary Supply,Expect Tablet,2025-10-08 16:40:29.398586,OP37,OP52,PCN-68394,PK-940464,Write,EU02,Terrimouth Plant,725281490,Recipe 12,Lead,During,CT-1696-SCY,CT-1696-SCY,Miss Trial,V9507544,No
BAFF899E-7D4,MAT-49508,LOT-66123852,12,LOT-66123852,Closed,LY4096230,MRP-116,G1 Clinical,MAT-49508,Able Patch,Ancillary Supply,Able Patch,2025-09-08 07:32:58.252788,OP55,OP82,PCN-78836,PK-975679,You,EU02,East Matthew Plant,633180260,Recipe 16,Visit,Top,CT-6592-IDY,CT-6592-IDY,Pay Study,V4578845,Yes
082EC977-749,MAT-22152,LOT-36766763,242,LOT-59019698,Closed,LY5658813,MRP-129,G3 Pilot,MAT-22152,Culture Solution,Ancillary Supply,Culture Solution,2025-09-05 14:09:53.035120,OP19,OP84,PCN-30685,PK-993414,Bag,EU02,Lake Lori Plant,280314090,Recipe 42,Paper,Arrive,CT-3472-PNG,CT-3472-PNG,Put Trial,V1467075,No
1DE4A4D7-80D,MAT-15875,LOT-54560092,171,LOT-54560092,Released,LY1552087,MRP-138,G1 Clinical,MAT-15875,Happy Solution,Ancillary Supply,Happy Solution,2025-09-25 06:15:39.983593,OP60,OP88,PCN-44657,PK-805183,Age,EU02,South Michaelhaven Plant,652889787,Recipe 26,Pull,Drive,CT-8742-ECD,CT-8742-ECD,Compare Study,V5800314,No
4FFC728A-450,MAT-59372,LOT-31152831,23,LOT-31152831,In Progress,LY8976188,MRP-126,G3 Pilot,MAT-59372,Issue Patch,Ancillary Supply,Issue Patch,2025-09-28 11:46:33.497601,OP21,OP96,PCN-69050,PK-946615,Course,US01,Jeremyhaven Plant,533858393,Recipe 9,Most,Stock,CT-7487-KNX,CT-7487-KNX,Recent Trial,V8778796,Yes
BE0807F8-705,MAT-79992,LOT-34574127,175,LOT-89806740,Released,LY2304854,MRP-115,G3 Pilot,MAT-79992,Anyone Tablet,Ancillary Supply,Anyone Tablet,2025-09-29 11:55:12.042598,OP34,OP93,PCN-26590,PK-154668,Foot,AP03,Lopezburgh Plant,199000559,Recipe 21,Enjoy,Use,CT-6551-IBW,CT-6551-IBW,Camera Trial,V2911577,Yes
C863EED3-4DE,MAT-31615,LOT-91403277,107,LOT-91403277,Created,LY9991166,MRP-122,G2 Commercial,MAT-31615,Trouble Capsule,Comparator,Trouble Capsule,2025-10-26 07:11:24.606750,OP37,OP86,PCN-18014,PK-702669,Lay,LAT04,New Christina Plant,997623252,Recipe 14,Here,Focus,CT-9781-BYC,CT-9781-BYC,None Trial,V7292666,Yes
1591A2AC-D6F,MAT-49651,LOT-46257312,16,LOT-46257312,Released,LY6578105,MRP-112,G1 Clinical,MAT-49651,High Injection,Investigational Product,High Injection,2025-09-24 13:47:29.367883,OP25,OP91,PCN-98569,PK-299372,Herself,US01,Daviston Plant,906755911,Recipe 36,Cause,Once,CT-9831-IEW,CT-9831-IEW,Myself Program,V4502234,No
805781A7-E1A,MAT-66257,LOT-26774933,229,LOT-26012891,Completed,LY8807714,MRP-133,G1 Clinical,MAT-66257,Hundred Solution,Comparator,Hundred Solution,2025-10-25 15:12:18.881805,OP43,OP13,PCN-31687,PK-104447,Price,EU02,Masonchester Plant,708393996,Recipe 36,Compare,Sport,CT-7484-BIH,CT-7484-BIH,Member Trial,V2268969,Yes
13D53FD1-2EA,MAT-16848,LOT-45571743,20,LOT-45571743,In Progress,LY4794226,MRP-106,G3 Pilot,MAT-16848,Blue Patch,Comparator,Blue Patch,2025-09-04 10:20:15.234811,OP52,OP61,PCN-21044,PK-191171,Small,EU02,Adamshire Plant,345420653,Recipe 6,These,Learn,CT-8742-ECD,CT-8742-ECD,Compare Study,V5926430,Yes
354C0CEF-9FF,MAT-73628,LOT-10539218,67,LOT-10539218,Completed,LY5136202,MRP-138,G1 Clinical,MAT-73628,Health Solution,Ancillary Supply,Health Solution,2025-11-01 17:51:56.931178,OP50,OP73,PCN-88843,PK-181804,Admit,AP03,New Brianmouth Plant,310735806,Recipe 25,Some,Eye,CT-3230-HFO,CT-3230-HFO,Talk Trial,V1066550,Yes
48F49FFF-6F5,MAT-15875,LOT-61778837,79,LOT-61778837,Released,LY2068947,MRP-138,G1 Clinical,MAT-15875,Happy Solution,Ancillary Supply,Happy Solution,2025-11-12 11:44:25.352048,OP76,OP22,PCN-27489,PK-820321,Experience,US01,East Mary Plant,561625215,Recipe 23,Believe,Mention,CT-8742-ECD,CT-8742-ECD,Compare Study,V1909963,No
37399508-4AE,MAT-97442,LOT-68153288,237,LOT-75185716,Closed,LY9735910,MRP-101,G3 Pilot,MAT-97442,Common Patch,Comparator,Common Patch,2025-08-16 12:52:57.787679,OP51,OP67,PCN-83672,PK-618618,Television,EU02,Campbellfort Plant,118015685,Recipe 14,Investment,Economic,CT-2004-PSX,CT-2004-PSX,Home Trial,V5855496,No
9CBEBD35-414,MAT-86920,LOT-14354504,190,LOT-24616505,Created,LY4181902,MRP-105,G1 Clinical,MAT-86920,Various Solution,Investigational Product,Various Solution,2025-10-06 17:31:47.112774,OP71,OP92,PCN-40270,PK-570735,State,US01,East Amberfurt Plant,470454497,Recipe 27,Art,News,CT-8970-PLO,CT-8970-PLO,Skin Trial,V7821832,Yes
0559EAA9-2EA,MAT-22108,LOT-34198332,54,LOT-34166590,In Progress,LY7054835,MRP-102,G1 Clinical,MAT-22108,Win Injection,Comparator,Win Injection,2025-09-14 08:36:59.896001,OP15,OP13,PCN-90501,PK-210748,Speak,US01,Martinfort Plant,358800600,Recipe 21,Cost,Sister,CT-6910-RDE,CT-6910-RDE,Shake Study,V7157297,No
AAD7229E-CD6,MAT-47254,LOT-94846184,212,LOT-83111741,Created,LY2647164,MRP-136,G1 Clinical,MAT-47254,Article Tablet,Comparator,Article Tablet,2025-08-31 15:35:14.798971,OP61,OP53,PCN-11612,PK-841346,New,EU02,Taylorview Plant,361699615,Recipe 48,Seek,Whatever,CT-8742-ECD,CT-8742-ECD,Compare Study,V2611098,Yes
7ECBBF33-951,MAT-54383,LOT-27778437,98,LOT-27778437,Closed,LY2901726,MRP-108,G2 Commercial,MAT-54383,Agency Injection,Comparator,Agency Injection,2025-11-07 10:01:02.967384,OP81,OP49,PCN-71230,PK-602300,Quality,LAT04,East Brandihaven Plant,750332405,Recipe 32,Treatment,Improve,CT-3636-AVP,CT-3636-AVP,Wear Program,V7414834,No
F892BADA-B88,MAT-75647,LOT-11280930,177,LOT-28144033,In Progress,LY5808459,MRP-124,G3 Pilot,MAT-75647,Member Solution,Ancillary Supply,Member Solution,2025-10-22 15:00:29.968179,OP56,OP32,PCN-39621,PK-211332,Add,AP03,New Anthonyside Plant,456385456,Recipe 26,Say,Level,CT-6551-IBW,CT-6551-IBW,Camera Trial,V9686122,Yes
216A0628-CE4,MAT-74459,LOT-49095565,268,LOT-49095565,Closed,LY3180391,MRP-114,G1 Clinical,MAT-74459,Memory Solution,Investigational Product,Memory Solution,2025-09-24 05:24:34.736867,OP36,OP79,PCN-41509,PK-517092,Realize,AP03,South Toddland Plant,785917453,Recipe 25,Debate,However,CT-8015-GMQ,CT-8015-GMQ,Past Trial,V5206699,Yes
661396B5-BE2,MAT-22152,LOT-59019698,269,LOT-36766763,Released,LY4803523,MRP-129,G3 Pilot,MAT-22152,Culture Solution,Ancillary Supply,Culture Solution,2025-08-30 19:27:39.597818,OP49,OP94,PCN-86064,PK-488643,Question,LAT04,Jillburgh Plant,313789143,Recipe 39,Lead,Modern,CT-3472-PNG,CT-3472-PNG,Put Trial,V7175238,No
C1EDEFA4-014,MAT-54383,LOT-89567405,237,LOT-86551756,Completed,LY7566100,MRP-108,G2 Commercial,MAT-54383,Agency Injection,Comparator,Agency Injection,2025-10-31 18:15:51.754514,OP77,OP31,PCN-20493,PK-142855,Us,AP03,Zacharyfort Plant,187364187,Recipe 37,Talk,Everything,CT-3636-AVP,CT-3636-AVP,Wear Program,V9516734,Yes
6779AAB3-F3B,MAT-39627,LOT-27607761,149,LOT-35809899,Released,LY8838172,MRP-123,G1 Clinical,MAT-39627,Fund Tablet,Comparator,Fund Tablet,2025-08-26 12:20:08.984432,OP85,OP25,PCN-82396,PK-822634,Set,US01,North Brianton Plant,963958844,Recipe 50,Tree,Check,CT-5014-EEP,CT-5014-EEP,Attorney Study,V3622657,Yes
C39FF96A-D71,MAT-53554,LOT-27803441,182,LOT-27803441,Released,LY6383499,MRP-103,G2 Commercial,MAT-53554,They Capsule,Ancillary Supply,They Capsule,2025-09-08 08:35:30.661314,OP54,OP71,PCN-45371,PK-874192,Rather,US01,Normanland Plant,931123681,Recipe 15,Once,Door,CT-5014-EEP,CT-5014-EEP,Attorney Study,V5036210,Yes
23447E8F-F1B,MAT-75647,LOT-28144033,133,LOT-11280930,Created,LY8801578,MRP-124,G3 Pilot,MAT-75647,Member Solution,Ancillary Supply,Member Solution,2025-08-22 10:54:05.516169,OP43,OP64,PCN-98366,PK-766367,Memory,EU02,West Brittanyberg Plant,388416925,Recipe 12,Require,Own,CT-6551-IBW,CT-6551-IBW,Camera Trial,V8966964,No
D620F7F5-660,MAT-49508,LOT-28252003,263,LOT-28252003,Created,LY2227328,MRP-116,G1 Clinical,MAT-49508,Able Patch,Ancillary Supply,Able Patch,2025-10-18 19:16:58.004066,OP51,OP81,PCN-27477,PK-374609,Hear,AP03,Sarahmouth Plant,247230096,Recipe 13,Road,Against,CT-6592-IDY,CT-6592-IDY,Pay Study,V8180335,No
9D1D8DAF-160,MAT-79992,LOT-71401478,168,LOT-89806740,In Progress,LY5543216,MRP-115,G3 Pilot,MAT-79992,Anyone Tablet,Ancillary Supply,Anyone Tablet,2025-11-02 05:10:54.703671,OP33,OP91,PCN-16924,PK-717176,Learn,US01,New Jennyside Plant,736474474,Recipe 4,Another,Raise,CT-6551-IBW,CT-6551-IBW,Camera Trial,V7885963,No
CCD65B39-FFB,MAT-58266,LOT-38707248,36,LOT-38707248,Created,LY3569832,MRP-114,G1 Clinical,MAT-58266,Tree Injection,Ancillary Supply,Tree Injection,2025-09-23 13:13:05.751121,OP41,OP77,PCN-29609,PK-380939,Together,LAT04,New Ashley Plant,527986593,Recipe 42,Action,Rest,CT-3228-ZKT,CT-3228-ZKT,Both Program,V6025446,No
D9F20807-A58,MAT-78401,LOT-44491067,110,LOT-46656333,Created,LY5373779,MRP-103,G2 Commercial,MAT-78401,Expect Tablet,Ancillary Supply,Expect Tablet,2025-08-19 14:33:42.369989,OP34,OP74,PCN-55419,PK-890904,Measure,US01,Lake Brandyview Plant,651366908,Recipe 37,Quality,New,CT-1696-SCY,CT-1696-SCY,Miss Trial,V2917425,No
053A9347-DD8,MAT-46171,LOT-41301239,114,LOT-41301239,Completed,LY3350586,MRP-136,G1 Clinical,MAT-46171,Though Solution,Ancillary Supply,Though Solution,2025-09-12 11:12:36.452725,OP54,OP35,PCN-19081,PK-590740,Most,AP03,Patrickton Plant,305879696,Recipe 7,Course,Trip,CT-3636-AVP,CT-3636-AVP,Wear Program,V7341061,Yes
33A5606D-712,MAT-22108,LOT-34166590,254,LOT-34198332,Released,LY5659407,MRP-102,G3 Pilot,MAT-22108,Win Injection,Comparator,Win Injection,2025-08-24 00:27:22.909833,OP48,OP37,PCN-27271,PK-961150,Morning,LAT04,North Crystal Plant,333305152,Recipe 46,Just,Middle,CT-6910-RDE,CT-6910-RDE,Shake Study,V7715924,Yes
EC2064DF-354,MAT-22610,LOT-73505709,230,LOT-83383410,Released,LY5403222,MRP-108,G2 Commercial,MAT-22610,Us Solution,Ancillary Supply,Us Solution,2025-08-29 14:53:22.056828,OP97,OP99,PCN-22279,PK-685155,Live,US01,Hortonbury Plant,131891704,Recipe 6,Edge,Assume,CT-9771-CZL,CT-9771-CZL,Job Trial,V1756327,No
C061C212-E16,MAT-73628,LOT-32873081,291,LOT-32873081,In Progress,LY9938067,MRP-138,G1 Clinical,MAT-73628,Health Solution,Ancillary Supply,Health Solution,2025-09-12 07:53:52.519817,OP20,OP14,PCN-23767,PK-382667,Alone,AP03,Robertfort Plant,795856159,Recipe 40,Who,Skin,CT-3230-HFO,CT-3230-HFO,Talk Trial,V6512636,Yes
333F654A-085,MAT-59372,LOT-31152831,45,LOT-31152831,Closed,LY4436905,MRP-126,G1 Clinical,MAT-59372,Issue Patch,Ancillary Supply,Issue Patch,2025-10-02 13:36:11.090139,OP63,OP17,PCN-90943,PK-672778,Property,LAT04,Whiteshire Plant,363172406,Recipe 46,Kitchen,Continue,CT-7487-KNX,CT-7487-KNX,Recent Trial,V5455981,Yes
91976714-574,MAT-22108,LOT-34198332,235,LOT-34198332,Created,LY3145764,MRP-102,G3 Pilot,MAT-22108,Win Injection,Comparator,Win Injection,2025-09-20 03:49:01.708152,OP67,OP36,PCN-77449,PK-469808,Always,US01,Smithtown Plant,981261598,Recipe 8,Myself,Notice,CT-6910-RDE,CT-6910-RDE,Shake Study,V2891839,No
43A721B6-D4D,MAT-66331,LOT-60549611,248,LOT-60549611,Released,LY5726068,MRP-111,G2 Commercial,MAT-66331,Step Solution,Investigational Product,Step Solution,2025-10-17 18:24:59.093915,OP42,OP36,PCN-84367,PK-281552,Instead,AP03,Torresmouth Plant,383174574,Recipe 39,Receive,Company,CT-8872-GKR,CT-8872-GKR,Reality Program,V7964570,No
CDED8377-18B,MAT-45907,LOT-88008746,186,LOT-14377768,In Progress,LY4064120,MRP-115,G2 Commercial,MAT-45907,Speech Patch,Ancillary Supply,Speech Patch,2025-08-30 11:54:17.948236,OP82,OP97,PCN-56456,PK-507111,Up,EU02,Lake Carlburgh Plant,128022978,Recipe 31,Require,Professor,CT-3472-PNG,CT-3472-PNG,Put Trial,V1884782,Yes
E1DECF3D-AD6,MAT-18458,LOT-17450919,202,LOT-17450919,Closed,LY9722544,MRP-102,G1 Clinical,MAT-18458,Reason Tablet,Ancillary Supply,Reason Tablet,2025-10-26 20:05:54.070694,OP68,OP31,PCN-67012,PK-418983,Forget,EU02,Port Craig Plant,481586999,Recipe 5,Marriage,Couple,CT-7487-KNX,CT-7487-KNX,Recent Trial,V9997404,Yes
F5EA0FB0-86D,MAT-73628,LOT-32873081,148,LOT-32873081,Closed,LY9522592,MRP-138,G3 Pilot,MAT-73628,Health Solution,Ancillary Supply,Health Solution,2025-10-21 01:18:40.031120,OP90,OP35,PCN-40542,PK-676504,Song,US01,Anthonymouth Plant,483088589,Recipe 2,City,Big,CT-3230-HFO,CT-3230-HFO,Talk Trial,V4283612,No
A66ABC3D-ED8,MAT-49651,LOT-18410275,172,LOT-46257312,In Progress,LY7322964,MRP-112,G1 Clinical,MAT-49651,High Injection,Investigational Product,High Injection,2025-10-19 18:09:31.950391,OP29,OP57,PCN-88678,PK-567516,Around,AP03,Calhounbury Plant,754369390,Recipe 3,Laugh,Opportunity,CT-9831-IEW,CT-9831-IEW,Myself Program,V3389912,Yes
95696318-323,MAT-61362,LOT-82054650,123,LOT-63418468,Created,LY4075779,MRP-134,G3 Pilot,MAT-61362,Better Tablet,Ancillary Supply,Better Tablet,2025-10-28 14:35:33.088179,OP51,OP17,PCN-80520,PK-639660,Amount,LAT04,Vegaburgh Plant,349326008,Recipe 7,Share,Company,CT-3228-ZKT,CT-3228-ZKT,Both Program,V8316628,No
A7AEB7DC-2CF,MAT-53554,LOT-27803441,208,LOT-29384973,In Progress,LY8960368,MRP-103,G2 Commercial,MAT-53554,They Capsule,Ancillary Supply,They Capsule,2025-08-27 21:52:37.524555,OP65,OP35,PCN-79677,PK-167177,Fact,LAT04,Lake Craig Plant,511851754,Recipe 26,Point,Take,CT-5014-EEP,CT-5014-EEP,Attorney Study,V9053021,No
D4D67F91-29D,MAT-16078,LOT-82476241,98,LOT-82476241,Released,LY7996053,MRP-139,G3 Pilot,MAT-16078,Stock Patch,Comparator,Stock Patch,2025-08-23 08:16:47.309270,OP98,OP90,PCN-79505,PK-289408,Feeling,LAT04,East Melissa Plant,633637288,Recipe 47,Drive,Democrat,CT-9831-IEW,CT-9831-IEW,Myself Program,V1656619,No
06816510-E5D,MAT-84265,LOT-43759862,98,LOT-43759862,Closed,LY1266319,MRP-137,G1 Clinical,MAT-84265,Help Solution,Ancillary Supply,Help Solution,2025-09-28 16:19:32.808831,OP67,OP69,PCN-98594,PK-848976,Represent,AP03,South Chelsea Plant,918858163,Recipe 43,Participant,No,CT-8970-PLO,CT-8970-PLO,Skin Trial,V6530353,Yes
1466B603-499,MAT-91309,LOT-92879466,229,LOT-23670572,Released,LY6470950,MRP-118,G2 Commercial,MAT-91309,Simply Injection,Comparator,Simply Injection,2025-08-19 04:21:56.986835,OP51,OP76,PCN-62138,PK-120333,Leg,LAT04,Cruzland Plant,543779363,Recipe 37,Piece,Probably,CT-8015-GMQ,CT-8015-GMQ,Past Trial,V6872142,No
092A544D-1B7,MAT-98864,LOT-27880910,282,LOT-37532398,Completed,LY3568692,MRP-119,G2 Commercial,MAT-98864,Positive Injection,Ancillary Supply,Positive Injection,2025-10-25 07:26:30.501419,OP20,OP96,PCN-16741,PK-861810,Fire,US01,East Joshua Plant,825433373,Recipe 50,Mrs,City,CT-9781-BYC,CT-9781-BYC,None Trial,V6309782,No
D991D9F7-CFE,MAT-56157,LOT-25529234,206,LOT-70758392,Released,LY4411735,MRP-116,G1 Clinical,MAT-56157,Contain Solution,Comparator,Contain Solution,2025-09-29 19:16:21.985813,OP32,OP18,PCN-49414,PK-539844,Policy,EU02,Michelleberg Plant,964980314,Recipe 46,Matter,Travel,CT-7487-KNX,CT-7487-KNX,Recent Trial,V5078112,No
79E2FD5B-55E,MAT-47140,LOT-71950782,37,LOT-97576608,Created,LY6280746,MRP-111,G1 Clinical,MAT-47140,Side Capsule,Comparator,Side Capsule,2025-09-01 12:04:40.401884,OP91,OP40,PCN-35393,PK-909738,Move,US01,West Johnborough Plant,596987491,Recipe 6,Ball,Second,CT-8742-ECD,CT-8742-ECD,Compare Study,V8632628,Yes
B8C67610-950,MAT-22610,LOT-16473868,259,LOT-83383410,Released,LY1165054,MRP-108,G3 Pilot,MAT-22610,Us Solution,Ancillary Supply,Us Solution,2025-09-25 20:02:03.664007,OP47,OP77,PCN-65189,PK-298291,Paper,AP03,North Jack Plant,594672934,Recipe 45,Ground,Approach,CT-9771-CZL,CT-9771-CZL,Job Trial,V5669218,No
9E01693A-016,MAT-84153,LOT-89268420,250,LOT-89268420,Completed,LY5098310,MRP-118,G2 Commercial,MAT-84153,Floor Patch,Comparator,Floor Patch,2025-11-13 09:07:47.540110,OP48,OP44,PCN-51373,PK-199136,If,EU02,Brownton Plant,553917782,Recipe 48,List,Stuff,CT-3472-PNG,CT-3472-PNG,Put Trial,V9861817,No
6C1C5C9C-E11,MAT-81584,LOT-26730959,21,LOT-26730959,Closed,LY9431912,MRP-136,G2 Commercial,MAT-81584,Set Solution,Comparator,Set Solution,2025-11-03 09:01:29.640522,OP26,OP66,PCN-84777,PK-248971,Decision,LAT04,East Carrieview Plant,537002159,Recipe 49,Attorney,World,CT-5806-JWO,CT-5806-JWO,Improve Trial,V1448002,Yes
43F442CA-654,MAT-59372,LOT-99304671,291,LOT-31152831,Closed,LY7811742,MRP-126,G3 Pilot,MAT-59372,Issue Patch,Ancillary Supply,Issue Patch,2025-09-26 21:05:10.267038,OP98,OP73,PCN-70645,PK-639310,House,EU02,Port Stacey Plant,320128113,Recipe 3,Rock,Much,CT-7487-KNX,CT-7487-KNX,Recent Trial,V3834160,No
19165D8C-A56,MAT-81584,LOT-89350866,119,LOT-26730959,Created,LY4694640,MRP-136,G3 Pilot,MAT-81584,Set Solution,Comparator,Set Solution,2025-10-15 23:48:12.259227,OP46,OP51,PCN-61721,PK-532779,Southern,EU02,Hernandezville Plant,409794245,Recipe 48,Thing,Scene,CT-5806-JWO,CT-5806-JWO,Improve Trial,V4307642,No
84747643-3B7,MAT-39627,LOT-35809899,27,LOT-35809899,Created,LY4840901,MRP-123,G3 Pilot,MAT-39627,Fund Tablet,Comparator,Fund Tablet,2025-10-01 13:33:42.901217,OP96,OP76,PCN-62087,PK-941021,Water,LAT04,Smithview Plant,632932445,Recipe 11,Four,Sit,CT-5014-EEP,CT-5014-EEP,Attorney Study,V4649877,No
1237E7EE-E08,MAT-53554,LOT-29384973,30,LOT-27803441,Created,LY2810416,MRP-103,G1 Clinical,MAT-53554,They Capsule,Ancillary Supply,They Capsule,2025-10-10 00:01:42.193347,OP65,OP83,PCN-83052,PK-171063,Miss,LAT04,Allisonview Plant,774891165,Recipe 15,Collection,Note,CT-5014-EEP,CT-5014-EEP,Attorney Study,V2268856,Yes
423FCCAC-9C3,MAT-40706,LOT-62442527,38,LOT-62442527,Released,LY7022547,MRP-103,G1 Clinical,MAT-40706,Keep Capsule,Investigational Product,Keep Capsule,2025-09-08 01:13:25.716025,OP71,OP52,PCN-32514,PK-229940,Hear,US01,Smithside Plant,174436379,Recipe 15,Recent,Long,CT-3395-UCM,CT-3395-UCM,Majority Trial,V6314632,No
9313CC9E-3F2,MAT-47986,LOT-12068529,61,LOT-12068529,Closed,LY6049848,MRP-130,G2 Commercial,MAT-47986,Experience Tablet,Investigational Product,Experience Tablet,2025-11-05 16:47:38.775984,OP19,OP34,PCN-18759,PK-875649,Career,AP03,Davidsonside Plant,921106076,Recipe 12,Look,Near,CT-4229-AWU,CT-4229-AWU,Front Study,V1675553,No
6EDC0958-393,MAT-18097,LOT-70117079,189,LOT-66613397,Released,LY7487286,MRP-114,G3 Pilot,MAT-18097,Enter Capsule,Investigational Product,Enter Capsule,2025-11-08 03:42:01.624942,OP47,OP54,PCN-76808,PK-999798,Mind,AP03,Ramireztown Plant,889357079,Recipe 43,Future,Every,CT-7047-GQC,CT-7047-GQC,Season Trial,V8561939,No
3927BB78-AC5,MAT-49508,LOT-66123852,233,LOT-69596629,In Progress,LY9819439,MRP-116,G2 Commercial,MAT-49508,Able Patch,Ancillary Supply,Able Patch,2025-10-01 06:53:55.835608,OP40,OP49,PCN-62608,PK-808659,Wish,AP03,North Duane Plant,104393811,Recipe 14,Everyone,Suffer,CT-6592-IDY,CT-6592-IDY,Pay Study,V3155750,No
71D8D50F-7AE,MAT-33775,LOT-99664516,195,LOT-26376337,Closed,LY1546492,MRP-113,G1 Clinical,MAT-33775,Something Patch,Ancillary Supply,Something Patch,2025-09-29 06:22:22.435809,OP94,OP41,PCN-26037,PK-114923,Executive,AP03,Racheltown Plant,257480426,Recipe 28,Agreement,Light,CT-9831-IEW,CT-9831-IEW,Myself Program,V4455336,No
16279966-43F,MAT-54713,LOT-65730343,154,LOT-58463446,Completed,LY4886175,MRP-134,G3 Pilot,MAT-54713,Free Solution,Ancillary Supply,Free Solution,2025-08-19 03:34:33.075113,OP76,OP71,PCN-37283,PK-289316,Agent,US01,Simpsonview Plant,612593786,Recipe 25,Ever,Mean,CT-3230-HFO,CT-3230-HFO,Talk Trial,V6657318,Yes
3B0FDA9F-884,MAT-16078,LOT-57874485,253,LOT-82476241,In Progress,LY1978128,MRP-139,G1 Clinical,MAT-16078,Stock Patch,Comparator,Stock Patch,2025-09-10 03:40:45.508128,OP60,OP98,PCN-21630,PK-811715,Play,LAT04,Lake Georgeville Plant,893861153,Recipe 19,Plant,See,CT-9831-IEW,CT-9831-IEW,Myself Program,V3222102,Yes
A7510327-2D1,MAT-54383,LOT-89567405,168,LOT-27778437,Created,LY6174712,MRP-108,G1 Clinical,MAT-54383,Agency Injection,Comparator,Agency Injection,2025-09-17 16:47:46.502795,OP93,OP65,PCN-71729,PK-593057,Way,EU02,New Jeffrey Plant,313647730,Recipe 5,Really,Simply,CT-3636-AVP,CT-3636-AVP,Wear Program,V2135976,No
CE77A960-CDA,MAT-58634,LOT-61967620,283,LOT-73100049,Completed,LY2446003,MRP-109,G2 Commercial,MAT-58634,Impact Patch,Ancillary Supply,Impact Patch,2025-09-27 17:15:11.697805,OP40,OP90,PCN-58787,PK-460237,Several,EU02,West Alice Plant,344378004,Recipe 14,Friend,Agent,CT-7047-GQC,CT-7047-GQC,Season Trial,V5558450,Yes
13D23ECC-032,MAT-22354,LOT-85774109,258,LOT-85774109,Closed,LY8215858,MRP-135,G1 Clinical,MAT-22354,Light Tablet,Investigational Product,Light Tablet,2025-10-03 13:52:58.620392,OP78,OP72,PCN-34978,PK-701225,Investment,US01,Brockshire Plant,914874285,Recipe 42,Social,Year,CT-4229-AWU,CT-4229-AWU,Front Study,V8271150,Yes
DB096D51-BDC,MAT-30703,LOT-98018080,216,LOT-63567190,Closed,LY9051758,MRP-124,G3 Pilot,MAT-30703,Cold Injection,Investigational Product,Cold Injection,2025-09-17 07:29:51.959294,OP17,OP72,PCN-15255,PK-884184,Can,EU02,Lauraville Plant,641714212,Recipe 3,Politics,Agreement,CT-3228-ZKT,CT-3228-ZKT,Both Program,V7008908,No
5B47E6AA-FAF,MAT-53554,LOT-27803441,220,LOT-27803441,Created,LY9074621,MRP-103,G2 Commercial,MAT-53554,They Capsule,Ancillary Supply,They Capsule,2025-11-07 05:55:59.915181,OP48,OP13,PCN-51752,PK-203012,Near,LAT04,South Jessicaville Plant,942251959,Recipe 33,Of,Window,CT-5014-EEP,CT-5014-EEP,Attorney Study,V2255999,No
ECA8CBD1-E04,MAT-79992,LOT-71401478,299,LOT-34574127,In Progress,LY1141666,MRP-115,G3 Pilot,MAT-79992,Anyone Tablet,Ancillary Supply,Anyone Tablet,2025-08-17 00:55:02.390734,OP96,OP25,PCN-48504,PK-970392,Than,LAT04,Robinland Plant,858097675,Recipe 10,Factor,Maintain,CT-6551-IBW,CT-6551-IBW,Camera Trial,V8286691,Yes
D5E639AD-82A,MAT-59372,LOT-31152831,251,LOT-31152831,Released,LY4980581,MRP-126,G1 Clinical,MAT-59372,Issue Patch,Ancillary Supply,Issue Patch,2025-10-18 03:14:54.183731,OP44,OP93,PCN-96082,PK-841195,Away,AP03,Bensonton Plant,524224433,Recipe 3,Social,Much,CT-7487-KNX,CT-7487-KNX,Recent Trial,V7739201,Yes
7C05434F-BD5,MAT-97442,LOT-75185716,78,LOT-75185716,In Progress,LY8562346,MRP-101,G1 Clinical,MAT-97442,Common Patch,Comparator,Common Patch,2025-08-27 12:06:48.344827,OP28,OP18,PCN-62429,PK-868565,Main,US01,Larrychester Plant,239065478,Recipe 18,Impact,Rise,CT-2004-PSX,CT-2004-PSX,Home Trial,V6602638,No
75038E9B-BA2,MAT-40706,LOT-30151730,90,LOT-30151730,Completed,LY9633578,MRP-103,G3 Pilot,MAT-40706,Keep Capsule,Investigational Product,Keep Capsule,2025-08-19 01:19:55.578997,OP62,OP80,PCN-24762,PK-119846,Just,LAT04,South Michael Plant,629333762,Recipe 7,One,Play,CT-3395-UCM,CT-3395-UCM,Majority Trial,V5741833,No
60F22C34-AA2,MAT-39627,LOT-35809899,197,LOT-35809899,In Progress,LY9613831,MRP-123,G2 Commercial,MAT-39627,Fund Tablet,Comparator,Fund Tablet,2025-09-21 15:58:08.384425,OP81,OP47,PCN-16004,PK-142331,Sure,US01,Lake Jacqueline Plant,808155106,Recipe 24,Paper,Detail,CT-5014-EEP,CT-5014-EEP,Attorney Study,V7663640,No
44597FDE-ED2,MAT-32011,LOT-39007987,104,LOT-39555641,Completed,LY4712347,MRP-134,G3 Pilot,MAT-32011,Offer Tablet,Comparator,Offer Tablet,2025-10-23 04:58:54.061044,OP96,OP43,PCN-86665,PK-145901,Opportunity,EU02,North Patrickberg Plant,474080262,Recipe 42,Level,Performance,CT-2004-PSX,CT-2004-PSX,Home Trial,V8852948,Yes
9853B6AB-C01,MAT-86168,LOT-17958339,270,LOT-70811881,Released,LY1756545,MRP-119,G2 Commercial,MAT-86168,Run Solution,Investigational Product,Run Solution,2025-10-16 18:05:49.327654,OP30,OP62,PCN-49080,PK-585855,Dark,AP03,Garrettfort Plant,511709271,Recipe 34,Reflect,Western,CT-6109-EDZ,CT-6109-EDZ,City Program,V9165628,Yes
2D1D3AF0-A99,MAT-74459,LOT-21570201,269,LOT-21570201,Released,LY1766747,MRP-114,G3 Pilot,MAT-74459,Memory Solution,Investigational Product,Memory Solution,2025-08-24 18:36:08.297822,OP21,OP14,PCN-54722,PK-191387,Reality,US01,Port Desireebury Plant,206335557,Recipe 49,Another,Add,CT-8015-GMQ,CT-8015-GMQ,Past Trial,V1420561,Yes
19B119B0-986,MAT-60599,LOT-32180264,111,LOT-32180264,In Progress,LY3129519,MRP-113,G2 Commercial,MAT-60599,Traditional Patch,Ancillary Supply,Traditional Patch,2025-08-22 06:00:01.731534,OP90,OP93,PCN-46623,PK-107793,Run,AP03,Lehaven Plant,167705709,Recipe 24,Himself,Heavy,CT-2004-PSX,CT-2004-PSX,Home Trial,V9856715,No
8733D49D-751,MAT-98864,LOT-27880910,88,LOT-27880910,Completed,LY6587180,MRP-119,G1 Clinical,MAT-98864,Positive Injection,Ancillary Supply,Positive Injection,2025-10-20 09:14:46.654322,OP93,OP30,PCN-30429,PK-944919,Collection,AP03,Port Jessica Plant,837214916,Recipe 7,Continue,How,CT-9781-BYC,CT-9781-BYC,None Trial,V7247426,Yes
DC77B20F-464,MAT-86168,LOT-70811881,135,LOT-49441641,Created,LY3324158,MRP-119,G1 Clinical,MAT-86168,Run Solution,Investigational Product,Run Solution,2025-10-05 10:50:50.469421,OP46,OP33,PCN-27466,PK-321347,Various,EU02,Bryanhaven Plant,375092987,Recipe 29,Commercial,More,CT-6109-EDZ,CT-6109-EDZ,City Program,V4971403,No
7BB74C9C-D85,MAT-34899,LOT-13344610,40,LOT-10817867,Released,LY5893877,MRP-107,G1 Clinical,MAT-34899,Continue Capsule,Investigational Product,Continue Capsule,2025-09-17 04:43:45.150379,OP82,OP10,PCN-58801,PK-221606,Task,EU02,South Victoria Plant,432128740,Recipe 25,Above,Person,CT-3395-UCM,CT-3395-UCM,Majority Trial,V1311477,Yes
3FCA798E-FD6,MAT-98864,LOT-76547161,50,LOT-27880910,Released,LY3891252,MRP-119,G1 Clinical,MAT-98864,Positive Injection,Ancillary Supply,Positive Injection,2025-09-19 20:14:12.601584,OP39,OP91,PCN-92746,PK-802468,Number,AP03,North Anthonychester Plant,228991454,Recipe 1,Give,Vote,CT-9781-BYC,CT-9781-BYC,None Trial,V4618464,No
B83CFAB5-B68,MAT-78401,LOT-46656333,260,LOT-46656333,Closed,LY9910609,MRP-103,G2 Commercial,MAT-78401,Expect Tablet,Ancillary Supply,Expect Tablet,2025-08-16 01:58:00.269395,OP71,OP60,PCN-86774,PK-254841,Home,LAT04,Lake Jamesfort Plant,368371569,Recipe 9,Yet,Kitchen,CT-1696-SCY,CT-1696-SCY,Miss Trial,V7858126,No
6BF20FDB-A43,MAT-23246,LOT-74130481,66,LOT-51166600,Closed,LY7053221,MRP-119,G1 Clinical,MAT-23246,Type Injection,Comparator,Type Injection,2025-10-22 20:23:00.842820,OP14,OP65,PCN-98638,PK-175275,Simply,LAT04,Pollardfort Plant,865820706,Recipe 15,Leader,Or,CT-8872-GKR,CT-8872-GKR,Reality Program,V6135666,No
835C170B-558,MAT-47140,LOT-77179223,175,LOT-99482219,Closed,LY6789062,MRP-111,G1 Clinical,MAT-47140,Side Capsule,Comparator,Side Capsule,2025-08-23 18:55:38.972565,OP74,OP44,PCN-16746,PK-858322,Cut,AP03,Davisfort Plant,177525818,Recipe 17,Station,Garden,CT-8742-ECD,CT-8742-ECD,Compare Study,V2033973,No
88D93C9A-BB6,MAT-86168,LOT-31019227,142,LOT-31019227,In Progress,LY4475311,MRP-119,G1 Clinical,MAT-86168,Run Solution,Investigational Product,Run Solution,2025-08-20 14:06:12.438471,OP44,OP12,PCN-35973,PK-655839,Parent,EU02,Robertberg Plant,289597230,Recipe 9,Pay,Little,CT-6109-EDZ,CT-6109-EDZ,City Program,V2966109,No
81962565-3BA,MAT-91309,LOT-92879466,169,LOT-23670572,Completed,LY6920524,MRP-118,G2 Commercial,MAT-91309,Simply Injection,Comparator,Simply Injection,2025-08-16 20:26:39.274713,OP43,OP69,PCN-67478,PK-961571,Should,EU02,Delgadochester Plant,147266948,Recipe 20,Fund,Imagine,CT-8015-GMQ,CT-8015-GMQ,Past Trial,V1361098,No
84171620-97D,MAT-45907,LOT-22463904,25,LOT-14377768,Created,LY2319316,MRP-115,G2 Commercial,MAT-45907,Speech Patch,Ancillary Supply,Speech Patch,2025-10-16 06:09:54.751479,OP20,OP61,PCN-23040,PK-742572,Guy,LAT04,Avilabury Plant,242778826,Recipe 7,Very,What,CT-3472-PNG,CT-3472-PNG,Put Trial,V1556812,Yes
276063F6-554,MAT-47986,LOT-13988492,15,LOT-12068529,Released,LY8767494,MRP-130,G1 Clinical,MAT-47986,Experience Tablet,Investigational Product,Experience Tablet,2025-08-24 07:34:44.975037,OP29,OP84,PCN-23542,PK-301220,Service,EU02,Crawfordtown Plant,732372700,Recipe 39,Ok,Account,CT-4229-AWU,CT-4229-AWU,Front Study,V1492490,No
4D00FA38-F44,MAT-37872,LOT-60968631,281,LOT-60968631,Created,LY7936516,MRP-110,G1 Clinical,MAT-37872,Effort Capsule,Comparator,Effort Capsule,2025-09-04 13:27:47.998916,OP44,OP94,PCN-98088,PK-310385,Radio,LAT04,Port Sarah Plant,231694776,Recipe 33,Throw,Environment,CT-1816-RCG,CT-1816-RCG,And Study,V4026499,Yes
B9D604CE-B27,MAT-58266,LOT-38707248,259,LOT-73483649,Closed,LY8808620,MRP-114,G1 Clinical,MAT-58266,Tree Injection,Ancillary Supply,Tree Injection,2025-09-08 22:10:33.671362,OP64,OP39,PCN-27772,PK-190282,Low,AP03,Garymouth Plant,620533169,Recipe 45,Respond,Car,CT-3228-ZKT,CT-3228-ZKT,Both Program,V7626599,No
88381E6F-DB8,MAT-46171,LOT-74019635,55,LOT-47865891,In Progress,LY1017307,MRP-136,G3 Pilot,MAT-46171,Though Solution,Ancillary Supply,Though Solution,2025-10-21 22:14:17.463318,OP59,OP22,PCN-85501,PK-171708,Fight,AP03,North Peggy Plant,639820602,Recipe 47,Similar,Technology,CT-3636-AVP,CT-3636-AVP,Wear Program,V7806349,Yes
F82FA87C-017,MAT-14115,LOT-48273549,189,LOT-65372587,Released,LY1419924,MRP-135,G3 Pilot,MAT-14115,Property Tablet,Comparator,Property Tablet,2025-09-22 13:57:00.562505,OP40,OP10,PCN-73545,PK-175436,Chance,US01,West Rebecca Plant,244486772,Recipe 14,Interesting,Cost,CT-1696-SCY,CT-1696-SCY,Miss Trial,V4616008,No
0B269C0B-68B,MAT-31615,LOT-96443919,226,LOT-91403277,Closed,LY7066982,MRP-122,G1 Clinical,MAT-31615,Trouble Capsule,Comparator,Trouble Capsule,2025-11-10 17:38:30.779888,OP33,OP81,PCN-40197,PK-296540,Must,LAT04,Thomasview Plant,569527428,Recipe 48,Wish,Industry,CT-9781-BYC,CT-9781-BYC,None Trial,V2748790,No
53E512B4-F07,MAT-59372,LOT-31152831,52,LOT-31152831,Created,LY6437001,MRP-126,G1 Clinical,MAT-59372,Issue Patch,Ancillary Supply,Issue Patch,2025-09-10 18:21:53.091209,OP59,OP17,PCN-92717,PK-619478,Quickly,LAT04,Kristinaside Plant,543495198,Recipe 19,Best,People,CT-7487-KNX,CT-7487-KNX,Recent Trial,V9092728,Yes
21ED0BE4-ED0,MAT-68176,LOT-78676156,154,LOT-46366370,Completed,LY4596590,MRP-137,G2 Commercial,MAT-68176,Treat Tablet,Comparator,Treat Tablet,2025-08-24 18:56:04.230603,OP23,OP13,PCN-15123,PK-275256,Site,LAT04,New Heather Plant,785853699,Recipe 23,Company,Sense,CT-3230-HFO,CT-3230-HFO,Talk Trial,V6436274,No
C9553C30-3C9,MAT-58634,LOT-73100049,64,LOT-73100049,Released,LY8119063,MRP-109,G3 Pilot,MAT-58634,Impact Patch,Ancillary Supply,Impact Patch,2025-11-01 22:03:31.873419,OP87,OP88,PCN-76784,PK-748017,Conference,US01,East Jason Plant,275349406,Recipe 35,Federal,Manage,CT-7047-GQC,CT-7047-GQC,Season Trial,V9607472,Yes
C93ED8AD-5FB,MAT-22152,LOT-36766763,154,LOT-36766763,Closed,LY2709921,MRP-129,G3 Pilot,MAT-22152,Culture Solution,Ancillary Supply,Culture Solution,2025-11-12 21:57:45.803113,OP17,OP17,PCN-57117,PK-739233,Store,EU02,Bakerhaven Plant,170158895,Recipe 17,Hair,Ask,CT-3472-PNG,CT-3472-PNG,Put Trial,V3661823,Yes
56F016D1-42A,MAT-49651,LOT-70273170,220,LOT-70273170,Created,LY3284623,MRP-112,G1 Clinical,MAT-49651,High Injection,Investigational Product,High Injection,2025-09-05 10:55:48.303685,OP32,OP65,PCN-12504,PK-858518,Either,EU02,South Jacobberg Plant,867955358,Recipe 45,Standard,City,CT-9831-IEW,CT-9831-IEW,Myself Program,V9868452,Yes
DC6732A6-B32,MAT-82814,LOT-52789053,250,LOT-52789053,Created,LY4693293,MRP-110,G2 Commercial,MAT-82814,Reduce Solution,Investigational Product,Reduce Solution,2025-10-28 03:06:58.642443,OP16,OP26,PCN-63595,PK-456742,Present,US01,Bradville Plant,857538068,Recipe 35,Lawyer,Story,CT-3395-UCM,CT-3395-UCM,Majority Trial,V9072991,Yes
1C290466-294,MAT-55297,LOT-36343625,247,LOT-19895402,Released,LY4849628,MRP-134,G3 Pilot,MAT-55297,New Solution,Comparator,New Solution,2025-10-11 02:29:41.532017,OP42,OP57,PCN-32325,PK-375808,Simply,EU02,Lake Brittanymouth Plant,156879194,Recipe 48,Different,Keep,CT-1816-RCG,CT-1816-RCG,And Study,V5602160,Yes
302EBFD8-75D,MAT-37872,LOT-73297905,23,LOT-60968631,Created,LY7679936,MRP-110,G2 Commercial,MAT-37872,Effort Capsule,Comparator,Effort Capsule,2025-10-01 07:23:21.883660,OP54,OP27,PCN-81271,PK-659512,Management,EU02,Port Michelleview Plant,587103335,Recipe 17,Deal,Past,CT-1816-RCG,CT-1816-RCG,And Study,V4664193,No
137379DF-53E,MAT-66257,LOT-26012891,206,LOT-26012891,In Progress,LY4494972,MRP-133,G3 Pilot,MAT-66257,Hundred Solution,Comparator,Hundred Solution,2025-09-02 07:57:43.022206,OP83,OP64,PCN-50804,PK-905505,Coach,LAT04,Byrdfurt Plant,404005487,Recipe 35,Arm,Summer,CT-7484-BIH,CT-7484-BIH,Member Trial,V7034098,Yes
E70B0CD9-41B,MAT-78401,LOT-46656333,241,LOT-44491067,Completed,LY6881797,MRP-103,G2 Commercial,MAT-78401,Expect Tablet,Ancillary Supply,Expect Tablet,2025-10-25 20:16:52.053066,OP99,OP20,PCN-37774,PK-303807,Meeting,EU02,Martinezfort Plant,299345097,Recipe 44,Both,Everyone,CT-1696-SCY,CT-1696-SCY,Miss Trial,V6717375,Yes
C3C4CA8C-DA3,MAT-66257,LOT-26012891,270,LOT-16159838,Released,LY7011786,MRP-133,G1 Clinical,MAT-66257,Hundred Solution,Comparator,Hundred Solution,2025-08-23 08:24:28.863258,OP13,OP20,PCN-25574,PK-412934,Yes,LAT04,Petersonport Plant,232930703,Recipe 20,Speech,Writer,CT-7484-BIH,CT-7484-BIH,Member Trial,V4984347,No
7D85A9BB-51A,MAT-22610,LOT-16473868,173,LOT-16473868,Created,LY9607917,MRP-108,G3 Pilot,MAT-22610,Us Solution,Ancillary Supply,Us Solution,2025-09-08 07:03:57.507952,OP90,OP24,PCN-17294,PK-183146,Industry,EU02,New Jason Plant,641749452,Recipe 19,Never,Ever,CT-9771-CZL,CT-9771-CZL,Job Trial,V9329936,Yes
9F746DC7-45B,MAT-74459,LOT-49095565,161,LOT-21570201,Closed,LY9120952,MRP-114,G3 Pilot,MAT-74459,Memory Solution,Investigational Product,Memory Solution,2025-09-07 12:33:31.354776,OP91,OP99,PCN-51326,PK-599639,Town,US01,Dawnbury Plant,584696564,Recipe 2,Community,Level,CT-8015-GMQ,CT-8015-GMQ,Past Trial,V1974832,Yes
F07DEB5E-390,MAT-53554,LOT-29384973,51,LOT-29384973,Closed,LY1748950,MRP-103,G2 Commercial,MAT-53554,They Capsule,Ancillary Supply,They Capsule,2025-08-18 03:32:07.032391,OP90,OP42,PCN-75083,PK-531745,Soldier,AP03,Morganmouth Plant,155806769,Recipe 50,Power,Six,CT-5014-EEP,CT-5014-EEP,Attorney Study,V8204082,No
DA07F536-CAB,MAT-14115,LOT-65372587,77,LOT-48273549,Created,LY2553398,MRP-135,G1 Clinical,MAT-14115,Property Tablet,Comparator,Property Tablet,2025-09-12 17:09:10.709141,OP43,OP17,PCN-42912,PK-233525,True,LAT04,Karenport Plant,436249836,Recipe 12,Sound,Million,CT-1696-SCY,CT-1696-SCY,Miss Trial,V9478022,No
2F2C7D94-2CE,MAT-68176,LOT-46366370,15,LOT-28229614,Closed,LY7307240,MRP-137,G1 Clinical,MAT-68176,Treat Tablet,Comparator,Treat Tablet,2025-10-05 06:20:15.676394,OP29,OP84,PCN-86644,PK-186958,Least,EU02,New Kathrynhaven Plant,324580747,Recipe 16,Along,Plan,CT-3230-HFO,CT-3230-HFO,Talk Trial,V4005954,Yes
46866D25-F7F,MAT-32011,LOT-39007987,275,LOT-39555641,Completed,LY6360569,MRP-134,G2 Commercial,MAT-32011,Offer Tablet,Comparator,Offer Tablet,2025-08-20 23:07:24.950684,OP85,OP18,PCN-38837,PK-266396,Three,LAT04,Robertport Plant,421962974,Recipe 47,Open,Realize,CT-2004-PSX,CT-2004-PSX,Home Trial,V3260533,Yes
657B8A24-549,MAT-53554,LOT-29384973,229,LOT-29384973,Created,LY6525013,MRP-103,G1 Clinical,MAT-53554,They Capsule,Ancillary Supply,They Capsule,2025-10-10 11:49:19.100737,OP89,OP78,PCN-48578,PK-801369,Defense,EU02,New Dana Plant,867694524,Recipe 41,Pull,American,CT-5014-EEP,CT-5014-EEP,Attorney Study,V4015898,Yes
721F5CBB-8FF,MAT-82398,LOT-84562329,55,LOT-74101873,Released,LY6287627,MRP-137,G3 Pilot,MAT-82398,Range Solution,Investigational Product,Range Solution,2025-10-07 20:47:04.492787,OP47,OP70,PCN-36544,PK-572359,Early,US01,East Heather Plant,261929804,Recipe 41,Side,Operation,CT-8970-PLO,CT-8970-PLO,Skin Trial,V2621429,Yes
3C28F46E-D2C,MAT-30745,LOT-91082003,299,LOT-81143076,In Progress,LY5569335,MRP-133,G1 Clinical,MAT-30745,Indicate Patch,Comparator,Indicate Patch,2025-08-17 07:27:04.217202,OP50,OP96,PCN-27525,PK-253535,Fish,US01,Jenniferstad Plant,271348730,Recipe 42,Bed,Hit,CT-4229-AWU,CT-4229-AWU,Front Study,V4776992,No
B4AACE38-46A,MAT-39627,LOT-27607761,170,LOT-27607761,Created,LY5647977,MRP-123,G1 Clinical,MAT-39627,Fund Tablet,Comparator,Fund Tablet,2025-09-24 14:53:14.322217,OP12,OP49,PCN-95931,PK-627346,Determine,US01,South Katie Plant,467008628,Recipe 45,Measure,Young,CT-5014-EEP,CT-5014-EEP,Attorney Study,V8700255,No
40399FB4-B0C,MAT-18458,LOT-10801382,73,LOT-75893896,Closed,LY7985079,MRP-102,G3 Pilot,MAT-18458,Reason Tablet,Ancillary Supply,Reason Tablet,2025-09-11 10:05:57.963586,OP14,OP68,PCN-90928,PK-143854,Kitchen,LAT04,East Kimberly Plant,447646604,Recipe 13,Toward,Still,CT-7487-KNX,CT-7487-KNX,Recent Trial,V4150164,No
7B08EEA7-A6C,MAT-18409,LOT-57780542,237,LOT-24674076,Created,LY3268775,MRP-137,G1 Clinical,MAT-18409,Commercial Tablet,Investigational Product,Commercial Tablet,2025-11-02 14:57:13.726762,OP87,OP23,PCN-87199,PK-899936,Site,US01,Pierceland Plant,879858787,Recipe 37,Live,Not,CT-3228-ZKT,CT-3228-ZKT,Both Program,V9604993,No
7697D79B-3FA,MAT-47254,LOT-83111741,247,LOT-94846184,Created,LY2182431,MRP-136,G2 Commercial,MAT-47254,Article Tablet,Comparator,Article Tablet,2025-09-11 13:27:54.890033,OP10,OP56,PCN-31260,PK-247294,Risk,US01,Mitchellchester Plant,171525173,Recipe 49,Wide,Above,CT-8742-ECD,CT-8742-ECD,Compare Study,V6933394,Yes
30986C0B-785,MAT-93544,LOT-11996537,293,LOT-29648706,In Progress,LY7772095,MRP-123,G3 Pilot,MAT-93544,Player Solution,Investigational Product,Player Solution,2025-08-29 00:11:07.680888,OP91,OP63,PCN-98856,PK-961225,Usually,EU02,Sophiaton Plant,997653412,Recipe 5,Film,Fill,CT-9771-CZL,CT-9771-CZL,Job Trial,V8161337,Yes
E09D9D69-D6E,MAT-40089,LOT-19373416,51,LOT-66136964,Closed,LY6729853,MRP-126,G1 Clinical,MAT-40089,Pull Patch,Investigational Product,Pull Patch,2025-09-08 00:48:05.403145,OP67,OP10,PCN-56515,PK-300922,Article,EU02,North Mitchellhaven Plant,348553982,Recipe 6,Today,Protect,CT-4229-AWU,CT-4229-AWU,Front Study,V9902866,Yes
272CA541-8B2,MAT-15875,LOT-61778837,198,LOT-61778837,Completed,LY4413560,MRP-138,G1 Clinical,MAT-15875,Happy Solution,Ancillary Supply,Happy Solution,2025-11-04 19:29:42.602205,OP68,OP58,PCN-45810,PK-511788,Claim,AP03,Port Sherriville Plant,965293420,Recipe 16,Agree,Would,CT-8742-ECD,CT-8742-ECD,Compare Study,V8155513,Yes
0DB649CA-F40,MAT-55297,LOT-19895402,150,LOT-36343625,Created,LY7125702,MRP-134,G1 Clinical,MAT-55297,New Solution,Comparator,New Solution,2025-09-16 02:30:53.603090,OP39,OP86,PCN-75136,PK-936931,Article,US01,Leemouth Plant,500683852,Recipe 37,Teach,I,CT-1816-RCG,CT-1816-RCG,And Study,V4591426,Yes
E7347777-52D,MAT-37872,LOT-73297905,101,LOT-60968631,Completed,LY8821263,MRP-110,G2 Commercial,MAT-37872,Effort Capsule,Comparator,Effort Capsule,2025-09-26 23:18:41.260832,OP60,OP15,PCN-46462,PK-435142,Shoulder,US01,Henryton Plant,504413237,Recipe 38,Visit,Draw,CT-1816-RCG,CT-1816-RCG,And Study,V6620018,Yes
3FF3E6F8-274,MAT-16848,LOT-45571743,28,LOT-48781281,Released,LY2749997,MRP-106,G1 Clinical,MAT-16848,Blue Patch,Comparator,Blue Patch,2025-09-30 05:41:19.356936,OP58,OP39,PCN-53979,PK-261135,Enter,EU02,Hillchester Plant,685835701,Recipe 17,Peace,Room,CT-8742-ECD,CT-8742-ECD,Compare Study,V8514659,Yes
DC052809-D93,MAT-37872,LOT-60968631,213,LOT-73297905,In Progress,LY5132259,MRP-110,G2 Commercial,MAT-37872,Effort Capsule,Comparator,Effort Capsule,2025-09-06 12:23:50.767491,OP86,OP45,PCN-19953,PK-808266,Down,US01,South Tracy Plant,793283624,Recipe 27,Style,Accept,CT-1816-RCG,CT-1816-RCG,And Study,V3311564,Yes
26C6F3AA-518,MAT-37872,LOT-60968631,254,LOT-73297905,Released,LY7227146,MRP-110,G2 Commercial,MAT-37872,Effort Capsule,Comparator,Effort Capsule,2025-09-26 03:13:42.751085,OP46,OP11,PCN-76253,PK-837992,Recognize,US01,Ingramton Plant,907855596,Recipe 6,Meet,Over,CT-1816-RCG,CT-1816-RCG,And Study,V8574178,No
BEBE3F6F-617,MAT-42350,LOT-80893385,234,LOT-91428756,Closed,LY8189880,MRP-130,G2 Commercial,MAT-42350,Figure Capsule,Comparator,Figure Capsule,2025-10-07 01:39:47.860221,OP64,OP64,PCN-91858,PK-230272,Front,EU02,Maddenport Plant,505118294,Recipe 26,Drive,Personal,CT-5806-JWO,CT-5806-JWO,Improve Trial,V8470125,Yes
72B8F29D-C0E,MAT-17085,LOT-19994803,200,LOT-19994803,Completed,LY1277835,MRP-106,G3 Pilot,MAT-17085,Myself Capsule,Investigational Product,Myself Capsule,2025-10-15 11:16:04.610918,OP82,OP32,PCN-55036,PK-520507,By,LAT04,South Hannahmouth Plant,611730998,Recipe 21,Economic,Start,CT-6592-IDY,CT-6592-IDY,Pay Study,V5957364,No
4C575DF3-DBF,MAT-82814,LOT-52789053,11,LOT-16679340,Created,LY5472837,MRP-110,G2 Commercial,MAT-82814,Reduce Solution,Investigational Product,Reduce Solution,2025-11-10 13:16:15.351917,OP77,OP66,PCN-64367,PK-421643,Phone,LAT04,Lake Adamshire Plant,211142638,Recipe 30,Blue,Here,CT-3395-UCM,CT-3395-UCM,Majority Trial,V5665308,No
362FCDC7-090,MAT-98864,LOT-27880910,169,LOT-37532398,In Progress,LY9405979,MRP-119,G2 Commercial,MAT-98864,Positive Injection,Ancillary Supply,Positive Injection,2025-09-01 16:59:42.152542,OP87,OP57,PCN-63244,PK-289493,Prevent,LAT04,Michelleville Plant,872978593,Recipe 40,Though,Boy,CT-9781-BYC,CT-9781-BYC,None Trial,V1722011,No
D822806C-DEC,MAT-86168,LOT-49441641,113,LOT-70811881,In Progress,LY6157113,MRP-119,G2 Commercial,MAT-86168,Run Solution,Investigational Product,Run Solution,2025-09-13 12:13:09.250663,OP46,OP52,PCN-74748,PK-727125,Work,AP03,North Nancy Plant,892955113,Recipe 31,My,Born,CT-6109-EDZ,CT-6109-EDZ,City Program,V4832938,Yes
87528E6A-790,MAT-55297,LOT-19895402,88,LOT-19895402,Created,LY8416903,MRP-134,G1 Clinical,MAT-55297,New Solution,Comparator,New Solution,2025-09-24 12:21:31.198756,OP11,OP65,PCN-55762,PK-849384,Hope,US01,Gonzalesstad Plant,892166521,Recipe 8,Window,Crime,CT-1816-RCG,CT-1816-RCG,And Study,V6744865,Yes
FF0D6EB9-415,MAT-16627,LOT-17670878,13,LOT-72460791,Completed,LY5797773,MRP-125,G3 Pilot,MAT-16627,Receive Patch,Investigational Product,Receive Patch,2025-11-05 08:54:41.795272,OP29,OP62,PCN-15632,PK-993136,Campaign,US01,Port William Plant,608565168,Recipe 17,Decision,Computer,CT-9831-IEW,CT-9831-IEW,Myself Program,V6750142,Yes
CA6F43AD-A7B,MAT-49651,LOT-46257312,162,LOT-46257312,Completed,LY1579863,MRP-112,G1 Clinical,MAT-49651,High Injection,Investigational Product,High Injection,2025-10-28 05:02:17.885153,OP56,OP94,PCN-37570,PK-516815,Contain,LAT04,Danabury Plant,764197050,Recipe 19,Interview,Prevent,CT-9831-IEW,CT-9831-IEW,Myself Program,V4075535,Yes
215887CE-296,MAT-54713,LOT-65730343,40,LOT-65730343,Released,LY1798963,MRP-134,G1 Clinical,MAT-54713,Free Solution,Ancillary Supply,Free Solution,2025-08-25 03:22:25.553751,OP12,OP70,PCN-39613,PK-364258,Open,LAT04,North Cassidyfurt Plant,496601699,Recipe 6,Of,Doctor,CT-3230-HFO,CT-3230-HFO,Talk Trial,V8912330,No
6578EBA2-254,MAT-23246,LOT-51166600,234,LOT-24028484,Released,LY7238148,MRP-119,G3 Pilot,MAT-23246,Type Injection,Comparator,Type Injection,2025-10-30 03:32:42.735202,OP19,OP33,PCN-84554,PK-447962,Far,LAT04,Allenport Plant,369423274,Recipe 1,Simply,Performance,CT-8872-GKR,CT-8872-GKR,Reality Program,V5177352,Yes
C8E46777-965,MAT-16078,LOT-82476241,172,LOT-82476241,Closed,LY5840445,MRP-139,G1 Clinical,MAT-16078,Stock Patch,Comparator,Stock Patch,2025-11-09 01:33:25.781897,OP18,OP14,PCN-57525,PK-610257,Hope,LAT04,Carlahaven Plant,543579176,Recipe 16,Standard,Lead,CT-9831-IEW,CT-9831-IEW,Myself Program,V5972282,Yes
FDCEFEF5-08F,MAT-16848,LOT-48781281,70,LOT-45571743,Released,LY7999038,MRP-106,G2 Commercial,MAT-16848,Blue Patch,Comparator,Blue Patch,2025-09-09 21:12:39.489693,OP95,OP58,PCN-98137,PK-791276,List,LAT04,Port Rickey Plant,796195649,Recipe 26,Too,Million,CT-8742-ECD,CT-8742-ECD,Compare Study,V4866797,Yes
84B7FABF-DFC,MAT-47986,LOT-22597604,124,LOT-12068529,Created,LY4076772,MRP-130,G1 Clinical,MAT-47986,Experience Tablet,Investigational Product,Experience Tablet,2025-09-23 06:41:20.399717,OP44,OP57,PCN-25057,PK-180814,Dog,US01,Hallfurt Plant,217394827,Recipe 28,Idea,Term,CT-4229-AWU,CT-4229-AWU,Front Study,V2354517,Yes
E2E08976-B06,MAT-81584,LOT-26730959,102,LOT-62532897,Released,LY4832570,MRP-136,G3 Pilot,MAT-81584,Set Solution,Comparator,Set Solution,2025-09-13 22:55:32.807812,OP42,OP35,PCN-25249,PK-498518,Explain,AP03,West Carlyfort Plant,146416599,Recipe 42,Western,Spend,CT-5806-JWO,CT-5806-JWO,Improve Trial,V8295568,No
B346DE58-18B,MAT-47254,LOT-94846184,208,LOT-94846184,Created,LY9445129,MRP-136,G3 Pilot,MAT-47254,Article Tablet,Comparator,Article Tablet,2025-10-17 22:13:31.898043,OP58,OP71,PCN-61365,PK-448936,Drug,EU02,Christophermouth Plant,823579870,Recipe 17,Ever,Ok,CT-8742-ECD,CT-8742-ECD,Compare Study,V5974812,No
24B63DC5-4E0,MAT-97442,LOT-51070012,197,LOT-51070012,Completed,LY2068480,MRP-101,G2 Commercial,MAT-97442,Common Patch,Comparator,Common Patch,2025-09-16 20:58:30.924540,OP37,OP61,PCN-12230,PK-870656,Official,US01,Morganstad Plant,618573865,Recipe 8,Fact,Him,CT-2004-PSX,CT-2004-PSX,Home Trial,V4633429,No
A3929C23-5C7,MAT-84153,LOT-89268420,247,LOT-21437748,Released,LY2394164,MRP-118,G2 Commercial,MAT-84153,Floor Patch,Comparator,Floor Patch,2025-10-02 08:18:55.483151,OP65,OP97,PCN-31015,PK-705809,Deep,LAT04,Amandahaven Plant,532003448,Recipe 2,Decade,Song,CT-3472-PNG,CT-3472-PNG,Put Trial,V4372421,No
57C036FF-7C4,MAT-86920,LOT-44689282,104,LOT-14354504,Closed,LY1713107,MRP-105,G1 Clinical,MAT-86920,Various Solution,Investigational Product,Various Solution,2025-11-08 21:08:41.033194,OP52,OP19,PCN-48473,PK-463106,Your,US01,West Katieview Plant,876441912,Recipe 8,Heart,Performance,CT-8970-PLO,CT-8970-PLO,Skin Trial,V1393208,Yes
C8CA32C6-E9E,MAT-33775,LOT-99664516,34,LOT-26376337,Created,LY9831858,MRP-113,G1 Clinical,MAT-33775,Something Patch,Ancillary Supply,Something Patch,2025-10-31 05:08:31.194202,OP60,OP63,PCN-38746,PK-730411,Much,US01,East Jacqueline Plant,586286638,Recipe 9,Professional,Loss,CT-9831-IEW,CT-9831-IEW,Myself Program,V2880189,Yes
ACC4DB4C-3ED,MAT-18409,LOT-24674076,141,LOT-60873216,Completed,LY7578185,MRP-137,G3 Pilot,MAT-18409,Commercial Tablet,Investigational Product,Commercial Tablet,2025-09-11 05:35:42.908866,OP88,OP84,PCN-93499,PK-964519,Fast,LAT04,Jesusview Plant,211606562,Recipe 11,Out,News,CT-3228-ZKT,CT-3228-ZKT,Both Program,V6403885,Yes
577BCE94-FDC,MAT-91309,LOT-93844966,49,LOT-92879466,Completed,LY7176075,MRP-118,G2 Commercial,MAT-91309,Simply Injection,Comparator,Simply Injection,2025-09-09 18:44:43.400768,OP77,OP34,PCN-30238,PK-322045,Short,EU02,Joannaview Plant,619818877,Recipe 31,Probably,Avoid,CT-8015-GMQ,CT-8015-GMQ,Past Trial,V9922677,Yes
72E2F609-A3F,MAT-73628,LOT-10539218,277,LOT-10539218,Completed,LY9935213,MRP-138,G1 Clinical,MAT-73628,Health Solution,Ancillary Supply,Health Solution,2025-09-30 11:19:13.160872,OP31,OP29,PCN-35609,PK-891399,Leg,US01,Port Jared Plant,447863445,Recipe 43,Former,Same,CT-3230-HFO,CT-3230-HFO,Talk Trial,V5935252,No
5B67D985-194,MAT-82814,LOT-16679340,130,LOT-62567327,Created,LY1550329,MRP-110,G3 Pilot,MAT-82814,Reduce Solution,Investigational Product,Reduce Solution,2025-10-19 06:35:36.947137,OP41,OP94,PCN-90231,PK-942934,Of,EU02,South Heidichester Plant,670016011,Recipe 47,Base,Popular,CT-3395-UCM,CT-3395-UCM,Majority Trial,V1121306,No
A1F0CF54-5A3,MAT-53554,LOT-27803441,275,LOT-29384973,Closed,LY3327982,MRP-103,G1 Clinical,MAT-53554,They Capsule,Ancillary Supply,They Capsule,2025-10-06 10:31:37.032434,OP84,OP45,PCN-78146,PK-560492,Other,EU02,Lake Mariaville Plant,872398390,Recipe 36,Ask,Story,CT-5014-EEP,CT-5014-EEP,Attorney Study,V8779412,No
150CE384-BD4,MAT-81584,LOT-26730959,64,LOT-62532897,Closed,LY5217935,MRP-136,G1 Clinical,MAT-81584,Set Solution,Comparator,Set Solution,2025-10-23 01:29:05.575321,OP96,OP62,PCN-80467,PK-685744,Tend,LAT04,North Nicole Plant,643969706,Recipe 41,Present,Matter,CT-5806-JWO,CT-5806-JWO,Improve Trial,V8610187,No
1E2662CC-B8F,MAT-78401,LOT-46656333,201,LOT-46656333,Created,LY3720657,MRP-103,G2 Commercial,MAT-78401,Expect Tablet,Ancillary Supply,Expect Tablet,2025-11-10 10:49:43.183178,OP26,OP65,PCN-54673,PK-922905,War,LAT04,Benitezside Plant,666392653,Recipe 34,Ever,Gas,CT-1696-SCY,CT-1696-SCY,Miss Trial,V2190956,No
10DC3E02-6DA,MAT-18458,LOT-17450919,177,LOT-59884250,Completed,LY6820527,MRP-102,G1 Clinical,MAT-18458,Reason Tablet,Ancillary Supply,Reason Tablet,2025-09-29 05:09:03.955376,OP33,OP11,PCN-47083,PK-797062,Eat,US01,Vasquezview Plant,418969164,Recipe 21,Radio,Upon,CT-7487-KNX,CT-7487-KNX,Recent Trial,V9687356,Yes
29A6CFAF-AF6,MAT-78401,LOT-46656333,192,LOT-44491067,Created,LY2139535,MRP-103,G1 Clinical,MAT-78401,Expect Tablet,Ancillary Supply,Expect Tablet,2025-08-21 14:48:53.578250,OP75,OP34,PCN-64061,PK-913005,Approach,AP03,Terrystad Plant,578388196,Recipe 9,Sign,Stop,CT-1696-SCY,CT-1696-SCY,Miss Trial,V8997336,No
04FD0749-0E8,MAT-82398,LOT-84562329,108,LOT-84562329,Closed,LY3851923,MRP-137,G2 Commercial,MAT-82398,Range Solution,Investigational Product,Range Solution,2025-09-12 09:55:43.835827,OP83,OP74,PCN-11311,PK-384090,Policy,AP03,New Kevinbury Plant,767694827,Recipe 44,Your,Popular,CT-8970-PLO,CT-8970-PLO,Skin Trial,V7220967,No
18BE1300-48F,MAT-86920,LOT-24616505,111,LOT-14354504,Closed,LY6692170,MRP-105,G1 Clinical,MAT-86920,Various Solution,Investigational Product,Various Solution,2025-09-30 19:54:31.269053,OP10,OP47,PCN-24937,PK-414320,Knowledge,EU02,Loweview Plant,293411231,Recipe 20,Do,Officer,CT-8970-PLO,CT-8970-PLO,Skin Trial,V7622339,Yes
2A431C19-BD6,MAT-52579,LOT-91103841,111,LOT-20749320,Released,LY4827777,MRP-109,G1 Clinical,MAT-52579,Cell Tablet,Comparator,Cell Tablet,2025-09-26 09:58:40.940405,OP79,OP60,PCN-12735,PK-113104,Likely,LAT04,Port Cynthiachester Plant,982185410,Recipe 21,Whose,Project,CT-6551-IBW,CT-6551-IBW,Camera Trial,V7830243,No
B91ED3F0-13C,MAT-86168,LOT-17958339,199,LOT-70811881,Closed,LY3151274,MRP-119,G1 Clinical,MAT-86168,Run Solution,Investigational Product,Run Solution,2025-10-24 04:07:14.735108,OP25,OP86,PCN-55335,PK-513895,By,US01,North Rebekahfort Plant,649779938,Recipe 10,Here,Happy,CT-6109-EDZ,CT-6109-EDZ,City Program,V1015568,No
E9DC4109-30B,MAT-37872,LOT-60968631,171,LOT-73297905,Created,LY3873795,MRP-110,G3 Pilot,MAT-37872,Effort Capsule,Comparator,Effort Capsule,2025-09-24 07:06:50.790584,OP59,OP47,PCN-32738,PK-469434,Free,LAT04,Melissamouth Plant,683821666,Recipe 16,Possible,Night,CT-1816-RCG,CT-1816-RCG,And Study,V5455914,Yes
654F1F56-570,MAT-56157,LOT-90900846,89,LOT-90900846,Closed,LY6001808,MRP-116,G3 Pilot,MAT-56157,Contain Solution,Comparator,Contain Solution,2025-09-06 04:02:19.055600,OP84,OP79,PCN-84785,PK-489379,Free,US01,East Joan Plant,969355092,Recipe 7,Last,Voice,CT-7487-KNX,CT-7487-KNX,Recent Trial,V8950791,Yes
ADA890D8-F3F,MAT-96156,LOT-50305764,295,LOT-50305764,In Progress,LY8074538,MRP-110,G3 Pilot,MAT-96156,Compare Tablet,Ancillary Supply,Compare Tablet,2025-09-22 22:45:35.202518,OP59,OP44,PCN-27007,PK-246305,Field,AP03,Josephview Plant,107964740,Recipe 31,Purpose,Your,CT-9781-BYC,CT-9781-BYC,None Trial,V2017460,Yes
ECE5617D-411,MAT-82398,LOT-74101873,32,LOT-74101873,Created,LY1116054,MRP-137,G2 Commercial,MAT-82398,Range Solution,Investigational Product,Range Solution,2025-10-03 05:30:53.801578,OP28,OP91,PCN-77368,PK-391277,Arrive,LAT04,New Eric Plant,260963069,Recipe 21,Them,Decision,CT-8970-PLO,CT-8970-PLO,Skin Trial,V2750852,No
044D2FC6-0A1,MAT-66257,LOT-26012891,119,LOT-26012891,Completed,LY9835139,MRP-133,G3 Pilot,MAT-66257,Hundred Solution,Comparator,Hundred Solution,2025-09-02 11:24:22.746762,OP26,OP49,PCN-52656,PK-164609,Beat,US01,Brianhaven Plant,290735436,Recipe 32,Tree,Federal,CT-7484-BIH,CT-7484-BIH,Member Trial,V6248659,No
954B5F54-FC0,MAT-84153,LOT-21437748,233,LOT-89268420,Completed,LY9618664,MRP-118,G1 Clinical,MAT-84153,Floor Patch,Comparator,Floor Patch,2025-10-14 02:00:38.756731,OP32,OP96,PCN-60139,PK-595638,Admit,AP03,South Keith Plant,811388841,Recipe 45,House,Eye,CT-3472-PNG,CT-3472-PNG,Put Trial,V7905737,Yes
41D466A6-21E,MAT-26378,LOT-92761826,166,LOT-70504064,Released,LY7432554,MRP-126,G3 Pilot,MAT-26378,Shake Tablet,Investigational Product,Shake Tablet,2025-08-21 22:21:30.320594,OP94,OP66,PCN-52568,PK-294627,Share,LAT04,Lake Sandra Plant,902741053,Recipe 44,Investment,True,CT-5806-JWO,CT-5806-JWO,Improve Trial,V4644809,Yes
7C1A47DE-DD1,MAT-49508,LOT-69596629,54,LOT-66123852,Created,LY5382908,MRP-116,G1 Clinical,MAT-49508,Able Patch,Ancillary Supply,Able Patch,2025-09-24 03:20:13.457593,OP67,OP99,PCN-97045,PK-505045,Order,LAT04,Ryanland Plant,834367160,Recipe 41,Past,Mind,CT-6592-IDY,CT-6592-IDY,Pay Study,V5416690,Yes
694E96DC-2A6,MAT-74459,LOT-21570201,71,LOT-21570201,Closed,LY7767231,MRP-114,G2 Commercial,MAT-74459,Memory Solution,Investigational Product,Memory Solution,2025-10-13 04:36:52.610392,OP13,OP14,PCN-39389,PK-434609,Bed,EU02,New Kimberlymouth Plant,320404723,Recipe 10,Realize,Pressure,CT-8015-GMQ,CT-8015-GMQ,Past Trial,V9956393,No
41760EC3-898,MAT-96156,LOT-72341875,296,LOT-72341875,Completed,LY7857400,MRP-110,G3 Pilot,MAT-96156,Compare Tablet,Ancillary Supply,Compare Tablet,2025-08-28 15:29:15.505753,OP55,OP89,PCN-71205,PK-819823,Radio,EU02,Lake Eric Plant,224041423,Recipe 2,State,Describe,CT-9781-BYC,CT-9781-BYC,None Trial,V1919266,Yes
CCFEC4B3-889,MAT-85304,LOT-65133728,13,LOT-91814441,Created,LY1764975,MRP-117,G3 Pilot,MAT-85304,Artist Solution,Ancillary Supply,Artist Solution,2025-09-17 19:24:53.180390,OP88,OP46,PCN-75608,PK-219572,Phone,LAT04,East Vincent Plant,497624390,Recipe 18,Very,Total,CT-8970-PLO,CT-8970-PLO,Skin Trial,V4177844,No
603EDC76-89F,MAT-56157,LOT-25529234,293,LOT-90900846,Closed,LY2341808,MRP-116,G1 Clinical,MAT-56157,Contain Solution,Comparator,Contain Solution,2025-09-15 18:05:27.767863,OP76,OP24,PCN-69461,PK-620203,Enjoy,LAT04,East Stacey Plant,995086228,Recipe 2,Tv,Challenge,CT-7487-KNX,CT-7487-KNX,Recent Trial,V9574099,No
535A2ABA-732,MAT-37872,LOT-60968631,249,LOT-60968631,Created,LY4838634,MRP-110,G3 Pilot,MAT-37872,Effort Capsule,Comparator,Effort Capsule,2025-09-28 00:45:47.641195,OP75,OP89,PCN-92908,PK-123342,Anything,US01,Port Wendystad Plant,789293983,Recipe 13,Care,Above,CT-1816-RCG,CT-1816-RCG,And Study,V5148361,Yes
060D2D29-5FD,MAT-74459,LOT-21570201,214,LOT-49095565,Created,LY8964232,MRP-114,G1 Clinical,MAT-74459,Memory Solution,Investigational Product,Memory Solution,2025-10-11 22:58:47.148407,OP32,OP35,PCN-89464,PK-641626,Direction,EU02,Cassandraberg Plant,370755601,Recipe 37,Clearly,Bring,CT-8015-GMQ,CT-8015-GMQ,Past Trial,V9707214,Yes
29C1FE4B-0BF,MAT-45907,LOT-14377768,160,LOT-22463904,Completed,LY3182170,MRP-115,G1 Clinical,MAT-45907,Speech Patch,Ancillary Supply,Speech Patch,2025-10-22 19:01:15.830179,OP80,OP73,PCN-76566,PK-633349,Water,LAT04,Barnesland Plant,612476285,Recipe 19,Up,Commercial,CT-3472-PNG,CT-3472-PNG,Put Trial,V7541229,Yes
CD20E168-B67,MAT-82814,LOT-62567327,65,LOT-52789053,Closed,LY8433021,MRP-110,G2 Commercial,MAT-82814,Reduce Solution,Investigational Product,Reduce Solution,2025-10-13 03:16:10.335759,OP25,OP76,PCN-90156,PK-696983,Husband,EU02,Villanuevachester Plant,210428271,Recipe 16,Crime,Affect,CT-3395-UCM,CT-3395-UCM,Majority Trial,V1354094,No
F810F57F-82C,MAT-46171,LOT-91968301,131,LOT-41301239,Created,LY3641626,MRP-136,G2 Commercial,MAT-46171,Though Solution,Ancillary Supply,Though Solution,2025-09-14 08:26:50.537066,OP69,OP37,PCN-21225,PK-853973,Surface,LAT04,Gabriellefort Plant,731173773,Recipe 31,Style,Country,CT-3636-AVP,CT-3636-AVP,Wear Program,V1292645,Yes
F58F8FB7-75D,MAT-74459,LOT-49095565,196,LOT-21570201,Completed,LY7948159,MRP-114,G2 Commercial,MAT-74459,Memory Solution,Investigational Product,Memory Solution,2025-10-05 04:08:12.216850,OP41,OP68,PCN-24077,PK-913031,Yard,AP03,Mullenland Plant,448083469,Recipe 41,City,Everything,CT-8015-GMQ,CT-8015-GMQ,Past Trial,V8032864,Yes
A8BF7403-DA8,MAT-40089,LOT-19373416,97,LOT-66136964,Released,LY8820601,MRP-126,G2 Commercial,MAT-40089,Pull Patch,Investigational Product,Pull Patch,2025-10-03 20:51:36.690746,OP80,OP57,PCN-85962,PK-231959,Hour,US01,Dwayneland Plant,365890702,Recipe 2,Travel,Standard,CT-4229-AWU,CT-4229-AWU,Front Study,V4137284,Yes
22D3A96C-CE5,MAT-84153,LOT-21437748,171,LOT-21437748,Released,LY5275852,MRP-118,G2 Commercial,MAT-84153,Floor Patch,Comparator,Floor Patch,2025-09-16 06:23:30.735897,OP37,OP84,PCN-94247,PK-111415,Change,LAT04,Nicholebury Plant,421835146,Recipe 49,Tv,Unit,CT-3472-PNG,CT-3472-PNG,Put Trial,V4351929,No
6BBDED17-78C,MAT-74459,LOT-21570201,227,LOT-21570201,Created,LY6498637,MRP-114,G2 Commercial,MAT-74459,Memory Solution,Investigational Product,Memory Solution,2025-08-30 17:53:42.080632,OP32,OP71,PCN-35022,PK-992639,Call,EU02,Huntertown Plant,777950038,Recipe 32,Expect,Hot,CT-8015-GMQ,CT-8015-GMQ,Past Trial,V8831793,No
D1C0BAB1-86B,MAT-31615,LOT-91403277,225,LOT-96443919,Created,LY7580318,MRP-122,G2 Commercial,MAT-31615,Trouble Capsule,Comparator,Trouble Capsule,2025-10-12 01:02:00.682107,OP49,OP12,PCN-14697,PK-827603,Rest,AP03,South Stephen Plant,574762727,Recipe 39,Plan,At,CT-9781-BYC,CT-9781-BYC,None Trial,V4306492,Yes
7E8BFE7E-71C,MAT-78401,LOT-46656333,271,LOT-44491067,Created,LY7182959,MRP-103,G3 Pilot,MAT-78401,Expect Tablet,Ancillary Supply,Expect Tablet,2025-11-12 14:26:51.616024,OP26,OP83,PCN-41751,PK-453815,Here,US01,Lake Susan Plant,424977241,Recipe 34,Consumer,Although,CT-1696-SCY,CT-1696-SCY,Miss Trial,V4411171,No
C8C1DDA2-376,MAT-74247,LOT-65547337,115,LOT-65547337,Completed,LY6351401,MRP-131,G3 Pilot,MAT-74247,Great Patch,Investigational Product,Great Patch,2025-11-09 01:13:38.636613,OP10,OP48,PCN-76053,PK-142178,About,EU02,New Elizabethmouth Plant,840726048,Recipe 2,Tonight,Husband,CT-7484-BIH,CT-7484-BIH,Member Trial,V8947883,Yes
F038C3DD-DF4,MAT-16078,LOT-82476241,204,LOT-82476241,Closed,LY1870561,MRP-139,G3 Pilot,MAT-16078,Stock Patch,Comparator,Stock Patch,2025-10-05 01:12:48.828354,OP47,OP18,PCN-23307,PK-275433,Always,LAT04,South Joshua Plant,539502274,Recipe 48,Necessary,Consider,CT-9831-IEW,CT-9831-IEW,Myself Program,V7292548,No
86905D6E-07A,MAT-97442,LOT-51070012,218,LOT-68153288,Released,LY3833045,MRP-101,G3 Pilot,MAT-97442,Common Patch,Comparator,Common Patch,2025-10-20 04:26:50.595518,OP58,OP79,PCN-83496,PK-783041,Leg,AP03,South Kathleenborough Plant,661626450,Recipe 4,Occur,Fund,CT-2004-PSX,CT-2004-PSX,Home Trial,V6354862,No
974CD620-D0E,MAT-22108,LOT-37189202,239,LOT-34198332,Closed,LY8214647,MRP-102,G2 Commercial,MAT-22108,Win Injection,Comparator,Win Injection,2025-09-25 18:55:39.437969,OP58,OP16,PCN-83339,PK-148505,Several,EU02,Wilsontown Plant,245291374,Recipe 36,At,Allow,CT-6910-RDE,CT-6910-RDE,Shake Study,V2875242,No
A124C449-F40,MAT-14039,LOT-51723458,284,LOT-57559766,Created,LY9139127,MRP-115,G2 Commercial,MAT-14039,Should Tablet,Investigational Product,Should Tablet,2025-10-31 23:41:31.403597,OP26,OP48,PCN-27430,PK-938899,And,LAT04,Port Bradley Plant,707933351,Recipe 47,Opportunity,Life,CT-6109-EDZ,CT-6109-EDZ,City Program,V7525981,Yes
37B5CD9F-E09,MAT-22610,LOT-16473868,282,LOT-73505709,In Progress,LY2900019,MRP-108,G1 Clinical,MAT-22610,Us Solution,Ancillary Supply,Us Solution,2025-08-20 00:30:26.129085,OP76,OP73,PCN-52741,PK-823636,Dark,US01,Port Tamarashire Plant,619398524,Recipe 1,Six,Whom,CT-9771-CZL,CT-9771-CZL,Job Trial,V5363440,Yes
99D24A00-746,MAT-30703,LOT-56689918,295,LOT-56689918,In Progress,LY7167969,MRP-124,G2 Commercial,MAT-30703,Cold Injection,Investigational Product,Cold Injection,2025-10-19 17:03:52.632397,OP22,OP96,PCN-71585,PK-593021,Reflect,AP03,Port Lisaberg Plant,958373556,Recipe 30,Tough,Majority,CT-3228-ZKT,CT-3228-ZKT,Both Program,V9312809,Yes
105D5698-13F,MAT-47140,LOT-71950782,39,LOT-99482219,Created,LY6723077,MRP-111,G1 Clinical,MAT-47140,Side Capsule,Comparator,Side Capsule,2025-08-16 03:30:28.506329,OP48,OP19,PCN-75801,PK-981023,At,EU02,Kyleburgh Plant,414776595,Recipe 9,Direction,Throw,CT-8742-ECD,CT-8742-ECD,Compare Study,V9298954,No
4C90F0B2-38C,MAT-56157,LOT-25529234,35,LOT-90900846,Released,LY5066590,MRP-116,G1 Clinical,MAT-56157,Contain Solution,Comparator,Contain Solution,2025-10-11 14:39:20.521925,OP21,OP38,PCN-48946,PK-730168,Figure,LAT04,Johnport Plant,272848029,Recipe 44,Animal,Process,CT-7487-KNX,CT-7487-KNX,Recent Trial,V2173921,No
D12FEB9C-3EF,MAT-66331,LOT-88132342,293,LOT-92214561,Completed,LY8735298,MRP-111,G1 Clinical,MAT-66331,Step Solution,Investigational Product,Step Solution,2025-11-06 04:15:08.863760,OP21,OP54,PCN-29912,PK-511679,Interest,EU02,Jessicaland Plant,685976076,Recipe 50,Produce,Answer,CT-8872-GKR,CT-8872-GKR,Reality Program,V3901125,Yes
703C84BA-54F,MAT-81584,LOT-17051687,176,LOT-89350866,Completed,LY6673318,MRP-136,G2 Commercial,MAT-81584,Set Solution,Comparator,Set Solution,2025-09-23 23:13:14.910700,OP72,OP98,PCN-48068,PK-338130,Interesting,AP03,Port Kim Plant,385577925,Recipe 5,Our,Improve,CT-5806-JWO,CT-5806-JWO,Improve Trial,V3958254,No
6AA14615-5B4,MAT-37872,LOT-60968631,222,LOT-73297905,In Progress,LY7103421,MRP-110,G3 Pilot,MAT-37872,Effort Capsule,Comparator,Effort Capsule,2025-10-01 04:50:10.335282,OP14,OP47,PCN-17684,PK-482961,Important,AP03,Madelineport Plant,470926273,Recipe 6,Chance,Likely,CT-1816-RCG,CT-1816-RCG,And Study,V3131726,Yes
79EDC353-4DF,MAT-96156,LOT-50305764,253,LOT-60226706,Created,LY9832438,MRP-110,G2 Commercial,MAT-96156,Compare Tablet,Ancillary Supply,Compare Tablet,2025-10-03 06:22:30.567405,OP71,OP53,PCN-27806,PK-805308,Much,AP03,Hamiltonview Plant,491125291,Recipe 29,Determine,Allow,CT-9781-BYC,CT-9781-BYC,None Trial,V6603507,Yes
AD35DE4B-215,MAT-93657,LOT-16824774,240,LOT-16824774,Completed,LY8269802,MRP-109,G1 Clinical,MAT-93657,Dog Patch,Investigational Product,Dog Patch,2025-09-10 10:33:26.234310,OP86,OP98,PCN-35671,PK-197538,Head,EU02,Laurenchester Plant,407189159,Recipe 27,Before,Top,CT-6910-RDE,CT-6910-RDE,Shake Study,V4448558,Yes
5BF6AB13-B1D,MAT-98864,LOT-37532398,106,LOT-76547161,Closed,LY2181598,MRP-119,G2 Commercial,MAT-98864,Positive Injection,Ancillary Supply,Positive Injection,2025-09-02 05:06:40.590600,OP86,OP14,PCN-53439,PK-816302,Lead,AP03,Harperbury Plant,743064709,Recipe 8,Whose,End,CT-9781-BYC,CT-9781-BYC,None Trial,V6495156,Yes
820B4015-B5D,MAT-32011,LOT-39007987,29,LOT-39007987,Created,LY5887073,MRP-134,G2 Commercial,MAT-32011,Offer Tablet,Comparator,Offer Tablet,2025-10-13 06:47:17.661484,OP62,OP52,PCN-56350,PK-943377,System,EU02,East Wendyshire Plant,115325262,Recipe 28,Prove,Leave,CT-2004-PSX,CT-2004-PSX,Home Trial,V8810144,No
CC4ACAE6-0A8,MAT-22610,LOT-85311620,73,LOT-16473868,Released,LY8820038,MRP-108,G1 Clinical,MAT-22610,Us Solution,Ancillary Supply,Us Solution,2025-10-29 09:03:22.121569,OP12,OP65,PCN-10461,PK-176720,See,US01,Nicoleton Plant,688888368,Recipe 7,Question,Fill,CT-9771-CZL,CT-9771-CZL,Job Trial,V2527205,No
420B1E11-8DA,MAT-74459,LOT-49095565,93,LOT-21570201,Closed,LY7159029,MRP-114,G3 Pilot,MAT-74459,Memory Solution,Investigational Product,Memory Solution,2025-09-08 13:42:33.679796,OP26,OP83,PCN-80726,PK-936655,My,US01,North Larryview Plant,443386274,Recipe 37,Operation,Might,CT-8015-GMQ,CT-8015-GMQ,Past Trial,V1140188,No
0ACC4422-7D1,MAT-54383,LOT-27778437,225,LOT-27778437,Completed,LY8021426,MRP-108,G1 Clinical,MAT-54383,Agency Injection,Comparator,Agency Injection,2025-08-23 17:51:09.684367,OP55,OP83,PCN-94865,PK-304819,Commercial,AP03,Collinsstad Plant,783842365,Recipe 2,Relate,Member,CT-3636-AVP,CT-3636-AVP,Wear Program,V5722968,No
AED5210F-538,MAT-56157,LOT-90900846,170,LOT-25529234,Created,LY5491604,MRP-116,G3 Pilot,MAT-56157,Contain Solution,Comparator,Contain Solution,2025-11-01 13:31:24.633172,OP74,OP79,PCN-87845,PK-956664,Action,EU02,Blackville Plant,574820478,Recipe 20,Check,Quickly,CT-7487-KNX,CT-7487-KNX,Recent Trial,V8206111,No
F2407184-2CE,MAT-22610,LOT-85311620,65,LOT-16473868,Completed,LY7978609,MRP-108,G2 Commercial,MAT-22610,Us Solution,Ancillary Supply,Us Solution,2025-10-22 13:47:25.366917,OP55,OP20,PCN-93116,PK-742772,Significant,EU02,New Laurenside Plant,988616952,Recipe 21,Probably,Week,CT-9771-CZL,CT-9771-CZL,Job Trial,V3794658,Yes
38951FD6-B03,MAT-40706,LOT-30151730,226,LOT-30151730,Completed,LY4746643,MRP-103,G1 Clinical,MAT-40706,Keep Capsule,Investigational Product,Keep Capsule,2025-11-02 10:47:13.639266,OP24,OP47,PCN-85508,PK-353296,Professor,AP03,New Christopherbury Plant,128254290,Recipe 49,Rest,Production,CT-3395-UCM,CT-3395-UCM,Majority Trial,V9832417,No
96B625BB-687,MAT-52579,LOT-91103841,154,LOT-20749320,Completed,LY2141897,MRP-109,G2 Commercial,MAT-52579,Cell Tablet,Comparator,Cell Tablet,2025-09-09 20:28:34.258013,OP67,OP27,PCN-44069,PK-897296,Thank,US01,New Christinabury Plant,966627767,Recipe 40,Too,Pick,CT-6551-IBW,CT-6551-IBW,Camera Trial,V5483138,No
