Batch number,Batch Use,BW: Document Item Number,ID,Inspection Lot Number,Item Category in Purchasing Document,Item number of purchasing document,Level,Material,Order Category,Order item number,Order Number,Plant,Purchasing document number,Record type,Request Transaction Sequence Number,Sales Document,Sold-to Party,Type,Unit of Measure,Vendor Batch Number,Quantity,Material_ID,Plant_ID,Material_Type_ID,Trial Alias
LOT-45953393,Packaging,226013814,523897583,IL5963246,So,600771182,Country,MAT-60599,Body,5B67D985-194,DC052809-D93,AP03,291507039,Transfer,925921922,SD970373,Keller-Hester,Listen,Become,LOT-45953393,151,MAT-60599,AP03,Ancillary Supply,CT-2004-PSX
LOT-94284099,Production,567059231,374986804,IL9011450,Huge,741174418,Study,MAT-60599,Soon,81962565-3BA,A7AEB7DC-2CF,LAT04,746328827,Transfer,698395890,SD886650,"Hoffman, Anthony and Henry",Nothing,Amount,LOT-94284099,221,MAT-60599,LAT04,Ancillary Supply,CT-2004-PSX
LOT-32180264,Production,421748368,400563334,IL2263761,Speech,983433933,Study,MAT-60599,Catch,46866D25-F7F,DC052809-D93,AP03,675368748,Transfer,713106567,SD880167,Foster-Leonard,Interview,Single,LOT-32180264,414,MAT-60599,AP03,Ancillary Supply,CT-2004-PSX
LOT-86533765,Packaging,777370848,515461796,IL4364375,Owner,634125839,Study,MAT-60599,Itself,84B7FABF-DFC,0ACC4422-7D1,EU02,115784205,Production,537778218,SD504476,Perkins Ltd,College,Main,LOT-86533765,107,MAT-60599,EU02,Ancillary Supply,CT-2004-PSX
LOT-39555641,Production,590751770,985749266,IL4887821,Ground,880702263,Site,MAT-32011,A,A3929C23-5C7,BE0807F8-705,EU02,345472872,Production,447573821,SD321249,Mckenzie PLC,Help,Would,LOT-39555641,391,MAT-32011,EU02,Comparator,CT-2004-PSX
LOT-39007987,Packaging,220207003,394045296,IL2950743,Party,914970332,Country,MAT-32011,Sit,F82FA87C-017,577BCE94-FDC,LAT04,209971695,Production,614636751,SD993429,Livingston and Sons,Military,Stand,LOT-39007987,386,MAT-32011,LAT04,Comparator,CT-2004-PSX
LOT-75185716,Packaging,660609429,239685394,IL1045874,Civil,889411865,Study,MAT-97442,War,1237E7EE-E08,B8C67610-950,LAT04,727544787,Transfer,815685589,SD703660,"Lopez, Johnson and Rice",Second,Step,LOT-75185716,337,MAT-97442,LAT04,Comparator,CT-2004-PSX
LOT-51070012,Distribution,238015250,353275914,IL2307703,Ready,783300180,Country,MAT-97442,Environment,7D85A9BB-51A,4D00FA38-F44,AP03,838257571,Transfer,577977193,SD456461,Dixon-Sullivan,Tv,Sing,LOT-51070012,128,MAT-97442,AP03,Comparator,CT-2004-PSX
LOT-68153288,Packaging,897063087,307830893,IL7293802,Somebody,460431837,Country,MAT-97442,Finish,86905D6E-07A,19165D8C-A56,US01,659406205,Production,400413805,SD196669,Harrison-Hicks,Oil,Ability,LOT-68153288,113,MAT-97442,US01,Comparator,CT-2004-PSX
LOT-69596629,Production,673956072,978831838,IL9483101,Then,982621590,Site,MAT-49508,Reflect,D620F7F5-660,F810F57F-82C,AP03,280190607,Production,712203569,SD815908,Matthews-Bradley,Big,Think,LOT-69596629,58,MAT-49508,AP03,Ancillary Supply,CT-6592-IDY
LOT-28252003,Packaging,937215472,513854724,IL3587002,Apply,706230145,Study,MAT-49508,Stuff,7C05434F-BD5,044D2FC6-0A1,LAT04,934428267,Production,499550361,SD322740,"Russell, Tran and Sanchez",Pay,Different,LOT-28252003,72,MAT-49508,LAT04,Ancillary Supply,CT-6592-IDY
LOT-66123852,Production,138879572,325043554,IL6732862,Country,463405514,Site,MAT-49508,Look,3927BB78-AC5,24B63DC5-4E0,EU02,742130024,Production,550628033,SD104811,Rivera-Thompson,Continue,None,LOT-66123852,266,MAT-49508,EU02,Ancillary Supply,CT-6592-IDY
LOT-77757177,Distribution,433787539,915448841,IL7783949,Suggest,387469401,Country,MAT-17085,Some,CC4ACAE6-0A8,A8BF7403-DA8,EU02,415060186,Production,808179102,SD474089,Neal-Smith,Listen,Pull,LOT-77757177,91,MAT-17085,EU02,Investigational Product,CT-6592-IDY
LOT-19994803,Packaging,593486359,980890843,IL9677547,Tell,474590457,Country,MAT-17085,Clear,BE0807F8-705,7EA3E715-4EB,AP03,167708299,Production,959341261,SD315649,Hansen Ltd,Fear,Join,LOT-19994803,436,MAT-17085,AP03,Investigational Product,CT-6592-IDY
LOT-45619384,Packaging,522396324,853844053,IL1266760,This,634320981,Country,MAT-17085,Order,E09D9D69-D6E,577BCE94-FDC,LAT04,997997482,Production,797613940,SD230303,Oneill-Norman,Simply,Yard,LOT-45619384,100,MAT-17085,LAT04,Investigational Product,CT-6592-IDY
LOT-26474824,Production,327811774,181969516,IL9457789,Space,438991935,Country,MAT-84265,Than,F82FA87C-017,2D1D3AF0-A99,US01,114622945,Production,942257291,SD518478,Hardy Group,Risk,Produce,LOT-26474824,71,MAT-84265,US01,Ancillary Supply,CT-8970-PLO
LOT-43759862,Packaging,246772104,796641358,IL8640105,Day,405287391,Site,MAT-84265,Everything,694E96DC-2A6,AD35DE4B-215,AP03,746280886,Transfer,969071921,SD133012,Anderson-Oliver,Career,Probably,LOT-43759862,196,MAT-84265,AP03,Ancillary Supply,CT-8970-PLO
LOT-84562329,Production,581057747,129143571,IL6315474,White,421653598,Site,MAT-82398,Indicate,654F1F56-570,99D24A00-746,AP03,466499875,Transfer,309778741,SD647566,Martinez and Sons,Mention,Go,LOT-84562329,260,MAT-82398,AP03,Investigational Product,CT-8970-PLO
LOT-74101873,Packaging,471085375,318893361,IL4458830,Explain,845286089,Country,MAT-82398,Left,A124C449-F40,954B5F54-FC0,US01,475012261,Production,156949856,SD474217,Simon-Hernandez,We,Understand,LOT-74101873,131,MAT-82398,US01,Investigational Product,CT-8970-PLO
LOT-91814441,Production,264212790,194803955,IL1858634,Artist,106494943,Country,MAT-85304,Strategy,F038C3DD-DF4,EC2064DF-354,LAT04,583771203,Transfer,507939206,SD197107,Castaneda-Kennedy,See,Method,LOT-91814441,141,MAT-85304,LAT04,Ancillary Supply,CT-8970-PLO
LOT-65133728,Packaging,610539709,371671858,IL9034633,Officer,265668847,Country,MAT-85304,Us,9F746DC7-45B,21ED0BE4-ED0,EU02,812996687,Production,151383129,SD344831,Ramos PLC,Face,Newspaper,LOT-65133728,348,MAT-85304,EU02,Ancillary Supply,CT-8970-PLO
LOT-14354504,Production,572411144,287691526,IL3991522,Likely,302400597,Site,MAT-86920,And,D620F7F5-660,19B119B0-986,EU02,259690430,Production,664196634,SD950694,Williams Group,Fear,Because,LOT-14354504,215,MAT-86920,EU02,Investigational Product,CT-8970-PLO
LOT-44689282,Packaging,607505130,400314671,IL6617462,Loss,166963683,Country,MAT-86920,Next,6578EBA2-254,37399508-4AE,EU02,520733170,Production,481688593,SD548036,Freeman PLC,Society,Determine,LOT-44689282,218,MAT-86920,EU02,Investigational Product,CT-8970-PLO
LOT-24616505,Production,250340551,186166805,IL2001047,Push,768257217,Site,MAT-86920,Cost,13D23ECC-032,BE0807F8-705,EU02,235580691,Transfer,213149658,SD478331,"Hopkins, Brown and Bailey",Employee,Gas,LOT-24616505,167,MAT-86920,EU02,Investigational Product,CT-8970-PLO
LOT-91428756,Packaging,414346895,569480745,IL6978273,Wish,865832157,Site,MAT-42350,Agent,46866D25-F7F,E1DECF3D-AD6,EU02,622728359,Production,153804998,SD524326,"Kim, Padilla and Horton",Travel,Our,LOT-91428756,174,MAT-42350,EU02,Comparator,CT-5806-JWO
LOT-80893385,Production,995791228,911074859,IL9846081,Assume,729797840,Study,MAT-42350,Again,9313CC9E-3F2,805781A7-E1A,LAT04,169293867,Transfer,576020776,SD763673,Lee LLC,Happy,Three,LOT-80893385,475,MAT-42350,LAT04,Comparator,CT-5806-JWO
LOT-17051687,Packaging,442447375,911111791,IL4152002,Boy,975441219,Site,MAT-81584,May,10DC3E02-6DA,9E01693A-016,US01,874520970,Transfer,277043652,SD283796,Farmer-Cortez,Likely,Cold,LOT-17051687,374,MAT-81584,US01,Comparator,CT-5806-JWO
LOT-62532897,Packaging,996463258,862979800,IL7456096,Never,980322564,Site,MAT-81584,Five,3FCA798E-FD6,2F2C7D94-2CE,EU02,942921461,Production,481728129,SD437728,Vaughn Inc,Maybe,Give,LOT-62532897,331,MAT-81584,EU02,Comparator,CT-5806-JWO
LOT-89350866,Packaging,177641666,697222775,IL6233972,Involve,568598094,Country,MAT-81584,Choose,30986C0B-785,053A9347-DD8,AP03,847305149,Production,483048395,SD804909,"Butler, Gonzales and Fowler",Sometimes,Garden,LOT-89350866,302,MAT-81584,AP03,Comparator,CT-5806-JWO
LOT-26730959,Distribution,329648746,579799905,IL3297870,Door,964963447,Study,MAT-81584,Bit,71D8D50F-7AE,87528E6A-790,EU02,558979203,Production,244553162,SD184033,Miller LLC,Order,Trouble,LOT-26730959,430,MAT-81584,EU02,Comparator,CT-5806-JWO
LOT-70504064,Distribution,943499270,519081652,IL7419679,Nearly,862676151,Country,MAT-26378,Board,423FCCAC-9C3,420B1E11-8DA,US01,358141821,Transfer,807705697,SD315635,Munoz Ltd,In,Watch,LOT-70504064,276,MAT-26378,US01,Investigational Product,CT-5806-JWO
LOT-92761826,Production,387015201,635725620,IL8680816,Science,732439658,Study,MAT-26378,Then,502EC192-A84,6EDC0958-393,AP03,422434103,Production,646963593,SD748114,Little-Blanchard,Sort,Likely,LOT-92761826,132,MAT-26378,AP03,Investigational Product,CT-5806-JWO
LOT-53734310,Distribution,871755854,518577329,IL1337657,Although,188658685,Country,MAT-39857,Through,49D908EC-D19,7697D79B-3FA,EU02,802833781,Production,194923560,SD524131,Lloyd-Hart,Instead,Common,LOT-53734310,282,MAT-39857,EU02,Ancillary Supply,CT-5806-JWO
LOT-60891080,Production,719039847,450455926,IL5313986,Community,899579106,Country,MAT-39857,Different,60F22C34-AA2,D620F7F5-660,LAT04,794556471,Transfer,169472805,SD617532,"Johnson, Rodriguez and Stephens",Position,Arrive,LOT-60891080,139,MAT-39857,LAT04,Ancillary Supply,CT-5806-JWO
LOT-92879466,Distribution,727974955,704527664,IL9243225,Vote,186173198,Study,MAT-91309,Million,9853B6AB-C01,053A9347-DD8,AP03,553172995,Production,639142783,SD794981,Wagner-Jones,Him,Perform,LOT-92879466,331,MAT-91309,AP03,Comparator,CT-8015-GMQ
LOT-93844966,Production,635824040,931643580,IL5831238,Number,947915712,Study,MAT-91309,Everybody,6BBDED17-78C,23447E8F-F1B,EU02,385167737,Transfer,290042116,SD722017,Soto-Huffman,Friend,Coach,LOT-93844966,499,MAT-91309,EU02,Comparator,CT-8015-GMQ
LOT-23670572,Production,935153353,788672841,IL8052046,Near,134855873,Country,MAT-91309,Focus,53E512B4-F07,38951FD6-B03,US01,346586209,Production,186460027,SD792691,Webb and Sons,Perhaps,Go,LOT-23670572,98,MAT-91309,US01,Comparator,CT-8015-GMQ
LOT-49095565,Distribution,490736191,799344787,IL3098268,Let,570859674,Site,MAT-74459,Father,4C90F0B2-38C,7F8EA55C-605,EU02,136221932,Transfer,892587612,SD612112,Thomas Group,Various,Happy,LOT-49095565,168,MAT-74459,EU02,Investigational Product,CT-8015-GMQ
LOT-21570201,Packaging,730876692,193900251,IL8883458,Responsibility,225351484,Site,MAT-74459,Body,3FCA798E-FD6,6578EBA2-254,US01,157983714,Transfer,558328762,SD607650,"Coleman, Harper and White",Single,Investment,LOT-21570201,459,MAT-74459,US01,Investigational Product,CT-8015-GMQ
LOT-60549611,Distribution,407473106,958518107,IL3695636,Training,891336751,Study,MAT-66331,Develop,A124C449-F40,84B7FABF-DFC,AP03,254681463,Transfer,670649832,SD529175,"Porter, Spence and Marshall",Fall,Require,LOT-60549611,302,MAT-66331,AP03,Investigational Product,CT-8872-GKR
LOT-92214561,Distribution,901712471,383429664,IL1162843,Family,963041691,Site,MAT-66331,Even,F810F57F-82C,AD35DE4B-215,AP03,262966273,Transfer,220930565,SD266413,Smith-Holden,Concern,Treatment,LOT-92214561,477,MAT-66331,AP03,Investigational Product,CT-8872-GKR
LOT-88132342,Production,928342818,727584470,IL1800324,We,670873775,Site,MAT-66331,News,302EBFD8-75D,8733D49D-751,AP03,551328227,Transfer,673351989,SD644334,"Hicks, Ryan and Scott",Common,Watch,LOT-88132342,285,MAT-66331,AP03,Investigational Product,CT-8872-GKR
LOT-24028484,Distribution,420671088,787755007,IL7869398,Teacher,933883734,Country,MAT-23246,Line,5B47E6AA-FAF,835C170B-558,US01,580168697,Production,621417972,SD699077,Bauer Group,Travel,Concern,LOT-24028484,137,MAT-23246,US01,Comparator,CT-8872-GKR
LOT-74130481,Production,826160905,981736073,IL1522230,Month,206135444,Study,MAT-23246,Condition,13D23ECC-032,E09D9D69-D6E,EU02,672138897,Production,130928549,SD466701,"Robinson, Garner and Jones",New,Feeling,LOT-74130481,300,MAT-23246,EU02,Comparator,CT-8872-GKR
LOT-51166600,Distribution,387224422,453285337,IL6266380,Court,289503375,Study,MAT-23246,Include,DC77B20F-464,D4D67F91-29D,LAT04,978016531,Production,915160284,SD119255,Wiggins-Robles,Ball,Cell,LOT-51166600,405,MAT-23246,LAT04,Comparator,CT-8872-GKR
LOT-49329322,Production,375352732,535541718,IL9349098,Account,486329453,Site,MAT-58804,Bad,DC052809-D93,86905D6E-07A,EU02,264921204,Production,822159625,SD749794,Lee PLC,Party,Field,LOT-49329322,354,MAT-58804,EU02,Investigational Product,CT-8872-GKR
LOT-99508478,Distribution,155857011,702607740,IL3804140,Both,470950927,Site,MAT-58804,Before,1466B603-499,A7510327-2D1,EU02,168714468,Production,571643038,SD420236,Robinson Group,Factor,During,LOT-99508478,381,MAT-58804,EU02,Investigational Product,CT-8872-GKR
LOT-36676116,Distribution,778314123,663823330,IL4152157,Single,419659205,Country,MAT-58804,Nothing,362FCDC7-090,48F49FFF-6F5,EU02,512438289,Transfer,230977892,SD405708,Lewis Group,Feel,Make,LOT-36676116,158,MAT-58804,EU02,Investigational Product,CT-8872-GKR
LOT-65372587,Distribution,845586507,132594164,IL7367756,Lot,487267741,Study,MAT-14115,Send,A3929C23-5C7,13D53FD1-2EA,LAT04,678670549,Production,815138382,SD321162,Acosta-Brewer,Positive,Miss,LOT-65372587,285,MAT-14115,LAT04,Comparator,CT-1696-SCY
LOT-48273549,Packaging,755967622,251591415,IL4382549,Lay,573837356,Site,MAT-14115,Such,1DE4A4D7-80D,0ACC4422-7D1,EU02,924788348,Transfer,256353182,SD426314,Thompson-Hernandez,Many,Question,LOT-48273549,110,MAT-14115,EU02,Comparator,CT-1696-SCY
LOT-44491067,Distribution,748882282,180453311,IL4746282,Fund,877652262,Study,MAT-78401,Two,333F654A-085,19B119B0-986,EU02,980449897,Transfer,729299334,SD655375,Ayala Ltd,Reflect,Magazine,LOT-44491067,327,MAT-78401,EU02,Ancillary Supply,CT-1696-SCY
LOT-46656333,Packaging,605805826,322600446,IL8335912,Candidate,107236093,Country,MAT-78401,Half,420B1E11-8DA,F892BADA-B88,EU02,973612390,Transfer,635575710,SD521553,Thomas PLC,Sister,Camera,LOT-46656333,212,MAT-78401,EU02,Ancillary Supply,CT-1696-SCY
LOT-63567190,Production,191723578,779083156,IL4756390,Value,965904471,Study,MAT-30703,Drug,43F442CA-654,B91ED3F0-13C,AP03,456150627,Production,165291272,SD531252,Robbins Inc,Build,Eat,LOT-63567190,326,MAT-30703,AP03,Investigational Product,CT-3228-ZKT
LOT-98018080,Packaging,717569921,615833143,IL1935326,Month,471418641,Country,MAT-30703,Adult,D822806C-DEC,CD20E168-B67,LAT04,620779040,Transfer,529326851,SD476584,Snyder-Potts,Size,Avoid,LOT-98018080,461,MAT-30703,LAT04,Investigational Product,CT-3228-ZKT
LOT-67845376,Packaging,288781182,950811271,IL7951835,Whose,258226117,Study,MAT-30703,Hot,EC2064DF-354,EA3FBE37-E91,EU02,478142383,Transfer,312812516,SD553184,Warren Group,Least,Bring,LOT-67845376,376,MAT-30703,EU02,Investigational Product,CT-3228-ZKT
LOT-56689918,Distribution,233808792,525122802,IL4250545,Sea,337339459,Country,MAT-30703,Major,93E2AB3B-625,D1C0BAB1-86B,EU02,673632098,Transfer,844510177,SD105581,"Tanner, Barber and Cook",Doctor,Method,LOT-56689918,485,MAT-30703,EU02,Investigational Product,CT-3228-ZKT
LOT-63418468,Production,352504123,900092328,IL4531325,On,338927926,Site,MAT-61362,Half,22D3A96C-CE5,04FD0749-0E8,EU02,288833649,Transfer,902532685,SD867984,"Mcdonald, Mitchell and Charles",Free,Exist,LOT-63418468,434,MAT-61362,EU02,Ancillary Supply,CT-3228-ZKT
LOT-44501033,Packaging,733565919,225989649,IL2665128,Near,372332617,Country,MAT-61362,Role,60F22C34-AA2,86905D6E-07A,EU02,427919628,Transfer,799750870,SD940957,Yang Group,Call,Bar,LOT-44501033,257,MAT-61362,EU02,Ancillary Supply,CT-3228-ZKT
LOT-82054650,Production,669098495,970797582,IL6967940,Garden,390750984,Country,MAT-61362,With,9853B6AB-C01,3927BB78-AC5,LAT04,895558266,Production,530991436,SD532676,"Bartlett, Higgins and Sullivan",Poor,Visit,LOT-82054650,140,MAT-61362,LAT04,Ancillary Supply,CT-3228-ZKT
LOT-54364032,Distribution,986972819,136687963,IL8808188,History,376350280,Study,MAT-61362,We,082EC977-749,B91ED3F0-13C,AP03,497303659,Production,820808435,SD185036,King-Thomas,Find,Condition,LOT-54364032,366,MAT-61362,AP03,Ancillary Supply,CT-3228-ZKT
LOT-57780542,Packaging,500810663,558675388,IL8934035,Learn,527511724,Site,MAT-18409,Tonight,BE0807F8-705,10DC3E02-6DA,EU02,153283286,Transfer,917177339,SD109527,"Moore, Fitzgerald and Banks",Analysis,Ok,LOT-57780542,181,MAT-18409,EU02,Investigational Product,CT-3228-ZKT
LOT-60873216,Packaging,883989312,408009220,IL3396327,Condition,551409188,Country,MAT-18409,West,24B63DC5-4E0,D991D9F7-CFE,EU02,131882634,Transfer,150794516,SD632650,Hodges Group,Quite,Wonder,LOT-60873216,81,MAT-18409,EU02,Investigational Product,CT-3228-ZKT
LOT-24674076,Production,212020520,675519232,IL6310405,There,982276169,Site,MAT-18409,Method,0DB649CA-F40,3B0FDA9F-884,LAT04,307571827,Production,609404360,SD926484,"Hoffman, Keller and Pollard",Office,Expect,LOT-24674076,462,MAT-18409,LAT04,Investigational Product,CT-3228-ZKT
LOT-97567509,Production,156994561,460747445,IL3378092,Him,112026401,Site,MAT-18409,Ever,C061C212-E16,71D8D50F-7AE,LAT04,664813992,Transfer,911615617,SD927534,Stone Ltd,But,Little,LOT-97567509,488,MAT-18409,LAT04,Investigational Product,CT-3228-ZKT
LOT-38707248,Production,850786376,792096422,IL9222331,Reality,862909103,Country,MAT-58266,Class,81962565-3BA,2D1D3AF0-A99,US01,339074101,Transfer,725676379,SD186680,Morris LLC,Four,Party,LOT-38707248,260,MAT-58266,US01,Ancillary Supply,CT-3228-ZKT
LOT-73483649,Packaging,991385123,511525319,IL5578902,New,922167457,Site,MAT-58266,Enter,22D3A96C-CE5,F038C3DD-DF4,LAT04,676791153,Transfer,970129946,SD148806,Miller LLC,Then,Role,LOT-73483649,459,MAT-58266,LAT04,Ancillary Supply,CT-3228-ZKT
LOT-99078202,Distribution,483421111,363097308,IL3209333,Tree,785555288,Study,MAT-23465,Remember,C8C1DDA2-376,B83CFAB5-B68,US01,149524125,Production,607179602,SD866299,"Kim, Lee and Cox",After,Property,LOT-99078202,136,MAT-23465,US01,Comparator,CT-6910-RDE
LOT-11992270,Production,170500351,223373739,IL8665483,Sense,100081175,Study,MAT-23465,Evening,9853B6AB-C01,F58F8FB7-75D,US01,409853660,Production,514760804,SD990284,Reyes Ltd,Down,Way,LOT-11992270,384,MAT-23465,US01,Comparator,CT-6910-RDE
LOT-57705062,Packaging,512643875,852730752,IL7559953,School,876733089,Site,MAT-23465,Across,657B8A24-549,93E2AB3B-625,AP03,238481336,Transfer,812090698,SD431562,Alexander-Mann,Whatever,Ever,LOT-57705062,347,MAT-23465,AP03,Comparator,CT-6910-RDE
LOT-31271496,Production,907358680,588775471,IL2450393,President,435077213,Site,MAT-33689,Part,06816510-E5D,1466B603-499,LAT04,904261120,Transfer,847920456,SD541875,"Shaw, Henry and Petersen",Director,Majority,LOT-31271496,249,MAT-33689,LAT04,Ancillary Supply,CT-6910-RDE
LOT-34308389,Production,987412794,301326206,IL8566472,Tonight,561488432,Site,MAT-33689,Girl,EC2064DF-354,835C170B-558,US01,962861203,Production,162949536,SD211354,Harmon-Hanson,Cause,Baby,LOT-34308389,92,MAT-33689,US01,Ancillary Supply,CT-6910-RDE
LOT-79555656,Distribution,896373733,444290161,IL6062122,Institution,396731543,Study,MAT-33689,True,19165D8C-A56,C8CA32C6-E9E,LAT04,774246804,Production,511553135,SD620772,Livingston Ltd,But,Consumer,LOT-79555656,211,MAT-33689,LAT04,Ancillary Supply,CT-6910-RDE
LOT-42199452,Production,635682465,574866958,IL1316339,Point,182676234,Site,MAT-33689,City,6779AAB3-F3B,57C036FF-7C4,US01,298480645,Production,165746788,SD871118,Campbell LLC,Wide,Baby,LOT-42199452,221,MAT-33689,US01,Ancillary Supply,CT-6910-RDE
LOT-37189202,Production,413313190,528669763,IL7679931,Team,680121643,Site,MAT-22108,Require,3FCA798E-FD6,974CD620-D0E,US01,609740399,Production,293408330,SD996283,"Hernandez, Carter and Stephens",Unit,Item,LOT-37189202,150,MAT-22108,US01,Comparator,CT-6910-RDE
LOT-34198332,Distribution,654690724,819947181,IL4138158,Order,582771685,Country,MAT-22108,Coach,A124C449-F40,C061C212-E16,US01,216804129,Transfer,632518255,SD832874,Estrada Group,Culture,During,LOT-34198332,411,MAT-22108,US01,Comparator,CT-6910-RDE
LOT-34166590,Distribution,728072989,826519435,IL6758293,Response,194242421,Site,MAT-22108,Choice,9E01693A-016,37399508-4AE,EU02,702226656,Production,462329238,SD126666,Briggs-Johnson,Prove,Work,LOT-34166590,125,MAT-22108,EU02,Comparator,CT-6910-RDE
LOT-16824774,Production,535690687,259739055,IL1541801,Subject,992009900,Site,MAT-93657,East,1591A2AC-D6F,C2863B49-6B7,LAT04,569023395,Transfer,766982216,SD524530,Simmons-Harris,Anyone,Decade,LOT-16824774,264,MAT-93657,LAT04,Investigational Product,CT-6910-RDE
LOT-14364098,Distribution,910107721,586678341,IL2569034,Health,205432678,Site,MAT-93657,Performance,8733D49D-751,41D466A6-21E,AP03,519499996,Production,755890129,SD391689,Nguyen-Martinez,International,Win,LOT-14364098,392,MAT-93657,AP03,Investigational Product,CT-6910-RDE
LOT-45571743,Distribution,452336574,627182225,IL1270369,Democratic,582201426,Study,MAT-16848,Somebody,B83CFAB5-B68,49D908EC-D19,EU02,536897640,Transfer,821703834,SD511090,"Wolf, Foster and Koch",Phone,Open,LOT-45571743,299,MAT-16848,EU02,Comparator,CT-8742-ECD
LOT-48781281,Packaging,399202579,362927511,IL1040034,Often,153099539,Site,MAT-16848,Send,13D23ECC-032,272CA541-8B2,EU02,318537145,Production,952808412,SD423549,Harris Group,Man,Agree,LOT-48781281,160,MAT-16848,EU02,Comparator,CT-8742-ECD
LOT-94846184,Distribution,198722053,309629260,IL6089021,Upon,352032162,Study,MAT-47254,Girl,150CE384-BD4,C9553C30-3C9,EU02,446904884,Production,159083149,SD510321,Stewart Inc,Beyond,Ability,LOT-94846184,245,MAT-47254,EU02,Comparator,CT-8742-ECD
LOT-83111741,Distribution,543509722,389420457,IL6989923,Itself,181027000,Country,MAT-47254,Perform,D9F20807-A58,21ED0BE4-ED0,EU02,779165216,Production,523208012,SD465345,Robles Ltd,Product,Physical,LOT-83111741,438,MAT-47254,EU02,Comparator,CT-8742-ECD
LOT-96926481,Distribution,657140139,397338782,IL9269011,Responsibility,666402976,Site,MAT-15875,Nearly,19B119B0-986,A124C449-F40,EU02,295713165,Production,440146611,SD295064,Davis Ltd,Wear,Admit,LOT-96926481,361,MAT-15875,EU02,Ancillary Supply,CT-8742-ECD
LOT-26310890,Packaging,250478326,770454055,IL3395908,Either,657663746,Site,MAT-15875,Meet,721F5CBB-8FF,F038C3DD-DF4,LAT04,664393260,Production,791499401,SD949160,Miller-Hammond,Beautiful,It,LOT-26310890,233,MAT-15875,LAT04,Ancillary Supply,CT-8742-ECD
LOT-54560092,Production,148000671,289591780,IL6385950,Again,639018140,Study,MAT-15875,Deep,13D23ECC-032,1DE4A4D7-80D,EU02,101306408,Production,522182929,SD805488,Evans Group,Last,Film,LOT-54560092,89,MAT-15875,EU02,Ancillary Supply,CT-8742-ECD
LOT-61778837,Packaging,481021675,276896096,IL1172522,Use,891863873,Country,MAT-15875,Argue,C9553C30-3C9,BAFF899E-7D4,LAT04,699479602,Transfer,837461583,SD753381,"Daugherty, Blevins and Kim",Adult,White,LOT-61778837,203,MAT-15875,LAT04,Ancillary Supply,CT-8742-ECD
LOT-71950782,Packaging,835392727,789165978,IL8380822,Individual,457684601,Country,MAT-47140,Half,8733D49D-751,C1EDEFA4-014,EU02,569038355,Transfer,571852060,SD731634,Blackwell LLC,Mr,Father,LOT-71950782,211,MAT-47140,EU02,Comparator,CT-8742-ECD
LOT-77179223,Packaging,595183894,306262325,IL4578038,Travel,907394069,Site,MAT-47140,Key,F58F8FB7-75D,420B1E11-8DA,US01,182324816,Production,485108554,SD608379,"Bell, Sanders and Rosario",Data,Open,LOT-77179223,419,MAT-47140,US01,Comparator,CT-8742-ECD
LOT-99482219,Packaging,336670426,835001737,IL1095758,Personal,895309452,Study,MAT-47140,Find,B4AACE38-46A,DC77B20F-464,AP03,461097582,Transfer,563556680,SD514069,"Powell, Mccoy and Nichols",Possible,Site,LOT-99482219,497,MAT-47140,AP03,Comparator,CT-8742-ECD
LOT-97576608,Packaging,643803785,683832338,IL8515184,Thing,777446864,Country,MAT-47140,Citizen,B91ED3F0-13C,26C6F3AA-518,AP03,694979273,Production,885238549,SD221223,"Fisher, Hall and Williams",Government,Pull,LOT-97576608,414,MAT-47140,AP03,Comparator,CT-8742-ECD
LOT-73100049,Packaging,112960916,105766444,IL6496796,Great,512723953,Study,MAT-58634,Whether,0DB649CA-F40,F58F8FB7-75D,US01,549197192,Transfer,471654844,SD505243,Ortiz-Ramirez,Claim,Expect,LOT-73100049,88,MAT-58634,US01,Ancillary Supply,CT-7047-GQC
LOT-61967620,Distribution,192084965,196279548,IL1294135,Tell,724152612,Country,MAT-58634,Will,7BB74C9C-D85,4D00FA38-F44,AP03,391865609,Transfer,116441048,SD374379,Beard-Wilson,Free,On,LOT-61967620,257,MAT-58634,AP03,Ancillary Supply,CT-7047-GQC
LOT-51540998,Production,706545909,752227798,IL4838085,Sea,429506656,Country,MAT-58634,Choose,AAD7229E-CD6,13D23ECC-032,LAT04,978988431,Transfer,969971243,SD422498,"Kramer, Carter and Ryan",Second,Lot,LOT-51540998,246,MAT-58634,LAT04,Ancillary Supply,CT-7047-GQC
LOT-66613397,Distribution,556028547,155223047,IL6978750,Down,437892417,Site,MAT-18097,Herself,657B8A24-549,302EBFD8-75D,AP03,549489489,Production,856347718,SD154915,"Robbins, Obrien and Larson",On,Author,LOT-66613397,99,MAT-18097,AP03,Investigational Product,CT-7047-GQC
LOT-70117079,Distribution,666600781,707404068,IL6656596,Whether,885017849,Study,MAT-18097,Point,6BF20FDB-A43,FDCEFEF5-08F,LAT04,413255344,Transfer,599750333,SD380958,Cabrera-Crawford,Trade,Daughter,LOT-70117079,292,MAT-18097,LAT04,Investigational Product,CT-7047-GQC
LOT-41222298,Distribution,198097517,892477049,IL7069372,Mission,125418550,Site,MAT-92337,Where,57C036FF-7C4,092A544D-1B7,AP03,896148300,Transfer,721063697,SD974932,Lin Ltd,Standard,Drop,LOT-41222298,199,MAT-92337,AP03,Investigational Product,CT-7047-GQC
LOT-71110407,Production,533312172,106747838,IL3706524,Provide,134242166,Country,MAT-92337,Large,FF0D6EB9-415,D991D9F7-CFE,EU02,661406558,Production,429081301,SD218920,Nguyen-Duncan,Four,Old,LOT-71110407,327,MAT-92337,EU02,Investigational Product,CT-7047-GQC
LOT-60968631,Production,565804727,270542352,IL9617827,Thousand,415729300,Site,MAT-37872,Discover,7E8BFE7E-71C,ECA8CBD1-E04,EU02,686535748,Transfer,167736518,SD562032,Perkins PLC,Tv,Me,LOT-60968631,70,MAT-37872,EU02,Comparator,CT-1816-RCG
LOT-73297905,Production,675508043,580504193,IL2696701,Total,192885132,Country,MAT-37872,Free,215887CE-296,16279966-43F,AP03,980359068,Transfer,684814639,SD150075,"Nelson, Sellers and Herring",Old,Perform,LOT-73297905,183,MAT-37872,AP03,Comparator,CT-1816-RCG
LOT-19895402,Packaging,275056727,940846325,IL3816500,Set,386060384,Site,MAT-55297,He,40399FB4-B0C,48F49FFF-6F5,EU02,135174082,Production,997683468,SD519927,Clayton-Reynolds,Talk,Action,LOT-19895402,363,MAT-55297,EU02,Comparator,CT-1816-RCG
LOT-36343625,Packaging,574427301,340164469,IL9195158,Question,331171808,Country,MAT-55297,Large,0ACC4422-7D1,57C036FF-7C4,US01,622317601,Transfer,367950749,SD401841,Parker LLC,Present,Moment,LOT-36343625,236,MAT-55297,US01,Comparator,CT-1816-RCG
LOT-57559766,Distribution,553759395,288001792,IL6599802,Since,358466950,Study,MAT-14039,Be,37399508-4AE,216A0628-CE4,US01,177889999,Production,748590939,SD701655,Pena Inc,Head,Unit,LOT-57559766,248,MAT-14039,US01,Investigational Product,CT-6109-EDZ
LOT-83708194,Packaging,229217361,948258295,IL5029130,Usually,424969241,Study,MAT-14039,Garden,7E8BFE7E-71C,22D3A96C-CE5,US01,653793182,Transfer,881345121,SD420307,Hernandez-Bridges,Drug,Ago,LOT-83708194,246,MAT-14039,US01,Investigational Product,CT-6109-EDZ
LOT-51723458,Packaging,661651588,787854194,IL2313554,Trip,459010783,Site,MAT-14039,Board,AB2CA71A-47C,19165D8C-A56,US01,971934076,Production,104700088,SD679418,"Berg, Lynch and Wilson",Wide,Public,LOT-51723458,126,MAT-14039,US01,Investigational Product,CT-6109-EDZ
LOT-86190416,Production,518914557,369100905,IL3993570,According,858181583,Site,MAT-14039,Fire,DA07F536-CAB,A3929C23-5C7,US01,967191851,Production,944312270,SD987814,Bell Ltd,Table,Because,LOT-86190416,199,MAT-14039,US01,Investigational Product,CT-6109-EDZ
LOT-31019227,Production,409497725,560647832,IL6595175,Outside,790397811,Study,MAT-86168,While,6BF20FDB-A43,0559EAA9-2EA,US01,635744442,Transfer,190104096,SD826597,Burke LLC,Today,Money,LOT-31019227,391,MAT-86168,US01,Investigational Product,CT-6109-EDZ
LOT-17958339,Production,705948449,176444893,IL9992099,Budget,826800319,Study,MAT-86168,Country,535A2ABA-732,6AA14615-5B4,AP03,805008416,Transfer,407813501,SD208382,"Nelson, Lucero and Bell",Admit,Wish,LOT-17958339,288,MAT-86168,AP03,Investigational Product,CT-6109-EDZ
LOT-49441641,Distribution,673166776,835645519,IL7582594,Ability,162981204,Country,MAT-86168,Pressure,16279966-43F,29C1FE4B-0BF,LAT04,254933810,Production,622278074,SD655067,Johnson-Gray,Practice,End,LOT-49441641,359,MAT-86168,LAT04,Investigational Product,CT-6109-EDZ
LOT-70811881,Production,867837282,681843891,IL3715063,Born,495036495,Country,MAT-86168,See,5B47E6AA-FAF,5B67D985-194,LAT04,541250288,Production,583319744,SD393796,Barber-Hammond,Experience,Site,LOT-70811881,490,MAT-86168,LAT04,Investigational Product,CT-6109-EDZ
LOT-72460791,Production,365613602,982713032,IL9435920,Book,751064714,Country,MAT-16627,Computer,954B5F54-FC0,A66ABC3D-ED8,AP03,874244864,Production,275689904,SD980240,"Lewis, Bond and Johnson",Through,Serious,LOT-72460791,335,MAT-16627,AP03,Investigational Product,CT-9831-IEW
LOT-17670878,Distribution,756729018,451285374,IL4988891,Soldier,660988879,Country,MAT-16627,Pull,ECA8CBD1-E04,04FD0749-0E8,EU02,733009170,Production,645151942,SD382460,Johnson-Hensley,How,Third,LOT-17670878,388,MAT-16627,EU02,Investigational Product,CT-9831-IEW
LOT-99664516,Packaging,837204004,671345057,IL1486678,Whom,666696513,Study,MAT-33775,Know,E70B0CD9-41B,84171620-97D,LAT04,427263926,Transfer,243118874,SD487989,"Townsend, Carlson and Rose",Difference,Notice,LOT-99664516,491,MAT-33775,LAT04,Ancillary Supply,CT-9831-IEW
LOT-26376337,Production,346110291,856038857,IL5164444,At,137628633,Country,MAT-33775,Individual,57C036FF-7C4,F810F57F-82C,AP03,630850798,Production,435580334,SD400023,"Jones, Vargas and Cooper",Ready,System,LOT-26376337,167,MAT-33775,AP03,Ancillary Supply,CT-9831-IEW
LOT-57874485,Production,506407357,503418487,IL6451028,Food,206093911,Study,MAT-16078,Table,93E2AB3B-625,FDCEFEF5-08F,LAT04,971252204,Production,980338395,SD337974,"Leblanc, Robertson and Dunn",Measure,Nothing,LOT-57874485,430,MAT-16078,LAT04,Comparator,CT-9831-IEW
LOT-82476241,Packaging,354227711,971599100,IL6008906,Easy,116766880,Site,MAT-16078,White,10DC3E02-6DA,D12FEB9C-3EF,LAT04,310767047,Production,961019220,SD957038,Adkins-Obrien,Agree,State,LOT-82476241,462,MAT-16078,LAT04,Comparator,CT-9831-IEW
LOT-54732004,Production,349884893,663281988,IL3393031,Near,333647741,Country,MAT-49651,Beautiful,22D3A96C-CE5,C8CA32C6-E9E,LAT04,487921320,Production,455753087,SD465709,Clarke-Gaines,Bring,Pm,LOT-54732004,61,MAT-49651,LAT04,Investigational Product,CT-9831-IEW
LOT-46257312,Distribution,232219426,737514755,IL5333432,Represent,874554214,Study,MAT-49651,Free,216A0628-CE4,DB096D51-BDC,AP03,526484267,Transfer,623985049,SD793523,"Robertson, Wilson and Vang",Story,Child,LOT-46257312,89,MAT-49651,AP03,Investigational Product,CT-9831-IEW
LOT-18410275,Distribution,185179642,372116796,IL6769400,Piece,670432435,Country,MAT-49651,Question,B4AACE38-46A,E7347777-52D,AP03,459149160,Production,174837159,SD944004,Anderson Group,Prove,Bill,LOT-18410275,102,MAT-49651,AP03,Investigational Product,CT-9831-IEW
LOT-70273170,Distribution,321561609,650360775,IL3947994,Phone,123248563,Country,MAT-49651,Face,0DB649CA-F40,7697D79B-3FA,EU02,531390885,Transfer,902688783,SD385710,Evans-Singh,Worker,Keep,LOT-70273170,162,MAT-49651,EU02,Investigational Product,CT-9831-IEW
LOT-13344610,Packaging,720306688,988975564,IL5352387,Very,253950328,Study,MAT-34899,Capital,18BE1300-48F,5B47E6AA-FAF,LAT04,515846523,Production,190997470,SD180609,Johnson PLC,Song,Subject,LOT-13344610,246,MAT-34899,LAT04,Investigational Product,CT-3395-UCM
LOT-10817867,Production,372815284,451212144,IL7014550,Walk,154210637,Site,MAT-34899,Central,B9D604CE-B27,C93ED8AD-5FB,US01,669840839,Transfer,130226214,SD894969,Newman-Bruce,Type,Great,LOT-10817867,238,MAT-34899,US01,Investigational Product,CT-3395-UCM
LOT-30151730,Distribution,495082727,882641367,IL7823407,Science,627295297,Study,MAT-40706,Thus,0ACC4422-7D1,1DE4A4D7-80D,EU02,508968011,Production,552265665,SD674723,Graham PLC,Rate,Community,LOT-30151730,134,MAT-40706,EU02,Investigational Product,CT-3395-UCM
LOT-62442527,Production,101395551,960957682,IL4733507,Act,658790737,Country,MAT-40706,Feel,805781A7-E1A,053A9347-DD8,AP03,858908002,Production,309328717,SD455085,Baker and Sons,Reduce,Least,LOT-62442527,296,MAT-40706,AP03,Investigational Product,CT-3395-UCM
LOT-64232123,Packaging,230236392,245321686,IL8554049,Light,506468549,Country,MAT-40706,Could,A124C449-F40,7B08EEA7-A6C,AP03,569490741,Production,411914605,SD421390,Rogers Group,Where,Movie,LOT-64232123,141,MAT-40706,AP03,Investigational Product,CT-3395-UCM
LOT-16679340,Production,757220669,603115190,IL6343687,Eight,573986348,Site,MAT-82814,Watch,6779AAB3-F3B,9E01693A-016,US01,201716670,Transfer,132542696,SD466162,"Jones, Wells and Griffith",Until,Focus,LOT-16679340,54,MAT-82814,US01,Investigational Product,CT-3395-UCM
LOT-52789053,Packaging,162489347,167156446,IL7113332,Bill,419528353,Study,MAT-82814,Sure,D30AB6AE-A77,5B47E6AA-FAF,LAT04,735575694,Transfer,604760301,SD732655,Hughes Inc,Partner,Nor,LOT-52789053,210,MAT-82814,LAT04,Investigational Product,CT-3395-UCM
LOT-62567327,Distribution,586341991,347338591,IL5711563,Best,777595173,Study,MAT-82814,Growth,F5EA0FB0-86D,72E2F609-A3F,US01,525525278,Production,286830535,SD377965,Carlson-Vaughn,Education,Day,LOT-62567327,191,MAT-82814,US01,Investigational Product,CT-3395-UCM
LOT-66136964,Distribution,192822998,774050023,IL7735515,Education,646732763,Site,MAT-40089,Agency,053A9347-DD8,C93ED8AD-5FB,US01,460646849,Production,643060641,SD421083,"Bradley, Barnes and Graves",Peace,Coach,LOT-66136964,472,MAT-40089,US01,Investigational Product,CT-4229-AWU
LOT-19373416,Production,825636952,959436368,IL2536786,Land,819871565,Country,MAT-40089,Get,6578EBA2-254,805781A7-E1A,LAT04,484851652,Transfer,311295555,SD277688,"Rasmussen, Torres and Phillips",Poor,Special,LOT-19373416,287,MAT-40089,LAT04,Investigational Product,CT-4229-AWU
LOT-22597604,Packaging,119071524,422767449,IL6049392,Main,993484376,Site,MAT-47986,War,41D466A6-21E,CCD65B39-FFB,EU02,106107771,Transfer,600254535,SD154735,Zimmerman LLC,Growth,Heavy,LOT-22597604,349,MAT-47986,EU02,Investigational Product,CT-4229-AWU
LOT-12068529,Production,775407612,112978555,IL8521338,Responsibility,675688866,Site,MAT-47986,Door,AD35DE4B-215,137379DF-53E,LAT04,942948759,Transfer,492920426,SD165721,"Ford, Chan and Swanson",Professional,Although,LOT-12068529,406,MAT-47986,LAT04,Investigational Product,CT-4229-AWU
LOT-13988492,Distribution,779023694,566593129,IL4263427,Put,359006996,Study,MAT-47986,Bill,C8E46777-965,41760EC3-898,AP03,614886432,Production,599530825,SD973479,"Willis, Gardner and Cox",Week,Account,LOT-13988492,183,MAT-47986,AP03,Investigational Product,CT-4229-AWU
LOT-91082003,Packaging,180014618,657324852,IL8180024,Wish,433935419,Study,MAT-30745,Land,0B269C0B-68B,43A721B6-D4D,LAT04,874849005,Transfer,627737764,SD994989,"Flores, Morales and Ward",Pay,Hope,LOT-91082003,413,MAT-30745,LAT04,Comparator,CT-4229-AWU
LOT-81143076,Packaging,631742298,947236822,IL5188421,Hospital,189592711,Country,MAT-30745,Behind,E9DC4109-30B,ACC4DB4C-3ED,AP03,397843270,Production,660583129,SD224058,Smith-Roberts,He,Catch,LOT-81143076,306,MAT-30745,AP03,Comparator,CT-4229-AWU
LOT-26118494,Packaging,211248679,769651406,IL9469054,But,434401844,Study,MAT-30745,Interest,D5E639AD-82A,EA3FBE37-E91,EU02,982491836,Transfer,728531842,SD264460,Jimenez-Barton,Network,Property,LOT-26118494,460,MAT-30745,EU02,Comparator,CT-4229-AWU
LOT-30324704,Production,694436329,287253881,IL1200865,Kind,721039790,Site,MAT-22354,Beyond,661396B5-BE2,0559EAA9-2EA,US01,102633760,Production,466405166,SD658867,"Greene, Tran and Townsend",Much,Training,LOT-30324704,183,MAT-22354,US01,Investigational Product,CT-4229-AWU
LOT-85774109,Packaging,656439148,302566490,IL2326745,Low,185120153,Site,MAT-22354,Loss,7E8BFE7E-71C,13D23ECC-032,LAT04,385889278,Production,609141299,SD443192,"Watkins, Navarro and Smith",Care,Small,LOT-85774109,490,MAT-22354,LAT04,Investigational Product,CT-4229-AWU
LOT-34068905,Packaging,407184827,285512323,IL3650793,Catch,302853254,Site,MAT-22354,Director,820B4015-B5D,ECE5617D-411,EU02,643352610,Transfer,845075763,SD690901,Glover Ltd,Look,Thing,LOT-34068905,371,MAT-22354,EU02,Investigational Product,CT-4229-AWU
LOT-16473868,Packaging,925873849,509204549,IL2022387,Ask,933440098,Country,MAT-22610,Career,D9F20807-A58,9D1D8DAF-160,EU02,354492491,Transfer,378044080,SD434973,Allen and Sons,Part,Wife,LOT-16473868,223,MAT-22610,EU02,Ancillary Supply,CT-9771-CZL
LOT-85311620,Packaging,695156939,573326990,IL6959493,Suffer,148414096,Country,MAT-22610,Admit,E7347777-52D,694E96DC-2A6,US01,885667640,Transfer,713348570,SD890998,"Baker, Thomas and Wright",Decade,Forward,LOT-85311620,283,MAT-22610,US01,Ancillary Supply,CT-9771-CZL
LOT-83383410,Packaging,449820685,494254565,IL6466744,Meeting,788816320,Study,MAT-22610,This,DB096D51-BDC,56F016D1-42A,AP03,913807913,Production,268143954,SD645477,"Swanson, Hunter and Boyer",Range,Hour,LOT-83383410,113,MAT-22610,AP03,Ancillary Supply,CT-9771-CZL
LOT-73505709,Packaging,310393039,106165456,IL8717626,Entire,391726229,Country,MAT-22610,Growth,9E01693A-016,93E2AB3B-625,AP03,305414062,Production,346940104,SD778528,"Lynch, Terry and Acevedo",Community,Right,LOT-73505709,447,MAT-22610,AP03,Ancillary Supply,CT-9771-CZL
LOT-29648706,Distribution,575071987,354857212,IL7934724,Risk,161772705,Site,MAT-93544,Friend,D9F20807-A58,AB2CA71A-47C,LAT04,365228698,Transfer,147752953,SD597551,Guerrero-Hanna,Single,Certain,LOT-29648706,252,MAT-93544,LAT04,Investigational Product,CT-9771-CZL
LOT-11996537,Distribution,487828524,176287117,IL8352099,Goal,944027359,Country,MAT-93544,Over,0ACC4422-7D1,053A9347-DD8,AP03,913770735,Transfer,126370295,SD236989,Johnson and Sons,Site,Draw,LOT-11996537,420,MAT-93544,AP03,Investigational Product,CT-9771-CZL
LOT-49258177,Distribution,758911990,118783704,IL7582244,At,378382233,Study,MAT-93544,This,A8BF7403-DA8,D1C0BAB1-86B,EU02,737004249,Production,949834346,SD724590,Jackson PLC,Behavior,Type,LOT-49258177,160,MAT-93544,EU02,Investigational Product,CT-9771-CZL
LOT-27607761,Distribution,865886510,176409331,IL5531195,Fast,886834368,Country,MAT-39627,Democratic,974CD620-D0E,C863EED3-4DE,EU02,233865315,Production,299961807,SD496999,"Lewis, Fuller and Mcdowell",Tax,Truth,LOT-27607761,170,MAT-39627,EU02,Comparator,CT-5014-EEP
LOT-35809899,Production,962036581,758691644,IL7795500,Article,292365657,Study,MAT-39627,Place,72B8F29D-C0E,F5EA0FB0-86D,US01,396530785,Transfer,993710315,SD475318,Holt Group,Stay,Follow,LOT-35809899,182,MAT-39627,US01,Comparator,CT-5014-EEP
LOT-29384973,Packaging,664307038,967287690,IL8357687,Sure,756134231,Study,MAT-53554,Throughout,137379DF-53E,7F8EA55C-605,EU02,944977111,Transfer,463901125,SD852426,Reid-Chambers,Job,Church,LOT-29384973,336,MAT-53554,EU02,Ancillary Supply,CT-5014-EEP
LOT-27803441,Production,402531435,610225115,IL9951926,Democrat,883064484,Site,MAT-53554,Man,43A721B6-D4D,AAD7229E-CD6,EU02,646815154,Production,408327939,SD550773,"Lyons, Johnson and Delacruz",Accept,Strong,LOT-27803441,413,MAT-53554,EU02,Ancillary Supply,CT-5014-EEP
LOT-41301239,Production,515376821,499093951,IL6422132,Pm,159585600,Country,MAT-46171,Deep,24B63DC5-4E0,C863EED3-4DE,EU02,567609678,Production,997349019,SD327770,"Schwartz, Castro and Jackson",Available,None,LOT-41301239,202,MAT-46171,EU02,Ancillary Supply,CT-3636-AVP
LOT-74019635,Distribution,387480402,280344716,IL4445600,Shake,450697251,Country,MAT-46171,But,D822806C-DEC,F07DEB5E-390,LAT04,309775578,Production,581604637,SD772282,Soto and Sons,Series,Peace,LOT-74019635,244,MAT-46171,LAT04,Ancillary Supply,CT-3636-AVP
LOT-91968301,Packaging,600725594,173179836,IL2909792,Agent,273654502,Study,MAT-46171,Local,423FCCAC-9C3,06816510-E5D,EU02,852348752,Transfer,301147127,SD593388,Diaz Group,Nothing,Will,LOT-91968301,183,MAT-46171,EU02,Ancillary Supply,CT-3636-AVP
LOT-47865891,Packaging,452776993,558454687,IL5599913,Top,429386208,Study,MAT-46171,Day,3C28F46E-D2C,72B8F29D-C0E,LAT04,839854301,Transfer,249144850,SD332002,"Taylor, Ryan and Lucas",Step,Wife,LOT-47865891,170,MAT-46171,LAT04,Ancillary Supply,CT-3636-AVP
LOT-86551756,Packaging,647639373,791386086,IL6358602,Set,704114351,Country,MAT-54383,Home,CE77A960-CDA,AED5210F-538,EU02,473422221,Production,618611211,SD866232,Williams-Duncan,Condition,American,LOT-86551756,110,MAT-54383,EU02,Comparator,CT-3636-AVP
LOT-89567405,Distribution,451741356,680285800,IL5046468,Others,224733507,Site,MAT-54383,Majority,49D908EC-D19,2D1D3AF0-A99,US01,403220266,Production,251264161,SD108506,Wheeler-Watson,No,Consumer,LOT-89567405,445,MAT-54383,US01,Comparator,CT-3636-AVP
LOT-27778437,Packaging,609326030,139020741,IL9189855,Police,535098664,Site,MAT-54383,Radio,40399FB4-B0C,A7510327-2D1,EU02,385086802,Transfer,159761387,SD750532,Davis-Jones,Resource,Truth,LOT-27778437,85,MAT-54383,EU02,Comparator,CT-3636-AVP
LOT-26774933,Distribution,738011890,434795568,IL3970672,Former,328222301,Country,MAT-66257,Final,E1DECF3D-AD6,18BE1300-48F,US01,175286056,Transfer,128541682,SD340847,Bennett-Webb,Tax,She,LOT-26774933,237,MAT-66257,US01,Comparator,CT-7484-BIH
LOT-26012891,Distribution,537450515,688042679,IL9710974,Vote,381667219,Study,MAT-66257,Toward,43A721B6-D4D,41760EC3-898,AP03,389206925,Transfer,226241487,SD701934,Fisher Group,Let,Not,LOT-26012891,304,MAT-66257,AP03,Comparator,CT-7484-BIH
LOT-16159838,Distribution,763867159,832399635,IL5390475,Teach,179530167,Country,MAT-66257,Meet,22D3A96C-CE5,6C1C5C9C-E11,US01,685529821,Transfer,119175853,SD834482,Duncan Inc,Customer,True,LOT-16159838,63,MAT-66257,US01,Comparator,CT-7484-BIH
LOT-31439488,Packaging,271952788,442084281,IL4498268,Occur,995520795,Country,MAT-66374,Successful,A7AEB7DC-2CF,19165D8C-A56,US01,502483054,Transfer,218851244,SD514325,"Stevens, Morales and Hall",Movie,Billion,LOT-31439488,66,MAT-66374,US01,Ancillary Supply,CT-7484-BIH
LOT-34726751,Packaging,414580862,892815306,IL2968079,Leg,311348445,Country,MAT-66374,Not,D4D67F91-29D,502EC192-A84,US01,168680193,Transfer,162385634,SD361627,Arnold Group,Story,Stand,LOT-34726751,335,MAT-66374,US01,Ancillary Supply,CT-7484-BIH
LOT-69561395,Packaging,749056376,874944671,IL9195575,Wonder,899018561,Study,MAT-66374,West,DC052809-D93,D620F7F5-660,LAT04,665958004,Production,127322624,SD467871,Williams-Mejia,Site,Instead,LOT-69561395,238,MAT-66374,LAT04,Ancillary Supply,CT-7484-BIH
LOT-65547337,Distribution,683698950,755152944,IL8073558,High,462640094,Country,MAT-74247,Prove,13D23ECC-032,84747643-3B7,LAT04,934845704,Transfer,278546170,SD362417,Miller Ltd,Trouble,Natural,LOT-65547337,147,MAT-74247,LAT04,Investigational Product,CT-7484-BIH
LOT-39340148,Packaging,665723997,748556816,IL1545041,Throughout,265453826,Site,MAT-74247,Wonder,46866D25-F7F,F2407184-2CE,LAT04,278060338,Production,433826392,SD245786,"Donaldson, Lane and Smith",Success,Happy,LOT-39340148,366,MAT-74247,LAT04,Investigational Product,CT-7484-BIH
LOT-17450919,Packaging,756603195,869845310,IL7006053,Wrong,694065909,Site,MAT-18458,So,4FFC728A-450,FDCEFEF5-08F,LAT04,459013367,Production,340261229,SD763466,Washington-Grant,Say,Although,LOT-17450919,315,MAT-18458,LAT04,Ancillary Supply,CT-7487-KNX
LOT-75893896,Production,220502028,599930172,IL9578972,Loss,423808184,Country,MAT-18458,Exactly,7BB74C9C-D85,84171620-97D,LAT04,852629719,Production,500185908,SD629300,"Jackson, Cortez and Miles",Night,Get,LOT-75893896,378,MAT-18458,LAT04,Ancillary Supply,CT-7487-KNX
LOT-59884250,Production,426915771,910337902,IL2383228,Art,252958169,Study,MAT-18458,End,84747643-3B7,2F2C7D94-2CE,EU02,338105536,Transfer,296228187,SD722791,"Smith, Jones and Johnston",Far,Clear,LOT-59884250,87,MAT-18458,EU02,Ancillary Supply,CT-7487-KNX
LOT-10801382,Production,458658611,655544798,IL6390612,Despite,800912683,Study,MAT-18458,Citizen,333F654A-085,D9F20807-A58,US01,170471090,Transfer,796011788,SD225820,Clark-David,Former,Get,LOT-10801382,303,MAT-18458,US01,Ancillary Supply,CT-7487-KNX
LOT-90900846,Production,243144405,981440722,IL2531571,Medical,797115920,Study,MAT-56157,Different,1237E7EE-E08,41760EC3-898,AP03,440785188,Production,550783457,SD734498,Hudson and Sons,Debate,Leave,LOT-90900846,149,MAT-56157,AP03,Comparator,CT-7487-KNX
LOT-70758392,Production,192750638,120394674,IL6621119,Collection,363955799,Country,MAT-56157,Rest,ECA8CBD1-E04,CE77A960-CDA,EU02,892945566,Transfer,585469490,SD447987,Simmons Group,Catch,Air,LOT-70758392,224,MAT-56157,EU02,Comparator,CT-7487-KNX
LOT-25529234,Production,488684922,916032499,IL9586647,Surface,474861897,Site,MAT-56157,When,72B8F29D-C0E,B83CFAB5-B68,US01,105877819,Production,312458171,SD392364,Martinez-Anderson,Moment,Listen,LOT-25529234,268,MAT-56157,US01,Comparator,CT-7487-KNX
LOT-99304671,Production,850426696,653291356,IL2127577,Structure,736234440,Country,MAT-59372,Increase,7E8BFE7E-71C,43F442CA-654,US01,209721883,Production,492992752,SD830146,Sanchez LLC,Sure,Raise,LOT-99304671,331,MAT-59372,US01,Ancillary Supply,CT-7487-KNX
LOT-31152831,Packaging,933273485,932573882,IL6451162,True,592823900,Country,MAT-59372,Much,44597FDE-ED2,502EC192-A84,US01,453925107,Production,578538965,SD339368,Glover-Stephens,Bag,Appear,LOT-31152831,319,MAT-59372,US01,Ancillary Supply,CT-7487-KNX
LOT-10539218,Production,726129381,113663415,IL9397957,Number,724088278,Site,MAT-73628,Tonight,37399508-4AE,BAFF899E-7D4,LAT04,551083986,Transfer,617267510,SD721603,Garcia-Griffith,Question,Free,LOT-10539218,455,MAT-73628,LAT04,Ancillary Supply,CT-3230-HFO
LOT-32873081,Production,349545674,926203760,IL5334225,Foot,971608275,Study,MAT-73628,Dark,E70B0CD9-41B,3C28F46E-D2C,US01,456725983,Production,747304259,SD119979,Turner-Ruiz,Professional,Nice,LOT-32873081,157,MAT-73628,US01,Ancillary Supply,CT-3230-HFO
LOT-28229614,Packaging,835378287,631639882,IL7096269,Each,312631968,Site,MAT-68176,Sister,79EDC353-4DF,37399508-4AE,EU02,826282372,Transfer,953608226,SD992403,Parker-Cole,Fly,Lead,LOT-28229614,177,MAT-68176,EU02,Comparator,CT-3230-HFO
LOT-78676156,Production,924188957,580281868,IL2683729,Eat,836834105,Country,MAT-68176,Senior,18BE1300-48F,CDED8377-18B,LAT04,775161909,Transfer,945768442,SD630785,Brown Group,Congress,Character,LOT-78676156,348,MAT-68176,LAT04,Comparator,CT-3230-HFO
LOT-46366370,Distribution,814733310,456219730,IL2273772,Wind,715310748,Country,MAT-68176,Old,29A6CFAF-AF6,4C575DF3-DBF,LAT04,559221450,Production,373389774,SD642280,Smith LLC,Fire,East,LOT-46366370,360,MAT-68176,LAT04,Comparator,CT-3230-HFO
LOT-65730343,Production,557296032,460849936,IL9786187,Class,699506130,Site,MAT-54713,Production,5B67D985-194,72E2F609-A3F,US01,672917991,Production,562535952,SD114030,Benson Inc,Environmental,Me,LOT-65730343,194,MAT-54713,US01,Ancillary Supply,CT-3230-HFO
LOT-63929636,Production,598974825,762602328,IL9793699,May,321759615,Site,MAT-54713,Green,CD20E168-B67,060D2D29-5FD,US01,796677318,Transfer,621624737,SD789217,"Adams, Lopez and Washington",Almost,Kind,LOT-63929636,57,MAT-54713,US01,Ancillary Supply,CT-3230-HFO
LOT-58463446,Distribution,106380624,299397335,IL4989400,Prove,419990577,Country,MAT-54713,Put,3927BB78-AC5,7D85A9BB-51A,LAT04,511359298,Transfer,320246430,SD420199,"Allen, Miller and Roman",Window,International,LOT-58463446,83,MAT-54713,LAT04,Ancillary Supply,CT-3230-HFO
LOT-54197135,Production,504725259,147592130,IL8515049,Choice,367338499,Site,MAT-54713,Enjoy,AED5210F-538,092A544D-1B7,AP03,607855183,Transfer,470303347,SD910335,"Rogers, Kim and Baker",Break,Officer,LOT-54197135,139,MAT-54713,AP03,Ancillary Supply,CT-3230-HFO
LOT-28144033,Distribution,728602563,999034601,IL2305561,Million,387445439,Site,MAT-75647,Door,7EA3E715-4EB,D465FA61-668,US01,547857475,Transfer,953819614,SD930324,Brown Inc,Much,Less,LOT-28144033,228,MAT-75647,US01,Ancillary Supply,CT-6551-IBW
LOT-11280930,Production,668688086,582852093,IL4098536,Visit,653151992,Site,MAT-75647,Smile,E9DC4109-30B,B8C67610-950,LAT04,410546074,Transfer,372539781,SD353830,Bird-Baker,Join,Throw,LOT-11280930,107,MAT-75647,LAT04,Ancillary Supply,CT-6551-IBW
LOT-89806740,Packaging,996827938,415727420,IL6278915,Drop,285221801,Study,MAT-79992,Three,7B08EEA7-A6C,56F016D1-42A,AP03,240435695,Transfer,456151394,SD577341,Ibarra-Noble,Fact,Try,LOT-89806740,328,MAT-79992,AP03,Ancillary Supply,CT-6551-IBW
LOT-71401478,Packaging,228104005,485659984,IL9171968,Dinner,729347710,Country,MAT-79992,Somebody,4D00FA38-F44,A124C449-F40,EU02,912824056,Transfer,566097969,SD630415,"Manning, Valentine and Myers",Item,You,LOT-71401478,399,MAT-79992,EU02,Ancillary Supply,CT-6551-IBW
LOT-34574127,Production,268532075,863643900,IL1261071,Light,298942735,Study,MAT-79992,Authority,082EC977-749,721F5CBB-8FF,EU02,225585261,Production,933593187,SD352790,Kennedy Ltd,Interest,Value,LOT-34574127,456,MAT-79992,EU02,Ancillary Supply,CT-6551-IBW
LOT-20749320,Distribution,148155284,484095394,IL3207793,Big,197301573,Study,MAT-52579,At,C3C4CA8C-DA3,A8BF7403-DA8,EU02,523521412,Production,980810574,SD383447,"Fuller, Clark and Ramsey",Hear,Page,LOT-20749320,429,MAT-52579,EU02,Comparator,CT-6551-IBW
LOT-44540514,Packaging,529519588,418346821,IL4423916,Focus,392853386,Country,MAT-52579,Former,0DB649CA-F40,46866D25-F7F,EU02,932987318,Transfer,821067280,SD737689,Rocha-Johnson,Better,Case,LOT-44540514,385,MAT-52579,EU02,Comparator,CT-6551-IBW
LOT-91103841,Packaging,713915183,615404907,IL4583542,Pattern,662405262,Country,MAT-52579,Mouth,D12FEB9C-3EF,84747643-3B7,LAT04,206812213,Production,514794721,SD635956,"Howe, Walker and Grimes",Set,Reduce,LOT-91103841,432,MAT-52579,LAT04,Comparator,CT-6551-IBW
LOT-59019698,Production,784379784,809121075,IL7439103,In,567335884,Study,MAT-22152,Firm,215887CE-296,4C575DF3-DBF,LAT04,488616823,Production,524754213,SD178209,"Stark, Stewart and Burnett",Half,Could,LOT-59019698,266,MAT-22152,LAT04,Ancillary Supply,CT-3472-PNG
LOT-36766763,Packaging,265427975,325852682,IL2749197,Own,453928360,Country,MAT-22152,During,D465FA61-668,7BB74C9C-D85,US01,135935298,Transfer,469851398,SD477798,Chavez and Sons,Worker,Fear,LOT-36766763,334,MAT-22152,US01,Ancillary Supply,CT-3472-PNG
LOT-88008746,Production,906840164,202696703,IL9067762,Human,781266343,Country,MAT-45907,On,AB2CA71A-47C,A3929C23-5C7,US01,277012591,Transfer,325786893,SD648435,Duncan-Rosales,Ball,End,LOT-88008746,169,MAT-45907,US01,Ancillary Supply,CT-3472-PNG
LOT-14377768,Packaging,857999616,552252940,IL9626897,Its,541982098,Country,MAT-45907,Radio,6BF20FDB-A43,22D3A96C-CE5,US01,870518537,Transfer,294434441,SD720420,"Foley, Flowers and Johnson",Computer,Medical,LOT-14377768,148,MAT-45907,US01,Ancillary Supply,CT-3472-PNG
LOT-16979238,Production,154622835,377365284,IL2132887,Learn,638880895,Study,MAT-45907,Raise,9313CC9E-3F2,E09D9D69-D6E,EU02,704846052,Production,308475610,SD869382,"Jones, Fuller and Matthews",Environment,Full,LOT-16979238,446,MAT-45907,EU02,Ancillary Supply,CT-3472-PNG
LOT-22463904,Distribution,126627543,976739410,IL2399685,Build,633902665,Study,MAT-45907,Position,E70B0CD9-41B,6BBDED17-78C,US01,824494346,Production,851112959,SD984105,Taylor LLC,Production,Themselves,LOT-22463904,149,MAT-45907,US01,Ancillary Supply,CT-3472-PNG
LOT-21437748,Packaging,860432210,492162419,IL8595083,Tough,630209698,Study,MAT-84153,Many,26C6F3AA-518,29A6CFAF-AF6,US01,818984191,Production,851701093,SD434973,"Lang, King and Benson",Certain,Important,LOT-21437748,243,MAT-84153,US01,Comparator,CT-3472-PNG
LOT-89268420,Production,228244167,183911576,IL9424299,Record,582183229,Site,MAT-84153,Lose,276063F6-554,9D1D8DAF-160,EU02,422048532,Production,455447508,SD634684,Jones Group,Run,Son,LOT-89268420,372,MAT-84153,EU02,Comparator,CT-3472-PNG
LOT-96443919,Distribution,270362618,852341944,IL8487681,Son,648439581,Country,MAT-31615,Too,1466B603-499,1DE4A4D7-80D,EU02,911667079,Transfer,908132573,SD495477,Weaver PLC,Indeed,Six,LOT-96443919,392,MAT-31615,EU02,Comparator,CT-9781-BYC
LOT-91403277,Packaging,232824187,867184753,IL4530260,Technology,705693487,Site,MAT-31615,Shoulder,19165D8C-A56,D822806C-DEC,AP03,483598452,Transfer,812680054,SD772076,Hancock-Lewis,Various,Beautiful,LOT-91403277,488,MAT-31615,AP03,Comparator,CT-9781-BYC
LOT-56495866,Distribution,929565325,485722718,IL4818784,Ever,554303844,Study,MAT-31615,Together,AD35DE4B-215,044D2FC6-0A1,LAT04,939285044,Transfer,582590185,SD877061,Lewis-Huynh,Threat,Red,LOT-56495866,258,MAT-31615,LAT04,Comparator,CT-9781-BYC
LOT-27880910,Distribution,418467890,670568786,IL7660704,Next,338568186,Study,MAT-98864,Day,46866D25-F7F,C3C4CA8C-DA3,LAT04,113365184,Production,908643783,SD693423,Rodriguez-Ryan,Participant,Through,LOT-27880910,366,MAT-98864,LAT04,Ancillary Supply,CT-9781-BYC
LOT-76547161,Production,336388716,228735716,IL7560996,Upon,482992810,Study,MAT-98864,Safe,29A6CFAF-AF6,DB096D51-BDC,AP03,540243905,Transfer,198277907,SD913958,"Guzman, Hanson and Young",Media,Security,LOT-76547161,379,MAT-98864,AP03,Ancillary Supply,CT-9781-BYC
LOT-37532398,Distribution,908307073,191130092,IL8911518,Occur,769921910,Country,MAT-98864,Indeed,105D5698-13F,30986C0B-785,LAT04,845297867,Transfer,506474502,SD756712,Ramirez Group,Early,Tell,LOT-37532398,66,MAT-98864,LAT04,Ancillary Supply,CT-9781-BYC
LOT-30558715,Production,140705766,793038277,IL7028410,Buy,138843512,Site,MAT-59079,Consider,302EBFD8-75D,703C84BA-54F,US01,996717526,Transfer,379134789,SD344013,Smith-Wright,Include,Most,LOT-30558715,254,MAT-59079,US01,Investigational Product,CT-9781-BYC
LOT-35724940,Distribution,828892440,492279941,IL7488291,Mean,571356007,Country,MAT-59079,Arm,835C170B-558,81962565-3BA,LAT04,419183913,Production,516305870,SD956750,Martinez PLC,Property,Once,LOT-35724940,96,MAT-59079,LAT04,Investigational Product,CT-9781-BYC
LOT-62858960,Distribution,551065902,323458565,IL9023941,Thank,121536833,Study,MAT-59079,Huge,E7347777-52D,053A9347-DD8,AP03,765898201,Production,763132422,SD796505,"Hubbard, Miller and Smith",Majority,Relate,LOT-62858960,203,MAT-59079,AP03,Investigational Product,CT-9781-BYC
LOT-60226706,Production,297484464,889241214,IL3939589,Woman,456684305,Country,MAT-96156,Often,C39FF96A-D71,2A431C19-BD6,US01,774976837,Production,717830613,SD609336,"Blair, Johnson and Herrera",Its,Scientist,LOT-60226706,157,MAT-96156,US01,Ancillary Supply,CT-9781-BYC
LOT-50305764,Packaging,435430450,535711396,IL6063930,Because,346798500,Country,MAT-96156,Suffer,9313CC9E-3F2,57C036FF-7C4,US01,898227869,Production,909884303,SD108953,Mendoza-Mendez,Religious,Find,LOT-50305764,300,MAT-96156,US01,Ancillary Supply,CT-9781-BYC
LOT-72341875,Packaging,990657769,793217846,IL5166795,Character,567755458,Study,MAT-96156,Must,C3C4CA8C-DA3,13D23ECC-032,LAT04,474880919,Transfer,310353616,SD320077,Brown-Rowe,Great,Finally,LOT-72341875,72,MAT-96156,LAT04,Ancillary Supply,CT-9781-BYC
