Alternative BOM Id,Alternative BOM Text,Batch Id,Bill of material,BOM component Id,BomItem Category Description,BOM Item Number,BOM status,BOM text,BOM Usage,Bom Usage Description,Change Date Component,Change Date Header,Component Mat Type Desc,Co-Product flag,Costing Relevancy Flag,Create Date Component,Create Date Header,Item category bill of material,Item ID,Item ID STAS,Material Type,Material Number,Next Inspection Date,Phantom Item flag,Plant,Special procurement type for BOM item,UOM Header,Uom Id Component,Material Component,Trial Alias
754381749,Begin community trip,BATCH-598626,BOM-95304,MAT-60599,Phantom Item,370352016,Active,These fear purpose,Ready,Food artist friend mention gun,2024-09-11,2025-11-04,News,No,4427.17,2023-11-22,2024-09-11,Any,142217829,544104767,Ancillary Supply,MAT-60599,2024-01-09,Yes,AP03,Nation,Imagine,650995559,MAT-60599,CT-2004-PSX
348465555,With when industry,BATCH-839504,BOM-79093,MAT-32011,Phantom Item,172038844,Active,Matter hotel work office,Develop,Example sign someone laugh,2025-02-23,2023-12-01,Maybe,Yes,1644.5,2023-12-29,2026-06-28,Easy,808715604,659899862,Ancillary Supply,MAT-60599,2024-06-08,Yes,AP03,Draw,Several,185616218,MAT-32011,CT-2004-PSX
364854409,Dream effect building green billion,BATCH-726100,BOM-84226,MAT-97442,Stock Item,315287131,Active,Green wonder,Time,Happen very center,2026-07-04,2025-10-15,Recognize,Yes,873.81,2025-11-07,2026-05-25,Color,242694177,950030011,Ancillary Supply,MAT-60599,2024-12-23,Yes,EU02,Out,Own,348882872,MAT-97442,CT-2004-PSX
734124545,Pull study teach note,BATCH-746507,BOM-27465,MAT-60599,Stock Item,308335631,Active,Fire actually ago,Since,Two public PM not,2024-04-16,2024-08-21,Week,No,4673.01,2026-08-16,2025-06-09,Sound,135829511,460377353,Comparator,MAT-32011,2024-11-15,Yes,EU02,Else,Third,411409381,MAT-60599,CT-2004-PSX
493331873,She me analysis behind suffer,BATCH-356383,BOM-48793,MAT-32011,Phantom Item,917133151,Obsolete,Former best side view a,Direction,One management,2024-01-17,2025-08-16,Discover,No,2764.15,2026-10-03,2026-02-18,Product,528663527,201022437,Comparator,MAT-32011,2025-08-13,No,US01,Reveal,Simple,895694706,MAT-32011,CT-2004-PSX
996592412,Lead anyone at identify,BATCH-715121,BOM-39543,MAT-97442,Phantom Item,254218416,Obsolete,Past option,Picture,Scientist sometimes month score,2026-09-16,2024-04-01,Also,No,1824.21,2024-07-27,2025-04-28,Away,951988613,764675831,Comparator,MAT-32011,2024-04-24,Yes,US01,According,Maintain,192314980,MAT-97442,CT-2004-PSX
333997723,Boy up attorney number pass,BATCH-950505,BOM-97836,MAT-60599,Phantom Item,489293981,Active,Traditional image large something purpose,Sea,Support go ever movement,2026-04-23,2024-03-31,Citizen,Yes,1175.92,2025-07-16,2024-07-15,Director,778159892,623062597,Comparator,MAT-97442,2024-09-26,No,EU02,Someone,Suffer,380055586,MAT-60599,CT-2004-PSX
590403156,Clearly game government side,BATCH-236472,BOM-26332,MAT-32011,Phantom Item,133462826,Active,Herself assume quickly should,Environmental,Current forget fish,2025-11-21,2024-05-26,With,No,2993.7,2024-05-22,2026-04-12,Discussion,412728322,636192749,Comparator,MAT-97442,2025-08-01,Yes,AP03,Toward,Radio,763305712,MAT-32011,CT-2004-PSX
450857391,Foreign here television throughout,BATCH-161494,BOM-82288,MAT-97442,Phantom Item,862529052,Active,Knowledge find majority market,Environment,Respond none similar easy,2024-06-06,2024-12-29,Marriage,Yes,1740.31,2025-10-15,2025-05-10,Get,210594151,390386469,Comparator,MAT-97442,2025-05-13,Yes,EU02,Guess,Strategy,904840697,MAT-97442,CT-2004-PSX
150639816,Son team executive south,BATCH-967253,BOM-92589,MAT-49508,Phantom Item,609018873,Active,Different man,Your,Recently she think,2025-07-06,2024-10-26,Nearly,Yes,4763.08,2024-12-15,2026-04-03,Conference,315659772,286338442,Ancillary Supply,MAT-49508,2026-08-22,Yes,AP03,Charge,Media,386542741,MAT-49508,CT-6592-IDY
854672079,Mouth thing brother price start,BATCH-849235,BOM-80203,MAT-17085,Stock Item,195680981,Obsolete,Couple traditional political,Nor,Tree drive south listen evidence,2024-04-04,2025-02-27,Option,No,919.8,2026-06-08,2026-10-14,Offer,122822962,684623171,Ancillary Supply,MAT-49508,2025-04-13,No,US01,Specific,He,604814479,MAT-17085,CT-6592-IDY
768587404,Here seek,BATCH-179830,BOM-95402,MAT-49508,Phantom Item,277501050,Obsolete,Character space program visit mind,Cell,Can clear fire left expect,2024-08-11,2025-05-11,Current,No,949.99,2026-09-02,2024-02-08,Party,444358237,886068479,Investigational Product,MAT-17085,2025-01-10,Yes,EU02,Election,Fire,122392882,MAT-49508,CT-6592-IDY
599141169,How trouble operation consider major,BATCH-356280,BOM-98884,MAT-17085,Stock Item,309063988,Obsolete,Push ask,Small,Vote seek answer act,2025-12-17,2025-07-20,Both,Yes,2539.67,2025-11-24,2026-02-01,Ask,259855563,578760369,Investigational Product,MAT-17085,2026-01-25,No,US01,People,Public,684480755,MAT-17085,CT-6592-IDY
419619514,Check financial decide,BATCH-745394,BOM-45429,MAT-84265,Phantom Item,934328867,Active,Beyond eight ever morning,Each,Institution soon without happen foreign,2024-04-09,2024-05-10,None,Yes,4368.17,2026-01-20,2025-06-29,Generation,528220081,449936709,Ancillary Supply,MAT-84265,2025-12-23,No,US01,To,Yeah,951102555,MAT-84265,CT-8970-PLO
687982544,Some service,BATCH-301420,BOM-59962,MAT-82398,Phantom Item,639534820,Obsolete,Full place,So,Shake skill,2024-04-18,2024-03-17,Marriage,No,718.21,2025-12-07,2025-10-25,Success,997667101,539404278,Ancillary Supply,MAT-84265,2024-01-20,Yes,US01,Turn,Middle,701819244,MAT-82398,CT-8970-PLO
247395224,North example,BATCH-402216,BOM-62109,MAT-85304,Phantom Item,308624078,Obsolete,Material central,Seem,Message traditional,2024-04-16,2024-11-08,Ability,Yes,3262.46,2024-05-11,2023-11-18,Nor,459183410,364413440,Ancillary Supply,MAT-84265,2025-10-28,Yes,AP03,Safe,Week,364912916,MAT-85304,CT-8970-PLO
277296575,Begin need service near,BATCH-810201,BOM-61609,MAT-86920,Phantom Item,924888127,Active,Language available up concern,Ahead,Outside car know subject,2026-05-12,2023-12-21,Actually,No,3917.6,2024-08-12,2025-10-25,Focus,409719907,596642843,Ancillary Supply,MAT-84265,2025-07-16,Yes,AP03,Smile,Without,315983612,MAT-86920,CT-8970-PLO
805269964,Small raise wide expert,BATCH-333560,BOM-96600,MAT-84265,Phantom Item,406007065,Obsolete,Kid bit challenge,Policy,Become budget school,2024-12-25,2024-10-02,On,No,4279.34,2024-12-10,2025-02-18,Mouth,287030215,555958988,Investigational Product,MAT-82398,2024-07-10,No,EU02,Certainly,Fill,616782473,MAT-84265,CT-8970-PLO
620154568,Right reality Congress,BATCH-651907,BOM-65567,MAT-82398,Stock Item,660912687,Active,Style pull he,Hear,School red coach fact piece,2026-10-01,2024-03-23,Dog,No,1089.29,2025-12-02,2025-06-08,Agency,684898145,792576954,Investigational Product,MAT-82398,2024-11-25,Yes,AP03,Car,Staff,248787913,MAT-82398,CT-8970-PLO
670908785,Hear cut clearly thank,BATCH-284864,BOM-81082,MAT-85304,Stock Item,524868846,Active,Second resource option represent,Worker,Charge station he,2025-09-24,2024-11-01,Plant,No,262.26,2025-02-23,2024-09-27,Tree,180973545,344590725,Investigational Product,MAT-82398,2024-05-16,Yes,US01,Build,Already,289954381,MAT-85304,CT-8970-PLO
268773972,Any arm beautiful,BATCH-356537,BOM-52308,MAT-86920,Phantom Item,578807693,Active,Off PM south Democrat,Idea,Next remember view practice,2024-01-28,2025-05-16,Argue,Yes,343.87,2026-01-09,2026-04-16,Beyond,627746698,303544270,Investigational Product,MAT-82398,2024-04-29,No,EU02,Moment,Least,773571435,MAT-86920,CT-8970-PLO
890708594,Speak involve,BATCH-490939,BOM-13350,MAT-84265,Stock Item,250094108,Obsolete,Congress bad,Chance,Bank economy drive involve wall,2025-07-13,2025-06-01,Fine,No,180.83,2025-01-27,2024-09-24,Military,468801631,108862457,Ancillary Supply,MAT-85304,2026-03-03,No,AP03,Large,Into,933615412,MAT-84265,CT-8970-PLO
983292452,Majority want throughout against,BATCH-343352,BOM-45889,MAT-82398,Stock Item,645507063,Active,Truth increase may attorney popular,You,He detail,2026-03-13,2024-12-02,News,Yes,3723.36,2024-07-29,2026-02-06,Hard,248621118,732388951,Ancillary Supply,MAT-85304,2025-10-29,No,US01,A,She,408830681,MAT-82398,CT-8970-PLO
878483211,Ok travel fish,BATCH-949167,BOM-70332,MAT-85304,Phantom Item,921619092,Active,Any forward reality,Among,Information after should the hope,2024-02-13,2024-12-20,Friend,No,369.23,2024-01-29,2024-07-30,Provide,252566304,556049587,Ancillary Supply,MAT-85304,2025-01-14,No,AP03,See,North,942758767,MAT-85304,CT-8970-PLO
129141540,Risk dinner heavy,BATCH-715844,BOM-73878,MAT-86920,Stock Item,904633432,Obsolete,Court once,Involve,No eat live,2024-04-25,2025-05-20,Themselves,Yes,1001.14,2025-11-30,2024-09-05,What,512313270,274925823,Ancillary Supply,MAT-85304,2026-09-17,No,AP03,Speak,Report,150420626,MAT-86920,CT-8970-PLO
791872136,Beat go determine join rest,BATCH-546148,BOM-88823,MAT-84265,Stock Item,691669359,Obsolete,People century,Member,Buy property five,2026-02-02,2024-06-23,Grow,No,4742.37,2025-02-08,2025-07-19,Because,600386451,543439012,Investigational Product,MAT-86920,2024-12-21,Yes,LAT04,Generation,Third,454230261,MAT-84265,CT-8970-PLO
220086116,Lay the,BATCH-123811,BOM-41873,MAT-82398,Stock Item,387498516,Obsolete,Form all worker,Short,Water reach head industry surface,2024-11-08,2024-04-13,Risk,No,3590.23,2025-01-20,2025-04-17,Particular,718052729,503724467,Investigational Product,MAT-86920,2026-09-27,No,AP03,Peace,Receive,680496522,MAT-82398,CT-8970-PLO
742362361,Election view blue draw body,BATCH-920479,BOM-10250,MAT-85304,Phantom Item,847537168,Active,Human key,Democratic,Former instead area box,2024-04-22,2025-11-07,Stock,No,1358.17,2023-11-20,2025-12-09,Pressure,422439205,779834874,Investigational Product,MAT-86920,2024-08-31,No,US01,Design,Together,137795038,MAT-85304,CT-8970-PLO
592333197,Attorney house time father,BATCH-192441,BOM-38519,MAT-86920,Phantom Item,878102834,Obsolete,Fear soon these green sense,Eight,Structure brother my hot,2026-03-17,2025-01-24,Blood,No,3703.76,2024-07-16,2024-09-01,Last,435737616,500467386,Investigational Product,MAT-86920,2025-03-10,Yes,LAT04,Individual,Small,416930739,MAT-86920,CT-8970-PLO
367124195,Control young true,BATCH-544464,BOM-19590,MAT-42350,Phantom Item,931506686,Obsolete,Nothing firm a factor,Behind,Change hard gas just enter,2025-09-03,2024-07-17,Different,Yes,4192.66,2026-08-02,2024-11-13,Win,625802957,154880514,Comparator,MAT-42350,2025-07-05,No,LAT04,Season,Enjoy,214870623,MAT-42350,CT-5806-JWO
598656813,Room official remain difficult,BATCH-849653,BOM-86790,MAT-81584,Phantom Item,808034680,Active,State behavior note,Behind,Consumer nothing case,2023-12-19,2025-03-17,Skin,No,3235.45,2024-09-18,2025-04-11,Ever,904873966,577531697,Comparator,MAT-42350,2026-05-14,Yes,AP03,Politics,Dark,728656003,MAT-81584,CT-5806-JWO
289582764,Up moment room,BATCH-503137,BOM-23013,MAT-26378,Stock Item,343096313,Active,From pretty poor policy,Discuss,Nearly record,2023-12-09,2023-11-17,Attack,Yes,4076.62,2025-04-29,2026-08-23,Possible,123826265,198690896,Comparator,MAT-42350,2025-11-08,Yes,US01,Kind,Market,312356280,MAT-26378,CT-5806-JWO
737102358,Form avoid industry,BATCH-524434,BOM-63395,MAT-39857,Phantom Item,621234971,Obsolete,Investment within economic magazine,Home,Western part despite yourself,2024-01-29,2024-03-07,Child,Yes,424.89,2026-05-02,2025-06-09,Camera,495944775,443358017,Comparator,MAT-42350,2025-11-19,Yes,EU02,Continue,Three,724752048,MAT-39857,CT-5806-JWO
850904617,Style heavy,BATCH-786573,BOM-38153,MAT-42350,Stock Item,973616649,Obsolete,Try two,Wife,Successful police notice some,2026-07-06,2025-10-06,Hard,No,135.37,2026-03-18,2026-08-10,Past,226129221,796468052,Comparator,MAT-81584,2025-07-09,No,US01,Hospital,Or,150537723,MAT-42350,CT-5806-JWO
557760876,Play wish behind,BATCH-307333,BOM-29528,MAT-81584,Phantom Item,742244921,Obsolete,Daughter social party list,City,Agree clearly,2025-10-01,2024-05-08,Two,Yes,2762.99,2025-07-19,2026-06-16,Cup,904091171,453670402,Comparator,MAT-81584,2025-03-15,Yes,AP03,Ago,Figure,274959080,MAT-81584,CT-5806-JWO
637700810,Item world,BATCH-223064,BOM-82119,MAT-26378,Stock Item,756008820,Obsolete,Enter on around anyone later,His,Doctor ten,2025-03-13,2025-02-17,Body,Yes,1097.4,2025-11-05,2023-12-09,Perform,172876623,339762580,Comparator,MAT-81584,2025-01-31,Yes,LAT04,There,Reach,313533816,MAT-26378,CT-5806-JWO
685335424,While sure manage,BATCH-296491,BOM-38167,MAT-39857,Phantom Item,380312213,Active,Fill matter network,Station,Whose us,2025-11-23,2024-09-08,Agency,Yes,3168.82,2025-11-21,2026-08-07,To,162030665,944282118,Comparator,MAT-81584,2024-11-19,Yes,LAT04,Far,Memory,769354681,MAT-39857,CT-5806-JWO
602406075,Inside improve smile he doctor,BATCH-459389,BOM-25260,MAT-42350,Stock Item,803562582,Active,Ability visit hotel,Suggest,Produce left agree,2026-07-08,2025-06-05,Test,No,1501.37,2025-01-16,2024-09-15,Glass,766765282,292069723,Investigational Product,MAT-26378,2024-07-17,Yes,EU02,Fear,Turn,940289018,MAT-42350,CT-5806-JWO
132582056,Unit authority available,BATCH-802825,BOM-59622,MAT-81584,Phantom Item,672370537,Obsolete,Citizen seem center,Central,Probably trade,2024-05-09,2025-11-09,Likely,No,167.98,2024-01-09,2025-03-03,Offer,684630201,197467790,Investigational Product,MAT-26378,2024-08-29,No,AP03,Human,Address,734227157,MAT-81584,CT-5806-JWO
969006456,Organization special management,BATCH-257412,BOM-88914,MAT-26378,Stock Item,598442556,Obsolete,Society best bring,Dinner,Standard again foot same community,2025-12-19,2025-10-08,President,No,3805.44,2025-02-07,2024-10-07,Option,637120296,736590991,Investigational Product,MAT-26378,2024-01-08,No,US01,Side,Half,713822048,MAT-26378,CT-5806-JWO
414000382,Site dinner watch often fight,BATCH-731406,BOM-49834,MAT-39857,Stock Item,653996518,Obsolete,Yeah suffer message simple range,Two,Kitchen enough face,2026-09-20,2024-10-09,Against,Yes,494.3,2024-10-13,2025-08-19,Time,906256924,735814218,Investigational Product,MAT-26378,2025-10-15,No,AP03,Down,International,557845574,MAT-39857,CT-5806-JWO
762406115,Important amount level,BATCH-747663,BOM-57958,MAT-42350,Phantom Item,304517760,Active,Purpose phone senior,Far,Since as,2026-07-18,2024-09-12,Process,No,4305.59,2025-07-29,2024-10-22,Board,890681417,527663160,Ancillary Supply,MAT-39857,2025-10-16,No,EU02,Small,Federal,480741608,MAT-42350,CT-5806-JWO
896457787,Activity throughout effect southern growth,BATCH-153691,BOM-77958,MAT-81584,Phantom Item,193769743,Active,Store language else,Note,Ago road north really,2024-07-04,2025-01-15,Letter,No,4160.93,2026-04-29,2024-05-27,Tv,213170049,795403374,Ancillary Supply,MAT-39857,2025-06-20,No,AP03,Go,Paper,530493335,MAT-81584,CT-5806-JWO
478832862,Wide wrong ask part,BATCH-859386,BOM-14700,MAT-26378,Phantom Item,651500942,Active,Million child,Pick,Television behind management environment news,2025-08-03,2023-12-31,Professor,No,503.75,2026-03-20,2026-02-28,Scientist,236153805,363297036,Ancillary Supply,MAT-39857,2025-01-14,Yes,US01,Republican,Bed,232796105,MAT-26378,CT-5806-JWO
345768743,Floor prepare professional treat,BATCH-201586,BOM-31289,MAT-39857,Phantom Item,536615985,Obsolete,Seem care public power,Analysis,Morning arrive kitchen wear,2024-04-02,2024-05-09,Center,No,169.87,2024-09-03,2025-03-01,Laugh,655409832,149442518,Ancillary Supply,MAT-39857,2026-03-11,Yes,AP03,Figure,Box,852623531,MAT-39857,CT-5806-JWO
342365070,Single black three any field,BATCH-572045,BOM-74376,MAT-91309,Phantom Item,251805656,Active,Law side,Yourself,Get dark win situation,2025-05-24,2023-11-30,Wall,Yes,1157.25,2024-06-28,2025-04-15,Attack,596938310,729432459,Comparator,MAT-91309,2024-09-01,Yes,LAT04,Tough,Box,601026488,MAT-91309,CT-8015-GMQ
489694701,Light religious game,BATCH-576079,BOM-91756,MAT-74459,Stock Item,336277844,Active,Defense run,Take,Play onto here many,2025-07-19,2025-08-01,Into,Yes,1874.35,2026-02-26,2025-06-19,Bank,127270190,221068835,Comparator,MAT-91309,2024-07-12,No,US01,Center,Become,899242161,MAT-74459,CT-8015-GMQ
790325221,Song officer speech,BATCH-523336,BOM-38909,MAT-91309,Stock Item,328306083,Active,Eat on manager me,Professor,Result high onto,2025-11-02,2024-01-05,Enough,Yes,2980.28,2025-02-07,2025-05-01,Seven,815622399,675931629,Investigational Product,MAT-74459,2025-10-05,No,AP03,Bar,Throw,459587140,MAT-91309,CT-8015-GMQ
653119284,Shoulder social approach us,BATCH-686915,BOM-95326,MAT-74459,Stock Item,254597571,Obsolete,Statement hot hit offer,Real,Then too military,2026-07-23,2024-09-13,I,Yes,2675.16,2024-02-24,2025-09-01,Shake,490557337,494346276,Investigational Product,MAT-74459,2024-09-17,No,EU02,Parent,Wait,298199610,MAT-74459,CT-8015-GMQ
803557987,Vote across,BATCH-417006,BOM-47394,MAT-66331,Stock Item,489893725,Obsolete,Notice hard behavior,She,Recently fight continue perhaps,2024-12-21,2024-10-18,Exist,Yes,3353.5,2025-12-16,2025-04-01,World,685826301,691924720,Investigational Product,MAT-66331,2024-08-22,No,EU02,Why,Movie,584182845,MAT-66331,CT-8872-GKR
578130633,Pretty attack deal century,BATCH-486808,BOM-43243,MAT-23246,Phantom Item,220548778,Obsolete,Practice product yourself,Themselves,Certain east we movie total,2025-10-18,2025-03-19,World,Yes,780.29,2023-11-20,2024-07-27,Big,782131142,117811690,Investigational Product,MAT-66331,2023-12-07,No,EU02,Traditional,Piece,830187805,MAT-23246,CT-8872-GKR
948417553,Sport thank yet,BATCH-296476,BOM-14450,MAT-58804,Stock Item,124615946,Obsolete,Force challenge I,Opportunity,Raise beyond,2026-05-24,2025-10-17,Foreign,No,799.92,2024-10-14,2024-05-18,Course,667402095,603583565,Investigational Product,MAT-66331,2026-08-08,No,AP03,Mission,Discuss,525034693,MAT-58804,CT-8872-GKR
107575801,Same management station,BATCH-460021,BOM-84030,MAT-66331,Phantom Item,948754950,Obsolete,Board blood their,Perform,Though some much third,2024-01-11,2023-11-23,Like,No,632.02,2024-02-12,2024-01-13,Respond,812843293,678080282,Comparator,MAT-23246,2026-02-24,Yes,EU02,Daughter,Authority,796339812,MAT-66331,CT-8872-GKR
581421354,Already drop tend do professional,BATCH-156276,BOM-19779,MAT-23246,Phantom Item,580746839,Obsolete,Down control parent glass,Finally,Production sell list worry picture,2026-10-18,2025-06-29,Buy,Yes,4605.69,2026-06-10,2026-02-27,Word,171784386,828363259,Comparator,MAT-23246,2026-03-24,Yes,AP03,Structure,Security,400281821,MAT-23246,CT-8872-GKR
521707985,Candidate family assume other,BATCH-142069,BOM-39850,MAT-58804,Phantom Item,879625132,Active,Mrs water give,Student,Local lay current media,2025-01-21,2025-05-22,Price,No,3668.63,2025-08-27,2026-06-27,Account,724742593,703687778,Comparator,MAT-23246,2024-01-29,Yes,US01,Size,Voice,896168599,MAT-58804,CT-8872-GKR
583370599,Community real change rise,BATCH-797813,BOM-76559,MAT-66331,Stock Item,263857174,Obsolete,Enjoy fill system,Camera,Them section before deal,2025-10-31,2025-08-25,Run,Yes,2195.83,2026-09-29,2025-01-29,Explain,444023977,606422078,Investigational Product,MAT-58804,2024-03-04,No,EU02,Beautiful,What,849989234,MAT-66331,CT-8872-GKR
584483141,Black nothing take sport heart,BATCH-446963,BOM-87715,MAT-23246,Phantom Item,977543512,Obsolete,Garden fish dinner include,Reduce,Behavior economy be conference,2025-05-18,2024-03-19,Arrive,Yes,912.34,2023-12-03,2024-03-27,Number,138030520,548654396,Investigational Product,MAT-58804,2026-02-20,Yes,EU02,Someone,Artist,394818051,MAT-23246,CT-8872-GKR
265774301,Figure officer her,BATCH-961770,BOM-46477,MAT-58804,Stock Item,586391164,Obsolete,Name myself small,Hit,Consumer likely,2026-03-05,2025-08-17,We,No,3160.53,2025-08-13,2026-04-21,Dark,702200313,948973150,Investigational Product,MAT-58804,2026-10-23,No,AP03,Word,Small,855865619,MAT-58804,CT-8872-GKR
754598651,Garden great,BATCH-630418,BOM-71736,MAT-14115,Stock Item,669618750,Obsolete,Lawyer as,Company,Eye make question heavy,2024-12-10,2025-06-16,Base,No,2451.67,2026-08-01,2026-03-02,Audience,633939822,743568976,Comparator,MAT-14115,2026-04-16,No,AP03,Lawyer,Size,574307413,MAT-14115,CT-1696-SCY
758399950,Television former contain,BATCH-538624,BOM-36818,MAT-78401,Stock Item,563799478,Active,Guy fish make response upon,Remain,Point by,2026-03-08,2024-06-13,Cold,Yes,2412.93,2026-06-10,2025-07-12,Community,392598236,291694727,Comparator,MAT-14115,2024-04-17,No,LAT04,Effort,According,541589411,MAT-78401,CT-1696-SCY
457608187,Artist above court lay,BATCH-815586,BOM-49299,MAT-14115,Phantom Item,858543758,Obsolete,Wish well ok manage future,Blue,Whose worker,2026-08-17,2025-03-09,Economic,No,2506.88,2025-04-16,2026-07-25,Effort,521734368,725984997,Ancillary Supply,MAT-78401,2025-05-03,Yes,US01,Force,Remain,132974842,MAT-14115,CT-1696-SCY
403011088,Think culture,BATCH-113531,BOM-21683,MAT-78401,Stock Item,131565199,Active,Most continue star consider,Fly,Painting ground dream,2024-06-15,2025-03-04,Policy,No,3366.95,2024-03-25,2026-11-04,Senior,870765826,262565729,Ancillary Supply,MAT-78401,2025-12-10,Yes,AP03,Military,Until,761348353,MAT-78401,CT-1696-SCY
117575349,Material beyond kid,BATCH-558179,BOM-27722,MAT-30703,Phantom Item,514168629,Active,Who themselves politics she,Worker,Analysis through white point national,2026-02-18,2025-01-29,None,Yes,1082.04,2024-03-02,2025-03-06,To,385302885,344736506,Investigational Product,MAT-30703,2025-11-13,No,AP03,Begin,Throughout,810927404,MAT-30703,CT-3228-ZKT
497405947,Account help ever,BATCH-225936,BOM-91465,MAT-61362,Phantom Item,746405296,Obsolete,Voice understand political throw nor,Reason,History answer watch,2026-08-09,2025-04-18,Cut,No,3865.58,2024-04-15,2026-06-21,Pay,671309410,464669069,Investigational Product,MAT-30703,2024-04-22,No,AP03,Whom,Recent,781203917,MAT-61362,CT-3228-ZKT
927231619,Themselves find democratic,BATCH-476479,BOM-60988,MAT-18409,Phantom Item,764933919,Active,Create cover identify,Whose,Tough trouble responsibility low,2023-12-26,2024-01-10,Yet,No,1002.78,2026-07-14,2023-12-22,Also,388787438,999572065,Investigational Product,MAT-30703,2023-12-11,No,US01,Add,Billion,422622226,MAT-18409,CT-3228-ZKT
274046148,Test adult paper sea,BATCH-450721,BOM-18281,MAT-58266,Stock Item,143572755,Active,Back arrive sport rather,Join,Manager people thing,2024-11-28,2025-06-08,Tell,No,3519.9,2024-09-24,2024-06-25,Agree,374831512,164241452,Investigational Product,MAT-30703,2024-10-22,No,LAT04,Enter,Player,324617067,MAT-58266,CT-3228-ZKT
693443072,Need price floor sea employee,BATCH-622826,BOM-33674,MAT-30703,Stock Item,477039803,Obsolete,Believe let common tell,Situation,Must set trouble,2026-06-30,2025-11-09,Wait,No,1806.83,2024-03-01,2024-07-28,Letter,895817991,564290029,Ancillary Supply,MAT-61362,2025-03-10,Yes,AP03,Star,About,236523637,MAT-30703,CT-3228-ZKT
199518666,Reason after best,BATCH-480482,BOM-49710,MAT-61362,Stock Item,604751524,Obsolete,Personal receive leg put girl,Likely,Charge black arrive research bar,2024-08-06,2024-08-13,Science,Yes,1470.67,2024-04-29,2025-02-13,My,711941850,794130332,Ancillary Supply,MAT-61362,2024-11-06,Yes,EU02,Message,Test,483420823,MAT-61362,CT-3228-ZKT
991965165,From friend job despite,BATCH-864631,BOM-33683,MAT-18409,Stock Item,476758917,Obsolete,Rather party reach,College,Herself body recently,2025-07-08,2023-12-17,Bit,No,4753.6,2026-11-04,2026-09-09,Argue,485013807,981443046,Ancillary Supply,MAT-61362,2024-01-25,Yes,US01,Half,Represent,864734506,MAT-18409,CT-3228-ZKT
674055054,Sign government side,BATCH-869672,BOM-18461,MAT-58266,Phantom Item,786810193,Active,Modern suffer artist,Page,Ago give,2024-10-11,2024-10-30,Blood,No,3176.37,2025-01-22,2026-08-21,Soldier,674290246,394745246,Ancillary Supply,MAT-61362,2025-09-23,No,LAT04,Detail,Budget,884122536,MAT-58266,CT-3228-ZKT
872142446,Eye team finish arrive,BATCH-250292,BOM-41518,MAT-30703,Phantom Item,528238758,Obsolete,Last though we,Character,Financial member expect artist,2025-12-15,2024-08-30,Enough,No,2896.95,2023-12-15,2025-09-01,Institution,539559275,360417387,Investigational Product,MAT-18409,2024-02-04,No,US01,Media,Cost,190285113,MAT-30703,CT-3228-ZKT
212184040,Condition simple,BATCH-996492,BOM-91311,MAT-61362,Stock Item,606545601,Active,Sea most there eight,Hard,Probably either,2024-08-13,2024-12-08,What,No,2832.84,2024-07-19,2026-02-10,Any,105850388,325226282,Investigational Product,MAT-18409,2026-05-12,Yes,EU02,Image,How,637037672,MAT-61362,CT-3228-ZKT
207335191,Voice fly human,BATCH-489803,BOM-36848,MAT-18409,Stock Item,348057288,Obsolete,Eat reality citizen reason across,Brother,Discussion middle current statement choose,2024-06-19,2025-08-31,Often,Yes,185.78,2024-03-28,2024-04-06,Show,760011917,811971075,Investigational Product,MAT-18409,2025-03-02,Yes,AP03,Way,Also,127973942,MAT-18409,CT-3228-ZKT
630293878,Account radio treat by,BATCH-478030,BOM-21823,MAT-58266,Stock Item,334176391,Obsolete,Major close approach drug apply,Speech,Ball cup imagine,2024-02-18,2025-11-01,These,Yes,3268.12,2025-01-27,2026-09-05,Community,859427537,916928078,Investigational Product,MAT-18409,2024-12-13,No,EU02,After,Pm,964028368,MAT-58266,CT-3228-ZKT
615015342,As some,BATCH-470904,BOM-35275,MAT-30703,Stock Item,298020502,Active,Need statement whether wrong,High,Must effect evening,2025-12-05,2024-07-16,Entire,No,3077.9,2024-10-21,2025-04-24,Area,597938910,172343196,Ancillary Supply,MAT-58266,2025-07-07,No,EU02,Always,Same,345871174,MAT-30703,CT-3228-ZKT
764311383,Operation floor,BATCH-311096,BOM-23294,MAT-61362,Stock Item,468489863,Obsolete,Seem space,Voice,Which article human,2025-02-22,2024-02-03,Customer,No,3288.69,2024-12-11,2026-06-07,Each,419230262,721405056,Ancillary Supply,MAT-58266,2026-11-02,Yes,LAT04,Stock,Half,793262318,MAT-61362,CT-3228-ZKT
368123297,Official behavior order baby,BATCH-856455,BOM-62044,MAT-18409,Phantom Item,888756618,Obsolete,Either chance drug chance,Wind,Seat east usually sometimes,2024-09-04,2024-09-26,You,No,2660.02,2026-03-14,2025-08-24,Important,253126648,632028222,Ancillary Supply,MAT-58266,2025-08-03,Yes,EU02,Least,Money,109267623,MAT-18409,CT-3228-ZKT
505005933,School blood expect become always,BATCH-764084,BOM-17239,MAT-58266,Phantom Item,360966469,Obsolete,Amount become,Voice,Represent door international trip,2026-09-04,2025-01-31,Culture,No,840.91,2026-04-16,2025-10-23,Customer,751116244,985502109,Ancillary Supply,MAT-58266,2025-11-12,No,EU02,Off,Movement,902808333,MAT-58266,CT-3228-ZKT
217306794,Sound economy our front do,BATCH-764285,BOM-98821,MAT-23465,Phantom Item,433764258,Obsolete,Level game prepare,Program,Ok paper,2026-01-25,2024-06-13,Soon,Yes,2630.06,2026-08-10,2026-08-17,Coach,797203346,309065085,Comparator,MAT-23465,2026-06-12,No,LAT04,Mouth,Professional,253236448,MAT-23465,CT-6910-RDE
270191114,Yourself alone through magazine,BATCH-219960,BOM-61636,MAT-33689,Phantom Item,661936654,Obsolete,Republican involve word,Take,Analysis six treat eat,2023-11-23,2025-05-14,Last,No,374.89,2024-07-16,2025-03-20,Security,174097758,641957188,Comparator,MAT-23465,2024-02-16,Yes,AP03,Operation,Interview,692269486,MAT-33689,CT-6910-RDE
770701480,One himself scene,BATCH-383080,BOM-75487,MAT-22108,Phantom Item,604109739,Active,Toward life central improve miss,Mother,Customer fire little where risk,2026-01-13,2025-04-10,Before,Yes,695.37,2024-10-22,2024-04-14,Tree,366570894,353232339,Comparator,MAT-23465,2025-03-14,Yes,AP03,Even,Whatever,246811933,MAT-22108,CT-6910-RDE
873448454,Perhaps two traditional,BATCH-556515,BOM-13769,MAT-93657,Phantom Item,332761772,Active,Age value within never,Decade,Sit however peace talk,2024-10-08,2025-06-09,Trip,Yes,4495.43,2026-08-07,2025-07-25,Home,876908819,137206896,Comparator,MAT-23465,2025-12-21,Yes,AP03,Series,Senior,884282290,MAT-93657,CT-6910-RDE
645472185,Whatever age card study,BATCH-876818,BOM-52809,MAT-23465,Stock Item,318911265,Active,Trip dinner plan yourself,A,Its agency,2025-03-21,2025-09-06,Election,No,841.15,2026-01-09,2026-01-05,Field,189175684,698207026,Ancillary Supply,MAT-33689,2025-08-22,No,LAT04,Catch,Either,192591611,MAT-23465,CT-6910-RDE
755959628,Thousand win reveal current,BATCH-540084,BOM-62236,MAT-33689,Stock Item,868394080,Active,Recognize natural,Keep,Material teacher some everything,2026-10-26,2025-07-07,Control,No,4711.28,2024-12-30,2025-12-05,Class,451722475,649055457,Ancillary Supply,MAT-33689,2024-04-30,No,US01,Door,National,448197039,MAT-33689,CT-6910-RDE
995150549,Find trial science behavior,BATCH-728752,BOM-20382,MAT-22108,Phantom Item,598088589,Active,Wall later over course,Rate,Out themselves become,2026-09-28,2024-09-21,Anyone,No,59.06,2025-07-17,2026-04-17,Response,114638463,582654238,Ancillary Supply,MAT-33689,2024-05-22,No,EU02,During,Recognize,459974384,MAT-22108,CT-6910-RDE
211203359,Loss ask but order,BATCH-842600,BOM-22977,MAT-93657,Phantom Item,655404677,Obsolete,Card bank notice near,Soldier,Mention off road arrive,2024-11-10,2024-03-10,Poor,Yes,263.07,2024-08-10,2024-11-11,Accept,747950852,393456985,Ancillary Supply,MAT-33689,2026-09-03,Yes,LAT04,Better,Catch,856780055,MAT-93657,CT-6910-RDE
368668575,Trouble wrong,BATCH-276782,BOM-69447,MAT-23465,Stock Item,709710863,Active,Likely mean image ten state,Parent,Push action but newspaper,2026-07-13,2025-06-09,Newspaper,Yes,1605.48,2026-10-12,2026-01-19,Stock,666316226,197038904,Comparator,MAT-22108,2026-07-25,No,LAT04,Half,Drive,267605165,MAT-23465,CT-6910-RDE
225948256,Memory rather sort believe,BATCH-814865,BOM-64870,MAT-33689,Phantom Item,999997560,Obsolete,Them way,Nor,Economic white put trade out,2025-03-22,2025-11-09,Yourself,No,3699.13,2025-05-18,2025-01-20,Decade,169246097,432448496,Comparator,MAT-22108,2024-03-18,No,AP03,Participant,Consider,731515790,MAT-33689,CT-6910-RDE
185448445,In show sing as,BATCH-900191,BOM-98322,MAT-22108,Phantom Item,159762198,Obsolete,Always interesting,You,Social base property late thank,2026-06-24,2024-12-13,Mouth,No,507.72,2025-07-31,2025-05-10,Speak,250281635,456959586,Comparator,MAT-22108,2024-03-24,No,AP03,Agency,Magazine,890944328,MAT-22108,CT-6910-RDE
812247992,Whatever dark any,BATCH-485743,BOM-50706,MAT-93657,Stock Item,155449480,Obsolete,Shake ahead task,Yard,Career pay anyone really,2024-06-12,2024-10-09,Majority,Yes,4015.85,2025-07-16,2024-01-02,Would,617702154,193659402,Comparator,MAT-22108,2025-10-22,No,EU02,Federal,Guy,778561108,MAT-93657,CT-6910-RDE
374897451,Never up green,BATCH-642056,BOM-34178,MAT-23465,Phantom Item,324156383,Obsolete,Hard large late various,Action,Look majority avoid condition,2026-07-16,2025-07-07,Identify,Yes,709.82,2026-03-30,2024-03-06,Visit,294213382,132085802,Investigational Product,MAT-93657,2024-01-23,Yes,EU02,Skill,Matter,361854593,MAT-23465,CT-6910-RDE
243385252,Fund keep career finally,BATCH-207771,BOM-20863,MAT-33689,Phantom Item,636251603,Active,Example lot nature full,Material,Response else oil pressure,2026-06-24,2024-08-23,None,No,1459.35,2026-05-26,2024-05-06,Everyone,790980655,657543476,Investigational Product,MAT-93657,2024-06-03,Yes,EU02,Back,Course,159163030,MAT-33689,CT-6910-RDE
785140111,Sister oil form agent,BATCH-499622,BOM-17235,MAT-22108,Phantom Item,997091340,Obsolete,There would,Sure,Their pay office,2024-04-04,2024-06-26,Would,No,2246.25,2023-11-16,2026-10-02,Story,308476530,810608173,Investigational Product,MAT-93657,2024-12-30,No,EU02,Watch,Film,828264600,MAT-22108,CT-6910-RDE
214842333,Table road must least,BATCH-720148,BOM-98823,MAT-93657,Phantom Item,409990384,Active,Allow cut baby question,Across,Something event set,2025-11-21,2024-06-17,Growth,Yes,986.01,2026-01-23,2023-11-30,School,105105021,528013439,Investigational Product,MAT-93657,2025-02-22,No,LAT04,Sort,Century,771794378,MAT-93657,CT-6910-RDE
486515469,Car half occur traditional,BATCH-780827,BOM-39832,MAT-16848,Stock Item,799818821,Obsolete,View carry,Range,Owner interesting fear chance,2026-02-28,2024-01-31,Full,Yes,2066.91,2025-10-22,2024-12-05,Check,375779689,188541739,Comparator,MAT-16848,2025-11-14,Yes,EU02,Black,Effort,819689639,MAT-16848,CT-8742-ECD
437084642,Issue owner dog spring,BATCH-278390,BOM-93907,MAT-47254,Phantom Item,994188413,Obsolete,Manage many life factor,Example,Really hit,2026-08-13,2024-08-15,Describe,Yes,1004.61,2025-03-08,2025-03-02,Response,224109160,319438239,Comparator,MAT-16848,2024-04-09,No,AP03,Bit,Player,166652220,MAT-47254,CT-8742-ECD
991921255,Choose build else,BATCH-964484,BOM-84239,MAT-15875,Stock Item,277716129,Obsolete,Save tell fire continue,Want,Where occur,2025-07-07,2024-09-18,American,No,3147.3,2025-03-02,2024-01-16,Professor,127315512,304965252,Comparator,MAT-16848,2025-05-22,No,US01,Appear,Spring,460845299,MAT-15875,CT-8742-ECD
168998218,Class past everything choose,BATCH-297079,BOM-88291,MAT-47140,Phantom Item,244009231,Active,Church base page,Dark,Truth mean red,2024-06-24,2025-08-19,Thousand,No,345.44,2026-01-04,2024-08-14,Present,583858495,428846976,Comparator,MAT-16848,2026-08-05,Yes,US01,Technology,Once,668742934,MAT-47140,CT-8742-ECD
615113572,Value work what attention million,BATCH-784725,BOM-68918,MAT-16848,Stock Item,148945988,Active,Also religious four,Another,Reduce effort skill throughout,2025-02-19,2024-06-28,Land,Yes,1817.84,2026-10-11,2024-11-15,Care,303719779,895152272,Comparator,MAT-47254,2024-12-06,No,EU02,If,Back,964802695,MAT-16848,CT-8742-ECD
597047773,Perform reflect personal,BATCH-837316,BOM-58827,MAT-47254,Stock Item,184306679,Obsolete,Letter about player work agreement,Someone,Fall the pick the free,2025-12-09,2025-05-26,Someone,No,4771.17,2026-09-25,2024-07-31,Military,830272482,780642353,Comparator,MAT-47254,2024-03-06,Yes,US01,News,Top,606678312,MAT-47254,CT-8742-ECD
242071954,Painting activity better alone letter,BATCH-188596,BOM-52668,MAT-15875,Phantom Item,257012284,Obsolete,Science include nature practice billion,Beautiful,Something operation bag get,2026-07-15,2025-06-19,Church,No,864.87,2024-12-13,2025-05-18,Worker,887008906,219459657,Comparator,MAT-47254,2026-11-07,Yes,AP03,Money,Live,261840368,MAT-15875,CT-8742-ECD
371876302,Magazine same best card sport,BATCH-816049,BOM-64834,MAT-47140,Stock Item,148131896,Obsolete,Far case series final,Commercial,Child score,2026-03-07,2025-07-06,Reason,Yes,2141.94,2026-01-19,2026-02-17,Computer,244382281,134986582,Comparator,MAT-47254,2024-07-24,Yes,EU02,Own,Man,289236354,MAT-47140,CT-8742-ECD
934049521,Usually trade offer personal me,BATCH-448178,BOM-36056,MAT-16848,Stock Item,506524136,Active,Degree I per choice evidence,Reach,Total partner,2024-08-09,2024-08-05,Although,Yes,4282.64,2025-10-07,2025-10-02,Not,376006445,261454674,Ancillary Supply,MAT-15875,2024-09-01,Yes,AP03,Challenge,Brother,191545891,MAT-16848,CT-8742-ECD
397312937,Crime open drug,BATCH-966055,BOM-90612,MAT-47254,Stock Item,875642948,Active,Yeah political,Cold,Bank approach cell,2025-10-01,2024-08-05,Half,No,4889.91,2023-11-24,2024-07-11,Out,575982983,504900905,Ancillary Supply,MAT-15875,2025-05-17,Yes,US01,Attorney,Forget,296735917,MAT-47254,CT-8742-ECD
877383468,Care friend,BATCH-918779,BOM-76740,MAT-15875,Stock Item,680711692,Active,Each international,Which,Bill face candidate believe,2025-11-13,2024-03-19,Over,Yes,1515.53,2025-04-07,2023-12-04,Born,717761350,312274466,Ancillary Supply,MAT-15875,2025-04-21,Yes,LAT04,Area,Admit,899869084,MAT-15875,CT-8742-ECD
638898323,Action upon because west,BATCH-633177,BOM-81463,MAT-47140,Stock Item,582006795,Obsolete,You degree at,Dog,Window speech position music one,2026-03-02,2023-12-17,Nearly,Yes,673.92,2026-06-16,2026-05-19,Somebody,192727129,686100057,Ancillary Supply,MAT-15875,2024-05-24,No,LAT04,He,Read,735368364,MAT-47140,CT-8742-ECD
258292694,Edge wife technology statement,BATCH-270134,BOM-36372,MAT-16848,Phantom Item,794840872,Active,Off attention hope create,Science,Particular right,2025-10-16,2025-09-13,Seven,No,1170.25,2024-05-27,2025-11-25,Us,390171192,605639103,Comparator,MAT-47140,2024-06-25,No,US01,Western,Room,452151827,MAT-16848,CT-8742-ECD
531248701,Market follow big,BATCH-467818,BOM-65451,MAT-47254,Stock Item,610740938,Active,Instead there summer investment,Every,Improve economy,2026-01-16,2024-12-27,Toward,Yes,4048.79,2025-12-17,2024-08-14,Wonder,598923473,936095502,Comparator,MAT-47140,2024-06-14,No,EU02,Land,Major,528390855,MAT-47254,CT-8742-ECD
884491040,Talk realize myself whether,BATCH-988544,BOM-10763,MAT-15875,Phantom Item,944633207,Active,Order opportunity,Able,Tree building financial,2026-08-14,2025-03-25,Development,No,1097.66,2026-01-12,2026-05-12,Management,688356976,720414114,Comparator,MAT-47140,2025-05-17,No,EU02,Way,Laugh,761275690,MAT-15875,CT-8742-ECD
680197865,Week girl off,BATCH-204952,BOM-78486,MAT-47140,Stock Item,679410183,Obsolete,Charge hand front,Born,Record daughter five,2026-02-06,2025-07-30,Expert,No,1662.01,2025-01-01,2024-01-08,Teacher,518107639,319960667,Comparator,MAT-47140,2023-12-29,Yes,LAT04,Wide,Place,360803441,MAT-47140,CT-8742-ECD
555214746,Become five general for measure,BATCH-601241,BOM-23859,MAT-58634,Phantom Item,251858880,Active,Different support scene fall,Red,Yourself whether matter woman end,2025-04-08,2025-01-23,Size,No,3116.93,2026-03-07,2024-08-02,Somebody,648655170,477316020,Ancillary Supply,MAT-58634,2026-04-15,Yes,AP03,Let,Avoid,816305923,MAT-58634,CT-7047-GQC
237456894,Receive pick deep trip dream,BATCH-962258,BOM-47975,MAT-18097,Phantom Item,429570409,Active,Artist behavior reality others cause,Direction,Growth ground institution,2024-09-08,2025-02-14,Throw,No,4925.95,2024-11-01,2024-11-05,Development,895166247,951521941,Ancillary Supply,MAT-58634,2026-07-24,Yes,EU02,Attack,Decade,107011973,MAT-18097,CT-7047-GQC
860257868,Door nor remain will,BATCH-743545,BOM-75021,MAT-92337,Stock Item,876194782,Active,Similar feel campaign,Without,Kind field,2024-11-08,2024-10-04,Wrong,No,1787.98,2026-01-19,2024-08-20,Have,879431482,851137698,Ancillary Supply,MAT-58634,2025-09-08,No,AP03,Fact,Thousand,193755727,MAT-92337,CT-7047-GQC
795334372,Strong notice,BATCH-949523,BOM-75552,MAT-58634,Phantom Item,981803790,Active,Human miss particularly military,Third,Wife seven account,2025-05-03,2025-09-12,While,No,1494.97,2025-09-13,2025-03-21,Take,571653659,911800030,Investigational Product,MAT-18097,2025-03-12,Yes,LAT04,Finish,State,494816019,MAT-58634,CT-7047-GQC
683664487,Beyond reveal claim ok,BATCH-130898,BOM-20123,MAT-18097,Phantom Item,150392945,Active,Run education glass center,Turn,Fill day nature thought,2026-03-06,2024-01-19,Theory,Yes,4286.79,2024-11-11,2024-09-11,Manager,444050698,214514832,Investigational Product,MAT-18097,2024-02-20,No,EU02,Girl,Few,564730093,MAT-18097,CT-7047-GQC
965186313,Become think threat,BATCH-716893,BOM-12679,MAT-92337,Phantom Item,582760617,Active,During seven,Indeed,Down tree apply majority impact,2026-01-16,2025-04-04,Our,Yes,444.3,2025-07-06,2025-08-07,Fire,262167320,282919227,Investigational Product,MAT-18097,2026-03-13,No,LAT04,Represent,Painting,777254995,MAT-92337,CT-7047-GQC
668825098,Push relationship drug,BATCH-563602,BOM-85047,MAT-58634,Stock Item,343612051,Obsolete,Whatever education movie bad,Cost,Himself region name,2024-11-26,2024-08-14,Physical,No,3561.56,2026-04-16,2026-03-21,Imagine,328243493,736540297,Investigational Product,MAT-92337,2026-02-09,No,EU02,There,Environmental,781003105,MAT-58634,CT-7047-GQC
501216691,Cost soldier,BATCH-997979,BOM-83540,MAT-18097,Phantom Item,859305536,Active,Everyone bed them likely,Somebody,Once media marriage,2023-12-21,2024-04-02,Opportunity,Yes,3038.38,2024-11-11,2026-04-24,Answer,169071266,481738211,Investigational Product,MAT-92337,2026-01-19,Yes,EU02,Arm,Machine,332038762,MAT-18097,CT-7047-GQC
977804408,Fly focus reveal include service,BATCH-461353,BOM-24840,MAT-92337,Stock Item,249687666,Obsolete,Interview student both real staff,Article,Despite day food candidate north,2024-02-15,2024-05-04,Expert,No,2995.89,2025-07-13,2024-11-18,Structure,348391101,338018161,Investigational Product,MAT-92337,2024-01-08,Yes,AP03,Strategy,Court,356178930,MAT-92337,CT-7047-GQC
614494427,Resource impact,BATCH-607888,BOM-41818,MAT-37872,Phantom Item,695709290,Active,Individual sound debate,Wide,Those career,2026-07-04,2025-06-18,Visit,No,3512.64,2026-04-06,2024-11-13,Market,792745943,911532802,Comparator,MAT-37872,2025-07-13,No,LAT04,Poor,Choice,735101816,MAT-37872,CT-1816-RCG
514158590,Field man huge do college,BATCH-481551,BOM-66209,MAT-55297,Stock Item,973235029,Obsolete,Attorney owner,Change,And evidence degree value,2024-10-02,2024-02-08,Heart,Yes,3544.1,2024-05-11,2024-08-09,Discover,149781244,882381058,Comparator,MAT-37872,2023-12-11,Yes,US01,Money,Likely,969212105,MAT-55297,CT-1816-RCG
311620285,Case manage,BATCH-498290,BOM-12236,MAT-37872,Phantom Item,911583826,Obsolete,Mother middle mother ahead I,Off,Lawyer way interest brother,2026-09-21,2024-04-30,Agreement,Yes,4243.83,2026-06-24,2025-01-26,Catch,611596746,869683272,Comparator,MAT-55297,2024-10-07,Yes,LAT04,Defense,Represent,395202630,MAT-37872,CT-1816-RCG
689434685,Control marriage,BATCH-798632,BOM-24228,MAT-55297,Stock Item,888524844,Obsolete,Unit place,Direction,Difference beyond investment official,2026-01-30,2025-03-26,Member,Yes,4770.99,2025-06-28,2024-07-12,Eat,387095435,579254915,Comparator,MAT-55297,2024-07-24,Yes,LAT04,Million,Anything,755473562,MAT-55297,CT-1816-RCG
362856875,Power enjoy,BATCH-886009,BOM-76829,MAT-14039,Phantom Item,737140076,Active,Source thought sea,Movie,Including series budget,2025-03-20,2025-03-09,Name,No,2579.33,2026-06-24,2026-07-15,In,870114194,728350463,Investigational Product,MAT-14039,2026-04-07,Yes,US01,Language,Five,505390736,MAT-14039,CT-6109-EDZ
795211035,Structure popular project,BATCH-287541,BOM-99975,MAT-86168,Phantom Item,717529832,Obsolete,You sister offer,Reveal,Billion organization page bad,2023-12-08,2024-03-20,Knowledge,No,3251.97,2025-11-07,2026-04-13,Line,493844378,371639629,Investigational Product,MAT-14039,2026-02-10,Yes,AP03,Bed,Guess,512201603,MAT-86168,CT-6109-EDZ
295929053,Religious until,BATCH-240506,BOM-66907,MAT-14039,Phantom Item,177407030,Obsolete,Next during ask course,She,Near to let actually,2024-05-17,2024-03-03,Budget,No,4274.42,2024-02-04,2024-11-19,Bring,256440587,451433644,Investigational Product,MAT-86168,2024-02-15,Yes,AP03,Statement,Me,216558562,MAT-14039,CT-6109-EDZ
843386998,Against really again audience,BATCH-597992,BOM-19103,MAT-86168,Phantom Item,169307241,Obsolete,Win baby,List,Like very company stop,2025-11-13,2025-06-21,Feeling,No,4152.01,2025-02-24,2025-07-15,Station,255431547,704104248,Investigational Product,MAT-86168,2026-03-16,No,US01,Page,Couple,242080130,MAT-86168,CT-6109-EDZ
240314845,Record nothing about piece,BATCH-320709,BOM-30307,MAT-16627,Stock Item,573700658,Obsolete,Term model eye southern my,Art,Sometimes fine foot,2025-07-24,2025-03-22,There,Yes,2794.18,2025-04-21,2026-06-11,Ok,758162859,292315581,Investigational Product,MAT-16627,2026-09-10,Yes,LAT04,Occur,American,234835378,MAT-16627,CT-9831-IEW
965808825,Husband probably Mrs run,BATCH-420146,BOM-80537,MAT-33775,Stock Item,152067017,Obsolete,Heart itself,Take,Success similar,2024-07-13,2023-12-26,Subject,Yes,3267.21,2026-01-11,2025-10-17,Street,673443602,890088161,Investigational Product,MAT-16627,2024-02-01,Yes,LAT04,Among,Join,633766067,MAT-33775,CT-9831-IEW
895456703,True strategy,BATCH-805111,BOM-86817,MAT-16078,Phantom Item,210284868,Obsolete,Similar national fast realize more,Left,Policy language assume,2025-05-31,2024-08-10,Large,Yes,3397.77,2026-03-04,2024-12-26,Check,414262935,158141091,Investigational Product,MAT-16627,2025-11-10,No,EU02,Prove,Light,887810624,MAT-16078,CT-9831-IEW
956108219,Writer ground,BATCH-650344,BOM-72760,MAT-49651,Stock Item,445218322,Active,Appear back paper lead,Individual,During teacher prevent expert,2024-11-15,2024-04-17,Politics,No,1232.06,2026-10-13,2024-07-21,Short,617769921,900368759,Investigational Product,MAT-16627,2026-06-20,Yes,LAT04,Scientist,Surface,141636529,MAT-49651,CT-9831-IEW
779402182,Dream seat enter back,BATCH-526642,BOM-87868,MAT-16627,Phantom Item,229664377,Obsolete,Reveal stop skill set,Establish,Happy hour loss sense,2024-12-06,2024-10-09,What,No,4949.81,2024-07-18,2026-07-21,Case,833745868,832235796,Ancillary Supply,MAT-33775,2025-06-06,Yes,EU02,They,Today,427180930,MAT-16627,CT-9831-IEW
728867284,Bag boy send,BATCH-263479,BOM-19378,MAT-33775,Stock Item,566912941,Active,Large girl over art one,Return,Adult shake three full wind,2026-07-13,2024-06-29,Work,No,1518.52,2023-12-28,2026-11-08,Bar,251268504,155621439,Ancillary Supply,MAT-33775,2026-07-27,Yes,LAT04,Popular,Meeting,787596993,MAT-33775,CT-9831-IEW
858584060,Appear her time,BATCH-746981,BOM-19183,MAT-16078,Stock Item,817428818,Obsolete,Some degree,Body,Break detail indicate structure huge,2024-08-20,2024-05-18,Strategy,No,3074.1,2024-08-31,2025-01-23,Law,551537097,640489294,Ancillary Supply,MAT-33775,2026-10-02,Yes,US01,Game,Medical,655788353,MAT-16078,CT-9831-IEW
419552009,Again similar,BATCH-215897,BOM-86616,MAT-49651,Stock Item,194334863,Obsolete,Allow there the bill,Apply,Respond her like,2023-12-12,2024-10-23,Big,No,672.23,2026-06-18,2025-03-16,It,930880330,941411210,Ancillary Supply,MAT-33775,2025-02-14,Yes,LAT04,Model,Learn,533692140,MAT-49651,CT-9831-IEW
379090898,Stock hold that mouth,BATCH-987524,BOM-20033,MAT-16627,Stock Item,210753799,Active,Behavior out produce rule,Force,Newspaper could well,2025-04-09,2024-08-09,Official,Yes,2952.85,2024-08-08,2025-08-29,Week,661939039,896323751,Comparator,MAT-16078,2024-06-08,Yes,LAT04,Various,Career,112653032,MAT-16627,CT-9831-IEW
568746526,Week perform clearly,BATCH-903210,BOM-21092,MAT-33775,Stock Item,931032772,Obsolete,Staff rather enough,Wish,Imagine artist modern just condition,2024-06-08,2024-04-13,Social,Yes,1909.62,2024-11-16,2024-08-13,Chance,652195139,598657792,Comparator,MAT-16078,2024-08-12,No,AP03,Plan,Back,762679214,MAT-33775,CT-9831-IEW
851329812,Woman rich whatever,BATCH-879567,BOM-19498,MAT-16078,Phantom Item,264853735,Active,Record state seven father well,Scene,Age food process,2025-10-16,2024-05-24,Culture,No,2587.74,2026-08-31,2024-11-14,Local,273684853,514874478,Comparator,MAT-16078,2024-10-13,No,EU02,Four,Success,930591873,MAT-16078,CT-9831-IEW
409926289,Sister talk expect second,BATCH-222547,BOM-59073,MAT-49651,Stock Item,357319632,Obsolete,Score man,Work,Suffer with although,2024-10-16,2024-07-10,Shoulder,No,4778.34,2024-03-29,2026-06-17,Face,938621969,402889022,Comparator,MAT-16078,2025-01-25,No,EU02,Two,Model,363878317,MAT-49651,CT-9831-IEW
807686688,Others state surface,BATCH-672091,BOM-20492,MAT-16627,Stock Item,679748927,Active,In color especially institution,Task,A only option,2026-03-09,2025-05-30,Water,No,724.58,2024-04-13,2025-02-12,Party,898920912,305490318,Investigational Product,MAT-49651,2025-07-22,No,AP03,Seek,Around,496914595,MAT-16627,CT-9831-IEW
812054807,Realize follow,BATCH-120269,BOM-75437,MAT-33775,Stock Item,385771904,Active,Nearly vote past strong,Open,Talk light nature middle agreement,2024-04-14,2024-03-22,Heart,No,4974.95,2024-01-27,2024-09-18,Choice,628485694,203076363,Investigational Product,MAT-49651,2024-01-15,No,US01,Teacher,Huge,420618738,MAT-33775,CT-9831-IEW
249103934,Easy black under,BATCH-296279,BOM-64750,MAT-16078,Stock Item,712708770,Active,Blood green rest threat former,Power,Argue mind nor blood,2025-04-01,2025-04-11,Act,No,2139.67,2024-05-17,2026-07-14,Realize,279009174,686694520,Investigational Product,MAT-49651,2026-04-15,Yes,AP03,He,Prove,495403719,MAT-16078,CT-9831-IEW
957913835,Inside imagine strategy check visit,BATCH-181750,BOM-54329,MAT-49651,Phantom Item,707146906,Active,Respond official,To,View race say,2026-10-17,2024-09-21,Similar,Yes,186.64,2024-04-01,2024-06-01,Attack,217465306,460157412,Investigational Product,MAT-49651,2024-07-27,Yes,US01,Evening,Role,296448450,MAT-49651,CT-9831-IEW
815039637,Remain tree simply,BATCH-809380,BOM-47659,MAT-34899,Stock Item,847984352,Obsolete,Network western activity fact,Three,Night performance,2024-12-02,2025-07-23,Commercial,Yes,2809.9,2024-12-01,2025-12-20,Character,762751492,660686132,Investigational Product,MAT-34899,2024-03-24,Yes,AP03,Draw,Up,105413164,MAT-34899,CT-3395-UCM
458080916,News win institution follow,BATCH-665195,BOM-23895,MAT-40706,Stock Item,108378728,Active,Turn around side,His,Rise process,2025-08-06,2024-09-11,Education,Yes,375.75,2025-11-06,2023-12-24,Table,264087126,976413261,Investigational Product,MAT-34899,2024-08-13,Yes,US01,Pressure,Stage,621253703,MAT-40706,CT-3395-UCM
799007812,Enjoy situation news three,BATCH-646498,BOM-40122,MAT-82814,Stock Item,509704147,Obsolete,Me head economy happy,Force,Defense member must,2025-12-05,2025-11-01,Protect,No,1363.34,2025-02-14,2026-03-03,Training,554933611,904574493,Investigational Product,MAT-34899,2025-08-24,Yes,US01,Court,Never,466143139,MAT-82814,CT-3395-UCM
258006935,Pick these war last like,BATCH-441779,BOM-50497,MAT-34899,Stock Item,564784184,Active,Follow bill,Win,Stay right,2024-07-26,2024-10-01,Break,No,2927.79,2024-08-24,2024-01-01,Rise,566757833,574329179,Investigational Product,MAT-40706,2026-07-10,Yes,AP03,Quickly,Section,785899466,MAT-34899,CT-3395-UCM
235593619,Be former specific early,BATCH-589651,BOM-27371,MAT-40706,Phantom Item,969030901,Active,Simply support one want,Traditional,Teach beautiful smile together consider,2026-01-28,2025-06-05,Mean,No,2611.83,2026-01-27,2024-06-30,Score,797353119,177143493,Investigational Product,MAT-40706,2025-02-09,Yes,US01,Style,Myself,820676472,MAT-40706,CT-3395-UCM
549951215,Responsibility stand sing six,BATCH-447822,BOM-48251,MAT-82814,Stock Item,190473525,Obsolete,Rich program,Yeah,Report court carry rise,2026-04-27,2025-02-13,Including,No,2609.78,2024-05-05,2026-09-20,Pattern,931073438,781053867,Investigational Product,MAT-40706,2026-02-26,Yes,AP03,Specific,Serve,323562814,MAT-82814,CT-3395-UCM
395420055,Safe expert usually role between,BATCH-900529,BOM-65992,MAT-34899,Phantom Item,118298302,Obsolete,Someone score that effort,Choice,Service pressure professional political,2025-01-24,2024-06-26,Resource,No,1829.1,2025-10-29,2026-05-13,Until,653927651,261001122,Investigational Product,MAT-82814,2024-09-20,Yes,EU02,Town,Take,851767546,MAT-34899,CT-3395-UCM
290351719,To save need,BATCH-101182,BOM-18574,MAT-40706,Stock Item,314861239,Active,Investment huge degree computer,Campaign,That every person worker note,2024-04-22,2025-05-30,Strategy,Yes,1823.47,2024-10-31,2024-07-17,Couple,218564082,771610736,Investigational Product,MAT-82814,2026-07-23,No,EU02,Form,Could,978579392,MAT-40706,CT-3395-UCM
584095477,Find support close but blue,BATCH-772762,BOM-49095,MAT-82814,Stock Item,907596561,Active,Identify put almost strategy,Or,Leader well,2025-02-08,2024-01-20,Fly,Yes,1961.94,2025-04-27,2026-01-22,Least,641060560,471591290,Investigational Product,MAT-82814,2026-07-14,Yes,EU02,Suddenly,Bit,276818068,MAT-82814,CT-3395-UCM
659150357,Even allow travel difficult civil,BATCH-350977,BOM-84880,MAT-40089,Phantom Item,728674638,Obsolete,Area use,Teach,Artist their degree,2024-06-13,2024-05-10,Here,Yes,4149.79,2026-03-04,2024-04-08,Contain,372040293,748987717,Investigational Product,MAT-40089,2025-09-07,No,AP03,Wide,Civil,362402331,MAT-40089,CT-4229-AWU
420960913,North hundred at difficult,BATCH-170990,BOM-13651,MAT-47986,Phantom Item,666167037,Active,Participant yes training land or,Hold,Team ground hour important help,2025-05-08,2025-03-03,Development,No,4702.31,2023-12-28,2025-12-21,Southern,572888871,330953761,Investigational Product,MAT-40089,2023-12-23,Yes,US01,Second,Customer,666935950,MAT-47986,CT-4229-AWU
303785190,Sometimes occur,BATCH-304985,BOM-24448,MAT-30745,Phantom Item,357208419,Active,Four information center,Matter,Machine economic treatment stock,2026-09-20,2025-03-02,Guess,No,3905.26,2026-09-10,2026-07-05,Left,142741001,681518562,Investigational Product,MAT-40089,2026-06-24,No,LAT04,Not,News,627288516,MAT-30745,CT-4229-AWU
350638806,Really form could,BATCH-864645,BOM-70430,MAT-22354,Stock Item,854446761,Active,Address push,Simply,Everyone stage,2026-03-15,2025-06-13,Bank,No,4500.5,2025-11-15,2024-11-23,Similar,734977064,388456434,Investigational Product,MAT-40089,2025-05-12,No,LAT04,Floor,Myself,265551425,MAT-22354,CT-4229-AWU
347380818,Long suddenly,BATCH-708499,BOM-25688,MAT-40089,Stock Item,575085360,Active,Clear clear me,Population,He everybody explain,2025-03-24,2025-09-10,Leader,No,986.87,2025-02-06,2026-05-30,Form,268257784,263310361,Investigational Product,MAT-47986,2024-11-30,Yes,LAT04,Will,Arrive,767409918,MAT-40089,CT-4229-AWU
934802206,Now politics eat including,BATCH-835192,BOM-46491,MAT-47986,Phantom Item,147329188,Active,Push total take,Investment,Look focus stock why,2025-05-07,2025-10-21,Support,No,1680.01,2024-10-13,2024-04-06,Often,243629226,975334857,Investigational Product,MAT-47986,2026-01-16,Yes,EU02,Clear,Experience,817285092,MAT-47986,CT-4229-AWU
947820426,Still break especially cut structure,BATCH-660593,BOM-55693,MAT-30745,Stock Item,148377435,Obsolete,Prevent conference truth last,Pm,Success this station interesting city,2026-05-24,2025-06-21,Few,No,3041.17,2024-05-19,2025-07-17,Player,223041394,903256930,Investigational Product,MAT-47986,2025-07-15,Yes,US01,Space,Social,364263518,MAT-30745,CT-4229-AWU
335984961,Measure much accept,BATCH-287255,BOM-77338,MAT-22354,Phantom Item,765265012,Active,Mother happy miss,Husband,Although church art investment deal,2026-03-16,2025-01-05,Method,Yes,3977.4,2026-02-08,2023-11-18,Effort,417676978,600405219,Investigational Product,MAT-47986,2023-12-25,No,LAT04,Write,Those,133170015,MAT-22354,CT-4229-AWU
355531553,Happen social,BATCH-182317,BOM-21679,MAT-40089,Phantom Item,659160695,Obsolete,Boy point most,We,Nor gas citizen term together,2025-12-02,2025-03-25,Fact,No,403.85,2025-03-12,2024-09-27,Hundred,458165012,215586271,Comparator,MAT-30745,2026-09-06,No,EU02,Before,Teacher,799906172,MAT-40089,CT-4229-AWU
984117728,Ball subject under former black,BATCH-192619,BOM-21862,MAT-47986,Phantom Item,567341664,Active,Risk figure,Happy,Next floor camera campaign,2024-07-25,2025-10-15,Tell,Yes,216.47,2023-11-22,2024-12-21,Early,987555469,549828508,Comparator,MAT-30745,2024-02-03,Yes,LAT04,Course,Democratic,714467648,MAT-47986,CT-4229-AWU
164753416,Heavy not tend,BATCH-342017,BOM-82654,MAT-30745,Phantom Item,255391091,Active,The exist,Try,Partner according theory personal morning,2024-05-06,2024-09-13,Technology,No,2268.31,2026-08-17,2026-06-28,Your,115072989,622892357,Comparator,MAT-30745,2024-02-09,No,AP03,Cell,Father,112607176,MAT-30745,CT-4229-AWU
604059748,Part clear doctor,BATCH-834905,BOM-39241,MAT-22354,Phantom Item,964345138,Obsolete,Light cut travel,Tell,Almost so also maintain,2026-07-22,2024-08-21,Lead,No,4920.87,2025-08-23,2024-03-31,Daughter,196583607,658701921,Comparator,MAT-30745,2025-05-16,Yes,EU02,Health,Compare,397114366,MAT-22354,CT-4229-AWU
993723094,Care company produce,BATCH-619738,BOM-53324,MAT-40089,Stock Item,472027380,Obsolete,By staff threat,Pay,Enough country type nearly recognize,2026-06-01,2024-04-11,Response,Yes,3833.21,2023-12-18,2025-01-17,Kitchen,585248051,972140458,Investigational Product,MAT-22354,2026-07-20,Yes,AP03,Or,Live,215275442,MAT-40089,CT-4229-AWU
727909679,Return consumer,BATCH-644616,BOM-43951,MAT-47986,Phantom Item,311917533,Obsolete,Particular style star consumer direction,Onto,Yeah night,2025-09-15,2024-02-08,Up,Yes,4164.7,2024-12-23,2024-03-11,Far,407514979,662904927,Investigational Product,MAT-22354,2024-01-05,Yes,US01,Section,Hour,131246331,MAT-47986,CT-4229-AWU
675475808,Growth outside far task student,BATCH-352553,BOM-28334,MAT-30745,Phantom Item,795876459,Active,Control prove reason last,Political,Anything wonder world sport,2026-09-23,2025-01-21,Nothing,No,676.56,2025-06-15,2024-07-26,Challenge,872858018,820906335,Investigational Product,MAT-22354,2026-10-27,Yes,EU02,North,Sit,956688604,MAT-30745,CT-4229-AWU
812771681,Give particular certain major,BATCH-850695,BOM-90195,MAT-22354,Stock Item,444046916,Active,Conference energy various ago,Very,List this care fund let,2023-12-02,2024-08-16,Authority,Yes,1289.05,2023-11-27,2024-07-28,Child,852428988,841239603,Investigational Product,MAT-22354,2025-03-17,No,LAT04,Step,Social,922866983,MAT-22354,CT-4229-AWU
911273886,Set industry book without event,BATCH-335700,BOM-47887,MAT-22610,Phantom Item,698515311,Obsolete,Other company imagine,Middle,Culture write,2025-06-19,2024-10-02,Store,Yes,706.95,2025-12-20,2025-09-19,Research,385806213,285842155,Ancillary Supply,MAT-22610,2024-03-14,No,LAT04,Night,Red,416487525,MAT-22610,CT-9771-CZL
527411140,In too letter book difference,BATCH-508049,BOM-89515,MAT-93544,Stock Item,710693412,Active,Professional camera pressure,Site,Program book cup,2026-05-09,2024-11-30,South,Yes,3718.71,2024-12-19,2026-04-07,Direction,997240078,926823924,Ancillary Supply,MAT-22610,2024-05-18,No,AP03,Tough,Enjoy,647990170,MAT-93544,CT-9771-CZL
390550428,Direction player surface factor,BATCH-778957,BOM-78304,MAT-22610,Phantom Item,523184639,Obsolete,Board attention feeling,Teacher,First century,2025-06-17,2024-01-06,Grow,Yes,4245.61,2025-06-22,2026-03-17,Ever,616940913,955761815,Investigational Product,MAT-93544,2025-09-18,No,AP03,Their,World,374746175,MAT-22610,CT-9771-CZL
923554778,Action get mission mind,BATCH-840992,BOM-64758,MAT-93544,Phantom Item,731634126,Obsolete,Value every someone find,Floor,Herself person president do,2024-03-26,2023-12-21,Far,No,390.41,2026-05-16,2025-05-10,Not,320238638,237661559,Investigational Product,MAT-93544,2026-08-11,No,LAT04,Computer,Stage,609765573,MAT-93544,CT-9771-CZL
766313863,Attorney to avoid,BATCH-554652,BOM-29979,MAT-39627,Stock Item,736218772,Active,Enter of job billion station,Husband,Speech focus community,2026-04-01,2023-12-21,As,No,847.97,2024-08-31,2024-08-13,Firm,714797569,345372129,Comparator,MAT-39627,2026-02-25,Yes,US01,Police,Until,104033239,MAT-39627,CT-5014-EEP
333269634,Now along still,BATCH-118821,BOM-22097,MAT-53554,Phantom Item,707474013,Active,Stand assume while,Possible,Study mouth,2024-06-04,2024-09-22,Wear,No,4966.35,2025-08-23,2026-04-08,Training,489248621,634739918,Comparator,MAT-39627,2024-02-21,No,AP03,Back,Father,600532803,MAT-53554,CT-5014-EEP
137572113,Suggest same me drop bank,BATCH-793899,BOM-46556,MAT-39627,Stock Item,809228946,Obsolete,Red second,Drug,Service well finish economic oil,2026-07-30,2025-09-18,Position,No,1609.74,2026-03-29,2024-01-27,Nice,252812594,800468145,Ancillary Supply,MAT-53554,2025-04-01,Yes,AP03,Drive,Give,313438854,MAT-39627,CT-5014-EEP
363020875,Half away,BATCH-337853,BOM-95133,MAT-53554,Stock Item,983021982,Active,Wish everyone sign finish,Democratic,Effort reduce Mr make,2026-07-25,2024-08-22,Owner,Yes,2587.28,2024-08-08,2024-12-02,Box,168156609,691589961,Ancillary Supply,MAT-53554,2026-01-19,Yes,US01,Full,Front,369757784,MAT-53554,CT-5014-EEP
998679273,Author then specific,BATCH-562718,BOM-38087,MAT-46171,Phantom Item,324000748,Obsolete,Boy let deep eye,Worker,Out sport soon,2026-06-14,2024-09-30,Debate,No,3601.63,2025-03-10,2026-01-15,Hard,651695577,632975038,Ancillary Supply,MAT-46171,2025-10-14,Yes,US01,Require,Organization,402286975,MAT-46171,CT-3636-AVP
688924219,Call social,BATCH-987217,BOM-44713,MAT-54383,Stock Item,229211884,Active,From quickly,Score,Attention produce sure,2024-09-16,2024-12-25,Young,Yes,547.71,2025-01-03,2026-09-26,Now,195086931,303264600,Ancillary Supply,MAT-46171,2026-08-14,No,US01,Door,State,318558130,MAT-54383,CT-3636-AVP
642194262,Its work,BATCH-807322,BOM-70142,MAT-46171,Phantom Item,630162747,Obsolete,Visit city manage who,Notice,Kitchen himself important young,2025-10-08,2025-05-20,Read,No,1379.09,2026-03-19,2026-01-20,Process,634505784,108954866,Comparator,MAT-54383,2023-12-20,Yes,US01,Address,Green,285386270,MAT-46171,CT-3636-AVP
457102787,Republican human property pressure street,BATCH-668418,BOM-69288,MAT-54383,Stock Item,756108109,Obsolete,Guy resource candidate deal,Political,Experience would voice,2026-09-20,2024-05-19,Culture,Yes,66.49,2025-06-24,2024-09-13,Fill,705583158,379992458,Comparator,MAT-54383,2025-08-10,Yes,LAT04,Participant,Boy,529632256,MAT-54383,CT-3636-AVP
980471801,Beat respond reality card,BATCH-904039,BOM-83113,MAT-66257,Stock Item,511349921,Active,Remember tend try system,Strategy,Have difficult case take,2024-04-28,2024-11-20,Democrat,Yes,3224.65,2025-05-03,2025-01-18,Director,102099900,908876977,Comparator,MAT-66257,2026-06-04,Yes,AP03,Human,World,964803485,MAT-66257,CT-7484-BIH
827193910,Series almost recently,BATCH-329352,BOM-53980,MAT-66374,Phantom Item,761075146,Obsolete,Prove understand stand time main,Wide,Land local while,2025-02-11,2025-01-02,Part,No,1415.09,2025-08-17,2025-06-08,Stage,796975075,105263229,Comparator,MAT-66257,2026-09-22,Yes,EU02,Especially,Share,532187943,MAT-66374,CT-7484-BIH
992640510,Record purpose provide be,BATCH-712839,BOM-47487,MAT-74247,Stock Item,783321091,Active,Career less,Option,From all person how military,2025-12-20,2025-10-23,Support,No,109.31,2026-09-26,2024-11-23,Conference,523411375,168756181,Comparator,MAT-66257,2024-06-18,Yes,AP03,Operation,More,779898760,MAT-74247,CT-7484-BIH
893098769,Summer unit,BATCH-261270,BOM-20179,MAT-66257,Stock Item,585921319,Active,Research open,Protect,Subject most ever carry base,2025-07-19,2024-12-20,Sign,No,372.95,2026-04-27,2025-01-07,Occur,508196495,923402423,Ancillary Supply,MAT-66374,2024-12-19,No,LAT04,Show,Animal,163415459,MAT-66257,CT-7484-BIH
885655082,Mr task style again,BATCH-726204,BOM-96343,MAT-66374,Phantom Item,447807841,Active,Receive natural move,Improve,Identify safe really star,2024-10-14,2025-06-25,Task,Yes,1127.07,2025-02-16,2024-10-07,Husband,408425139,243396028,Ancillary Supply,MAT-66374,2024-03-22,No,EU02,Conference,Item,428405797,MAT-66374,CT-7484-BIH
111660502,Region participant discuss,BATCH-461060,BOM-89909,MAT-74247,Stock Item,569742960,Active,Reach former,Tax,Some idea about result woman,2026-05-27,2025-05-05,Left,No,3418.8,2025-02-11,2025-12-01,Shake,222643702,544390695,Ancillary Supply,MAT-66374,2026-05-11,No,AP03,Range,Visit,513107892,MAT-74247,CT-7484-BIH
221454208,Difference wide catch minute interview,BATCH-271484,BOM-64368,MAT-66257,Stock Item,502633373,Active,Both red,Work,Price Republican,2024-01-22,2025-05-04,Later,No,3477.36,2025-03-13,2024-12-07,Officer,788035786,189606958,Investigational Product,MAT-74247,2025-12-22,Yes,EU02,Crime,Into,562266785,MAT-66257,CT-7484-BIH
570902009,Mention protect without himself,BATCH-696358,BOM-33629,MAT-66374,Stock Item,174774076,Obsolete,Back court none,Middle,Wall popular right help,2026-10-10,2025-10-08,Ready,Yes,1190.67,2025-04-12,2025-11-25,Wife,625992548,578363359,Investigational Product,MAT-74247,2025-09-19,Yes,LAT04,As,Go,130827939,MAT-66374,CT-7484-BIH
571658596,Raise direction lead,BATCH-994275,BOM-88701,MAT-74247,Stock Item,417242686,Active,Human view,Plant,Skill would station,2024-10-23,2024-08-22,Safe,Yes,3858.72,2026-02-28,2025-05-03,Hot,704467253,576542755,Investigational Product,MAT-74247,2024-10-22,No,AP03,Up,Wear,787779515,MAT-74247,CT-7484-BIH
526023509,Adult marriage choose wide,BATCH-266008,BOM-58206,MAT-18458,Phantom Item,160886210,Active,Million ask parent,Group,Material bad new then,2025-12-21,2025-11-07,Scientist,Yes,3115.53,2024-09-07,2025-09-07,Statement,327106138,501435504,Ancillary Supply,MAT-18458,2024-07-29,No,AP03,Customer,Make,570706229,MAT-18458,CT-7487-KNX
684235855,Later buy natural western,BATCH-362118,BOM-52774,MAT-56157,Stock Item,846097804,Active,Wish new,Shoulder,Recently political exist,2025-02-24,2024-01-20,Everything,Yes,4136.21,2024-12-01,2023-12-13,Environmental,620926573,530899398,Ancillary Supply,MAT-18458,2024-01-23,Yes,AP03,Marriage,Pressure,240324711,MAT-56157,CT-7487-KNX
755074519,Control too other he feeling,BATCH-220775,BOM-56667,MAT-59372,Stock Item,747028456,Obsolete,Create owner avoid history,Leave,Of instead pattern city,2025-10-17,2024-03-24,Degree,No,4367.4,2025-06-19,2024-09-13,Once,190291268,907236733,Ancillary Supply,MAT-18458,2024-02-22,No,US01,Institution,Example,622440809,MAT-59372,CT-7487-KNX
597508919,To maybe about,BATCH-759459,BOM-22256,MAT-18458,Stock Item,396394459,Obsolete,Never economy number page cut,Near,Number already language early as,2026-09-13,2024-01-16,Watch,No,1230.47,2025-03-12,2023-11-19,Month,972292206,948005593,Comparator,MAT-56157,2025-07-29,No,AP03,Past,Build,849287364,MAT-18458,CT-7487-KNX
424516910,Name mean more,BATCH-230766,BOM-20653,MAT-56157,Stock Item,813965024,Obsolete,Most brother two,Each,Instead quite message,2024-11-15,2024-04-03,History,No,4864.53,2024-01-14,2026-01-28,Law,559000857,979903720,Comparator,MAT-56157,2026-03-10,No,US01,Quite,Season,427562669,MAT-56157,CT-7487-KNX
896333772,Government report,BATCH-655346,BOM-30148,MAT-59372,Stock Item,634357305,Obsolete,Minute theory many sit,Action,Heart would difference along,2025-02-14,2023-11-20,Yeah,Yes,1266.84,2025-05-06,2024-01-20,Suffer,763672406,845998830,Comparator,MAT-56157,2026-08-19,Yes,US01,Down,Western,535442619,MAT-59372,CT-7487-KNX
195447185,Beautiful ball suggest public,BATCH-988128,BOM-24209,MAT-18458,Phantom Item,126612912,Obsolete,Finish heavy note wait,Study,Short maintain yourself card,2025-10-06,2024-02-01,Sort,Yes,2600.71,2025-10-11,2025-11-05,Painting,404957263,981635577,Ancillary Supply,MAT-59372,2024-02-12,No,EU02,She,Food,834586396,MAT-18458,CT-7487-KNX
921239635,Major behavior production organization,BATCH-943303,BOM-37881,MAT-56157,Phantom Item,628329828,Obsolete,Already industry want collection understand,Leader,Lawyer theory least step,2026-05-21,2023-12-15,Free,Yes,1137.17,2026-05-31,2026-09-19,Significant,648117132,664881769,Ancillary Supply,MAT-59372,2025-12-26,Yes,US01,Pay,Must,549921433,MAT-56157,CT-7487-KNX
864894807,Trial space,BATCH-198104,BOM-61793,MAT-59372,Phantom Item,509901358,Obsolete,Administration wish age church officer,Reveal,Challenge decide maintain serious,2025-02-09,2025-01-31,Could,No,2981.65,2025-06-21,2024-03-07,Natural,462380983,895247918,Ancillary Supply,MAT-59372,2024-09-02,Yes,US01,Free,Entire,813101251,MAT-59372,CT-7487-KNX
879025264,Model world,BATCH-572836,BOM-34523,MAT-73628,Phantom Item,332359643,Obsolete,Benefit crime reason ready,Maybe,Task population partner somebody should,2026-04-21,2024-03-16,Hotel,No,3208.68,2024-04-26,2025-02-20,Foreign,917728018,725402974,Ancillary Supply,MAT-73628,2026-06-10,No,LAT04,Cold,Lay,490628218,MAT-73628,CT-3230-HFO
863278808,Meet reflect be around,BATCH-379329,BOM-26699,MAT-68176,Stock Item,780954377,Active,Add fill authority,Science,Foreign mission it,2025-11-28,2025-08-24,Republican,No,4742.35,2024-12-08,2026-04-21,Allow,145249040,850716718,Ancillary Supply,MAT-73628,2024-10-18,No,EU02,Which,Wish,467386848,MAT-68176,CT-3230-HFO
249324460,Her everyone eat stock,BATCH-636185,BOM-20642,MAT-54713,Stock Item,889548342,Obsolete,Physical however later method,Suggest,Carry also realize,2025-08-08,2025-08-12,Lawyer,Yes,1908.07,2026-07-18,2024-05-03,Parent,590276067,381519575,Ancillary Supply,MAT-73628,2026-05-26,Yes,US01,Product,Somebody,725280064,MAT-54713,CT-3230-HFO
731137525,Federal those despite player,BATCH-756288,BOM-49278,MAT-73628,Stock Item,859302831,Obsolete,Our sell outside many allow,Father,Toward action into mind,2024-10-06,2024-06-07,Executive,Yes,1549.34,2024-10-24,2025-08-09,Believe,959518477,966517786,Comparator,MAT-68176,2026-10-01,No,EU02,Lose,Learn,367420814,MAT-73628,CT-3230-HFO
328142921,Understand skin everyone,BATCH-320649,BOM-29129,MAT-68176,Phantom Item,677447483,Active,Suffer red program deal,Me,For play color,2026-09-18,2024-03-01,Use,No,2758.85,2025-04-24,2026-05-17,Speak,464339664,241419525,Comparator,MAT-68176,2023-11-25,No,LAT04,Across,Bring,147225644,MAT-68176,CT-3230-HFO
456043788,Than carry debate listen,BATCH-845143,BOM-76250,MAT-54713,Stock Item,197472578,Active,Glass certainly,Realize,Attack already increase,2026-07-04,2024-07-29,What,Yes,2536.4,2026-04-27,2026-07-17,Particularly,740982374,990904517,Comparator,MAT-68176,2026-07-31,No,US01,Recognize,Gas,801897471,MAT-54713,CT-3230-HFO
958363523,Over customer style,BATCH-106025,BOM-95821,MAT-73628,Phantom Item,486533527,Active,Office commercial owner range while,Wish,Read my,2026-02-26,2025-05-27,Others,No,4089.44,2025-12-15,2025-04-22,Center,943605442,196016502,Ancillary Supply,MAT-54713,2026-03-05,Yes,AP03,Contain,Effort,686918639,MAT-73628,CT-3230-HFO
665170167,Hit tough,BATCH-726155,BOM-47266,MAT-68176,Stock Item,164241077,Obsolete,Stand term born arm,Ahead,Health help method need,2024-08-07,2023-12-19,Fall,No,700.32,2024-09-11,2026-09-04,Against,708267702,436250185,Ancillary Supply,MAT-54713,2023-11-27,No,US01,Until,Month,395943569,MAT-68176,CT-3230-HFO
521325521,Thank today themselves machine important,BATCH-765603,BOM-34853,MAT-54713,Phantom Item,513582866,Active,Trial decide discuss,Create,Method particularly,2024-09-06,2024-01-12,Form,No,1894.22,2023-12-31,2025-08-10,Learn,194738909,665034579,Ancillary Supply,MAT-54713,2024-03-31,No,EU02,Radio,Here,696769761,MAT-54713,CT-3230-HFO
306878240,Girl name scientist,BATCH-885171,BOM-86797,MAT-75647,Stock Item,359004448,Obsolete,Pick people every write,Though,Tell word course,2026-11-08,2024-02-07,Give,Yes,3922.79,2023-12-18,2024-05-12,Visit,560503135,786820861,Ancillary Supply,MAT-75647,2025-07-12,Yes,US01,Claim,Focus,225989731,MAT-75647,CT-6551-IBW
236357233,Store third goal,BATCH-682506,BOM-66628,MAT-79992,Stock Item,243020762,Obsolete,Trouble management region more,Task,Fact stock,2025-02-09,2025-01-02,Say,Yes,4556.81,2024-06-13,2026-07-02,Small,773535918,239037426,Ancillary Supply,MAT-75647,2024-09-17,Yes,AP03,Truth,Fill,818379503,MAT-79992,CT-6551-IBW
705590594,Improve your,BATCH-343777,BOM-44691,MAT-52579,Stock Item,681447761,Obsolete,Last scientist later,Number,We cost,2023-12-30,2025-09-19,Right,No,2118.91,2024-07-03,2026-09-11,Leave,280211846,315851628,Ancillary Supply,MAT-75647,2026-03-25,No,AP03,Chair,Produce,547442582,MAT-52579,CT-6551-IBW
485045661,Nearly role past agreement increase,BATCH-816604,BOM-52139,MAT-75647,Phantom Item,367898006,Obsolete,Her force scientist,Hot,Huge list now dog young,2026-03-26,2024-09-29,Catch,Yes,3911.1,2025-01-19,2024-05-08,Evidence,291350846,529712660,Ancillary Supply,MAT-79992,2025-02-14,Yes,LAT04,Remember,Just,722467773,MAT-75647,CT-6551-IBW
996780657,Program plant present,BATCH-615908,BOM-97083,MAT-79992,Phantom Item,272782497,Obsolete,View hospital recent reason,Place,None she,2025-05-01,2024-02-11,Course,No,739.33,2024-10-12,2024-12-16,Produce,596185183,365910259,Ancillary Supply,MAT-79992,2024-06-22,Yes,AP03,Especially,Discover,243338349,MAT-79992,CT-6551-IBW
578854593,Whatever have,BATCH-586400,BOM-66077,MAT-52579,Stock Item,235811167,Obsolete,Kind responsibility behind mind,Action,Couple find off,2024-10-11,2024-07-08,Leave,Yes,2653.19,2026-06-15,2024-01-27,Another,599988492,698525098,Ancillary Supply,MAT-79992,2024-02-07,No,US01,Charge,Foreign,788723908,MAT-52579,CT-6551-IBW
492270015,Rise get American ten we,BATCH-486714,BOM-79503,MAT-75647,Phantom Item,348788067,Active,Authority government build discover,Child,Term run evidence,2025-08-30,2024-08-02,Figure,No,3469.77,2025-09-24,2024-01-04,Article,753983876,159717498,Comparator,MAT-52579,2025-07-20,No,US01,Before,Prove,670987441,MAT-75647,CT-6551-IBW
181524728,Cell interview ask that,BATCH-607223,BOM-86913,MAT-79992,Phantom Item,764686258,Obsolete,Traditional far,Set,Task thought many note range,2025-03-26,2024-05-31,All,No,1451.69,2025-07-15,2024-07-06,Organization,224401047,632427806,Comparator,MAT-52579,2026-08-17,No,LAT04,Charge,Key,957196187,MAT-79992,CT-6551-IBW
927790143,Treatment image behind character,BATCH-362830,BOM-35831,MAT-52579,Stock Item,483325645,Active,Old moment region order,Between,Value entire population others such,2026-08-11,2025-07-09,Usually,No,4847.9,2026-07-18,2024-11-23,Forward,502559040,188461212,Comparator,MAT-52579,2024-06-08,No,LAT04,Team,Night,486310646,MAT-52579,CT-6551-IBW
727595452,Case past resource those,BATCH-447106,BOM-21524,MAT-22152,Stock Item,180460935,Obsolete,Indicate maintain bad,Prepare,Eye others term,2025-12-17,2024-10-24,Upon,Yes,3029.81,2024-09-11,2025-01-18,Talk,831078400,198341894,Ancillary Supply,MAT-22152,2026-01-12,Yes,AP03,Whom,Admit,354414815,MAT-22152,CT-3472-PNG
417364935,Commercial series,BATCH-319893,BOM-96708,MAT-45907,Phantom Item,581258196,Active,Class reach wind,Range,Thought phone make front understand,2024-10-05,2025-10-30,Hot,Yes,4508.53,2024-02-22,2025-07-17,Nothing,596637665,670558589,Ancillary Supply,MAT-22152,2025-10-21,No,EU02,System,Soon,739329137,MAT-45907,CT-3472-PNG
852916075,Live whole physical start,BATCH-644115,BOM-24867,MAT-84153,Stock Item,733647794,Active,Sign property,Success,Film plant reveal,2025-11-26,2023-12-29,Design,No,4371.16,2025-01-12,2026-07-15,Discover,716994781,908996139,Ancillary Supply,MAT-22152,2026-10-17,No,US01,Them,Woman,987610239,MAT-84153,CT-3472-PNG
920237423,Course raise indicate performance,BATCH-949115,BOM-16309,MAT-22152,Stock Item,243303167,Obsolete,Build scene should,Dog,Economic hear sea,2024-10-03,2024-06-04,Hope,Yes,2492.23,2024-03-11,2025-10-14,Hard,487378316,145950542,Ancillary Supply,MAT-45907,2025-10-21,No,AP03,Politics,Last,179606971,MAT-22152,CT-3472-PNG
645951564,Leg bad,BATCH-822319,BOM-56981,MAT-45907,Stock Item,626358565,Active,Since that consumer,Note,See road personal lose,2025-01-28,2025-02-02,Outside,Yes,2376.57,2024-07-04,2026-06-28,Difference,580344459,410215866,Ancillary Supply,MAT-45907,2024-08-06,Yes,EU02,Difference,Pay,788067002,MAT-45907,CT-3472-PNG
203509224,Last inside,BATCH-494263,BOM-42843,MAT-84153,Phantom Item,262417860,Obsolete,Republican a me,Military,Election owner certain military,2024-03-05,2024-05-30,Including,Yes,4352.37,2024-08-04,2025-02-12,Plan,161818820,252459697,Ancillary Supply,MAT-45907,2024-08-08,No,AP03,Available,Choose,881136167,MAT-84153,CT-3472-PNG
724264837,Interview space,BATCH-476060,BOM-42317,MAT-22152,Stock Item,661899683,Active,Power new,School,Almost contain,2024-05-25,2023-12-16,Strong,Yes,3436.75,2024-07-04,2026-06-08,Scientist,603481245,313384539,Comparator,MAT-84153,2024-09-12,Yes,US01,Occur,Toward,402014688,MAT-22152,CT-3472-PNG
876428716,Hold table become,BATCH-870138,BOM-15997,MAT-45907,Stock Item,347544874,Active,Figure doctor bed main hope,Far,Hold leg bar one positive,2026-09-11,2024-09-06,Arrive,Yes,4266.05,2026-02-28,2024-03-22,Daughter,827202733,183955720,Comparator,MAT-84153,2025-02-15,No,AP03,Avoid,Poor,231737734,MAT-45907,CT-3472-PNG
985427823,Main build big else,BATCH-770827,BOM-88966,MAT-84153,Stock Item,142490182,Active,Apply recognize,Action,Turn such American happy might,2024-08-09,2025-05-06,Learn,Yes,240.94,2024-04-17,2025-04-28,Professor,216152678,901470040,Comparator,MAT-84153,2026-04-22,Yes,LAT04,Approach,Industry,734647173,MAT-84153,CT-3472-PNG
781481664,To generation,BATCH-814290,BOM-35557,MAT-31615,Phantom Item,773007944,Active,Idea still plant short,Tough,They large price what,2024-12-30,2024-01-02,Level,Yes,1486.11,2024-10-28,2024-11-21,Mr,610733422,279395016,Comparator,MAT-31615,2026-10-21,Yes,US01,Career,Middle,222786487,MAT-31615,CT-9781-BYC
549151270,Enjoy father machine actually,BATCH-450352,BOM-14682,MAT-98864,Phantom Item,527142972,Active,Section us which on able,Ball,Out two teacher west just,2025-03-17,2025-02-28,Only,Yes,2031.6,2025-07-09,2024-09-20,Give,410696924,776370979,Comparator,MAT-31615,2024-12-31,No,US01,Which,Born,236264260,MAT-98864,CT-9781-BYC
725060229,Weight actually pull,BATCH-155596,BOM-84473,MAT-59079,Stock Item,277499154,Active,Suffer service may,History,Word dog west produce pressure,2026-06-08,2025-04-07,Clear,No,188.25,2026-08-13,2025-06-07,Without,184463214,456990169,Comparator,MAT-31615,2025-11-05,No,US01,Such,Entire,745962724,MAT-59079,CT-9781-BYC
207459214,Though serve figure create drive,BATCH-134928,BOM-45386,MAT-96156,Phantom Item,984351108,Active,Different a wait deal,Significant,Dream likely film loss,2025-07-05,2023-12-03,Involve,Yes,929.21,2025-09-13,2025-02-02,Paper,438083423,456616657,Comparator,MAT-31615,2024-09-13,No,EU02,Kind,Public,875708531,MAT-96156,CT-9781-BYC
126826604,Both military white benefit police,BATCH-751316,BOM-74553,MAT-31615,Phantom Item,141723231,Obsolete,Participant amount,Recently,Record account once,2024-01-09,2025-06-13,Lose,No,2068.51,2025-08-07,2025-09-12,Ready,640769513,907127524,Ancillary Supply,MAT-98864,2025-01-25,No,US01,Force,While,584932528,MAT-31615,CT-9781-BYC
599990280,World course early,BATCH-869816,BOM-54325,MAT-98864,Stock Item,259036444,Obsolete,Through minute surface,Catch,Later significant firm,2025-11-14,2024-06-19,Race,Yes,3065.28,2025-09-26,2024-10-06,Million,250928448,123974952,Ancillary Supply,MAT-98864,2025-07-26,Yes,LAT04,System,Middle,628390617,MAT-98864,CT-9781-BYC
411235488,Heavy lot research,BATCH-768109,BOM-87473,MAT-59079,Phantom Item,206261917,Obsolete,Reality organization like,Speak,Room win win,2026-11-10,2024-04-25,Second,No,1673.79,2026-07-30,2024-06-07,Middle,458215669,603423575,Ancillary Supply,MAT-98864,2024-07-26,No,LAT04,How,Painting,585121221,MAT-59079,CT-9781-BYC
927768246,Support kid better into,BATCH-172831,BOM-75755,MAT-96156,Stock Item,214939515,Obsolete,Once staff red other,Reason,Reason employee,2026-10-17,2024-07-21,Cell,Yes,1510.14,2026-02-10,2025-08-28,Degree,290722896,899696892,Ancillary Supply,MAT-98864,2025-10-13,No,AP03,Create,Since,934888302,MAT-96156,CT-9781-BYC
910580950,Experience body,BATCH-316562,BOM-47326,MAT-31615,Stock Item,346345984,Active,Agency happy citizen,Again,Himself stand treat show,2026-05-16,2024-12-29,Do,Yes,4574.03,2025-10-03,2025-05-04,Quickly,229643577,464205235,Investigational Product,MAT-59079,2025-10-18,Yes,EU02,Product,Write,503956626,MAT-31615,CT-9781-BYC
139368206,Someone decision campaign,BATCH-383596,BOM-30294,MAT-98864,Stock Item,554894081,Active,Officer dark,Example,Near hot issue he,2025-11-24,2024-02-17,West,Yes,566.16,2025-08-24,2025-02-27,Share,541071454,832082355,Investigational Product,MAT-59079,2026-08-30,No,AP03,Bill,Moment,434449024,MAT-98864,CT-9781-BYC
612844488,Above administration career,BATCH-480040,BOM-67672,MAT-59079,Stock Item,631414404,Active,Outside bed growth,Republican,None push hour,2024-08-29,2024-08-11,Small,No,601.94,2026-01-04,2025-06-04,Indicate,823166838,738158667,Investigational Product,MAT-59079,2026-09-13,Yes,LAT04,Toward,Exactly,592596575,MAT-59079,CT-9781-BYC
435284797,These pressure recent million ball,BATCH-925387,BOM-58776,MAT-96156,Stock Item,432421961,Obsolete,Young be,Lot,Trip face hundred seven,2023-11-23,2025-09-27,Baby,Yes,1440.83,2025-04-04,2025-05-09,Church,793720534,743545260,Investigational Product,MAT-59079,2024-03-07,Yes,LAT04,Record,Pattern,706329526,MAT-96156,CT-9781-BYC
113951559,Least administration able election,BATCH-658508,BOM-87950,MAT-31615,Stock Item,874664622,Active,Safe city wrong million,Executive,Across lawyer attention,2024-04-26,2024-06-26,Exist,No,4456.82,2026-07-21,2025-11-12,Product,790551616,868856397,Ancillary Supply,MAT-96156,2024-02-07,Yes,LAT04,Foreign,Resource,772979736,MAT-31615,CT-9781-BYC
730110479,Somebody sound event information free,BATCH-854844,BOM-31534,MAT-98864,Phantom Item,294649196,Obsolete,Gun generation table attention,Address,Wait hot music,2026-06-07,2025-07-13,Else,No,805.95,2025-11-15,2026-04-13,Reveal,206858891,544927343,Ancillary Supply,MAT-96156,2026-10-30,Yes,US01,Film,Lot,789544280,MAT-98864,CT-9781-BYC
761379650,Tend lay,BATCH-366112,BOM-98760,MAT-59079,Phantom Item,799858345,Active,Whom he pretty pull,Talk,Month traditional finish not,2025-03-20,2025-09-05,Real,No,4074.79,2024-09-08,2025-11-24,Across,870725114,764150342,Ancillary Supply,MAT-96156,2025-05-28,No,AP03,Technology,Race,321563972,MAT-59079,CT-9781-BYC
391657848,Little standard beyond able sort,BATCH-960942,BOM-27104,MAT-96156,Stock Item,838218153,Active,Subject boy actually growth,Word,Rise store coach across,2024-07-03,2024-03-12,Condition,Yes,3688.45,2025-01-12,2026-09-29,Strategy,194495898,919433438,Ancillary Supply,MAT-96156,2025-09-21,Yes,EU02,Pull,Radio,894720819,MAT-96156,CT-9781-BYC
