trial_alias,lpn,location_id,class,lot_number,item_number,description,expiration_date,sap_plant,sap_destroy_after_dt,actual_qty,warehouse_id,warehouse_name,warehouse_country
CT-6910-RDE,LPN8384714575,LOC-19579,Ambient,LOT-14364098,MAT-93657,Dog Patch,2028-06-06,LAT04,2028-08-05,20,WH-294,Coreyshire Logistics Center,Saint Kitts and Nevis
CT-6910-RDE,LPN5594961323,LOC-89119,Frozen,LOT-14364098,MAT-93657,Dog Patch,2028-06-06,EU02,2028-08-05,47,WH-705,New Thomas Logistics Center,Taiwan
CT-3472-PNG,LPN1140451457,LOC-48979,Cold Chain,LOT-59019698,MAT-22152,Culture Solution,2026-07-17,AP03,2026-09-15,16,WH-860,South Jennifer Logistics Center,Malawi
CT-3472-PNG,LPN8927705036,LOC-32471,Cold Chain,LOT-59019698,MAT-22152,Culture Solution,2026-07-17,LAT04,2026-09-15,42,WH-856,New Amymouth Logistics Center,Qatar
CT-3472-PNG,LPN4771810246,LOC-48731,Cold Chain,LOT-59019698,MAT-22152,Culture Solution,2026-07-17,EU02,2026-09-15,21,WH-294,Coreyshire Logistics Center,Saint Kitts and Nevis
CT-8970-PLO,LPN8395771554,LOC-18678,Cold Chain,LOT-91814441,MAT-85304,Artist Solution,2026-02-14,US01,2026-04-15,32,WH-361,East Matthewton Logistics Center,Central African Republic
CT-8970-PLO,LPN5821630329,LOC-39942,Frozen,LOT-91814441,MAT-85304,Artist Solution,2026-02-14,LAT04,2026-04-15,27,WH-736,Jordanmouth Logistics Center,Swaziland
CT-8970-PLO,LPN3847743216,LOC-58514,Ambient,LOT-91814441,MAT-85304,Artist Solution,2026-02-14,EU02,2026-04-15,35,WH-816,Georgeview Logistics Center,United States of America
CT-6109-EDZ,LPN4662356193,LOC-73315,Frozen,LOT-17958339,MAT-86168,Run Solution,2027-07-20,EU02,2027-09-18,15,WH-509,North Johnburgh Logistics Center,Saudi Arabia
CT-6109-EDZ,LPN2542393025,LOC-34019,Cold Chain,LOT-17958339,MAT-86168,Run Solution,2027-07-20,EU02,2027-09-18,48,WH-735,Carterbury Logistics Center,Finland
CT-6109-EDZ,LPN5838267578,LOC-54966,Ambient,LOT-17958339,MAT-86168,Run Solution,2027-07-20,US01,2027-09-18,40,WH-378,Freemanmouth Logistics Center,Canada
CT-8742-ECD,LPN9224722251,LOC-66887,Frozen,LOT-54560092,MAT-15875,Happy Solution,2026-11-06,US01,2027-01-05,49,WH-921,Lake Jonathan Logistics Center,Togo
CT-8742-ECD,LPN2932157337,LOC-71415,Cold Chain,LOT-54560092,MAT-15875,Happy Solution,2026-11-06,LAT04,2027-01-05,19,WH-856,New Amymouth Logistics Center,Qatar
CT-8742-ECD,LPN4439802715,LOC-14140,Cold Chain,LOT-54560092,MAT-15875,Happy Solution,2026-11-06,US01,2027-01-05,47,WH-864,Jonesville Logistics Center,Mali
CT-6910-RDE,LPN1080823258,LOC-71424,Ambient,LOT-79555656,MAT-33689,South Capsule,2026-08-02,US01,2026-10-01,16,WH-375,South Nathanmouth Logistics Center,Greece
CT-5014-EEP,LPN2134435103,LOC-53687,Frozen,LOT-35809899,MAT-39627,Fund Tablet,2026-06-17,EU02,2026-08-16,41,WH-405,North Christophertown Logistics Center,Cote d'Ivoire
CT-5014-EEP,LPN4607676415,LOC-91477,Ambient,LOT-35809899,MAT-39627,Fund Tablet,2026-06-17,US01,2026-08-16,33,WH-370,Jonesshire Logistics Center,Tokelau
CT-5014-EEP,LPN6974467195,LOC-32591,Cold Chain,LOT-35809899,MAT-39627,Fund Tablet,2026-06-17,EU02,2026-08-16,9,WH-785,New Laura Logistics Center,Czech Republic
CT-5014-EEP,LPN1779060372,LOC-36900,Cold Chain,LOT-35809899,MAT-39627,Fund Tablet,2026-06-17,AP03,2026-08-16,40,WH-657,South Conniebury Logistics Center,Guadeloupe
CT-2004-PSX,LPN6829239213,LOC-77670,Ambient,LOT-45953393,MAT-60599,Traditional Patch,2026-01-08,LAT04,2026-03-09,41,WH-294,Coreyshire Logistics Center,Saint Kitts and Nevis
CT-2004-PSX,LPN7316808645,LOC-68211,Ambient,LOT-45953393,MAT-60599,Traditional Patch,2026-01-08,AP03,2026-03-09,47,WH-736,Jordanmouth Logistics Center,Swaziland
CT-2004-PSX,LPN2223511435,LOC-28217,Frozen,LOT-45953393,MAT-60599,Traditional Patch,2026-01-08,AP03,2026-03-09,38,WH-361,East Matthewton Logistics Center,Central African Republic
CT-2004-PSX,LPN9366442722,LOC-23810,Ambient,LOT-45953393,MAT-60599,Traditional Patch,2026-01-08,LAT04,2026-03-09,22,WH-856,New Amymouth Logistics Center,Qatar
CT-9831-IEW,LPN7425496926,LOC-72898,Cold Chain,LOT-57874485,MAT-16078,Stock Patch,2025-11-17,US01,2026-01-16,31,WH-414,Sullivanview Logistics Center,Kazakhstan
CT-9831-IEW,LPN9527091367,LOC-32269,Ambient,LOT-57874485,MAT-16078,Stock Patch,2025-11-17,US01,2026-01-16,27,WH-675,North Cameronchester Logistics Center,Holy See (Vatican City State)
CT-7484-BIH,LPN6153373406,LOC-76672,Frozen,LOT-31439488,MAT-66374,Oil Tablet,2025-09-04,US01,2025-11-03,50,WH-779,Derekville Logistics Center,Portugal
CT-7484-BIH,LPN9705992982,LOC-88859,Frozen,LOT-31439488,MAT-66374,Oil Tablet,2025-09-04,LAT04,2025-11-03,12,WH-499,Russellhaven Logistics Center,Lesotho
CT-7484-BIH,LPN7288923315,LOC-59026,Cold Chain,LOT-31439488,MAT-66374,Oil Tablet,2025-09-04,LAT04,2025-11-03,46,WH-864,Port Tiffany Logistics Center,Albania
CT-7484-BIH,LPN4186465824,LOC-53957,Cold Chain,LOT-31439488,MAT-66374,Oil Tablet,2025-09-04,EU02,2025-11-03,5,WH-405,North Christophertown Logistics Center,Cote d'Ivoire
CT-3395-UCM,LPN7873545782,LOC-39248,Cold Chain,LOT-62442527,MAT-40706,Keep Capsule,2025-09-06,EU02,2025-11-05,10,WH-725,Wolfport Logistics Center,Sao Tome and Principe
CT-3395-UCM,LPN1837940614,LOC-23633,Cold Chain,LOT-62442527,MAT-40706,Keep Capsule,2025-09-06,LAT04,2025-11-05,34,WH-970,West Meghanmouth Logistics Center,Turkmenistan
CT-3395-UCM,LPN1125482461,LOC-55356,Cold Chain,LOT-62442527,MAT-40706,Keep Capsule,2025-09-06,AP03,2025-11-05,3,WH-675,North Cameronchester Logistics Center,Holy See (Vatican City State)
CT-3395-UCM,LPN6846386811,LOC-89698,Frozen,LOT-62442527,MAT-40706,Keep Capsule,2025-09-06,US01,2025-11-05,4,WH-932,New David Logistics Center,Italy
CT-1696-SCY,LPN4475226601,LOC-53911,Cold Chain,LOT-46656333,MAT-78401,Expect Tablet,2026-12-03,AP03,2027-02-01,28,WH-264,South Christopher Logistics Center,Afghanistan
CT-1696-SCY,LPN2917168452,LOC-84688,Cold Chain,LOT-46656333,MAT-78401,Expect Tablet,2026-12-03,US01,2027-02-01,9,WH-675,North Cameronchester Logistics Center,Holy See (Vatican City State)
CT-1696-SCY,LPN1565821561,LOC-99914,Frozen,LOT-46656333,MAT-78401,Expect Tablet,2026-12-03,LAT04,2027-02-01,34,WH-361,East Matthewton Logistics Center,Central African Republic
CT-6592-IDY,LPN3272623440,LOC-58307,Ambient,LOT-66123852,MAT-49508,Able Patch,2028-07-06,LAT04,2028-09-04,28,WH-737,Tracyberg Logistics Center,Kenya
CT-6592-IDY,LPN7650504458,LOC-92599,Ambient,LOT-66123852,MAT-49508,Able Patch,2028-07-06,LAT04,2028-09-04,9,WH-483,Lake Taratown Logistics Center,British Virgin Islands
CT-6592-IDY,LPN6126790446,LOC-90891,Frozen,LOT-66123852,MAT-49508,Able Patch,2028-07-06,LAT04,2028-09-04,26,WH-856,New Amymouth Logistics Center,Qatar
CT-3472-PNG,LPN1026492252,LOC-86120,Ambient,LOT-59019698,MAT-22152,Culture Solution,2026-07-17,EU02,2026-09-15,4,WH-860,South Jennifer Logistics Center,Malawi
CT-3472-PNG,LPN4017605393,LOC-60995,Cold Chain,LOT-59019698,MAT-22152,Culture Solution,2026-07-17,AP03,2026-09-15,21,WH-816,Georgeview Logistics Center,United States of America
CT-3472-PNG,LPN7108336880,LOC-44127,Frozen,LOT-59019698,MAT-22152,Culture Solution,2026-07-17,EU02,2026-09-15,13,WH-785,New Laura Logistics Center,Czech Republic
CT-3472-PNG,LPN7266407720,LOC-44194,Ambient,LOT-59019698,MAT-22152,Culture Solution,2026-07-17,EU02,2026-09-15,11,WH-294,Coreyshire Logistics Center,Saint Kitts and Nevis
CT-8742-ECD,LPN2701422193,LOC-97797,Ambient,LOT-54560092,MAT-15875,Happy Solution,2026-11-06,AP03,2027-01-05,45,WH-229,Hernandezborough Logistics Center,Comoros
CT-8742-ECD,LPN5438929382,LOC-28829,Cold Chain,LOT-54560092,MAT-15875,Happy Solution,2026-11-06,US01,2027-01-05,48,WH-745,Carterton Logistics Center,Zambia
CT-8742-ECD,LPN7170516634,LOC-16439,Frozen,LOT-54560092,MAT-15875,Happy Solution,2026-11-06,LAT04,2027-01-05,12,WH-499,Russellhaven Logistics Center,Lesotho
CT-7487-KNX,LPN6559739766,LOC-21301,Ambient,LOT-31152831,MAT-59372,Issue Patch,2025-09-07,US01,2025-11-06,32,WH-860,South Jennifer Logistics Center,Malawi
CT-6551-IBW,LPN3015587873,LOC-69925,Ambient,LOT-89806740,MAT-79992,Anyone Tablet,2026-07-09,LAT04,2026-09-07,46,WH-414,Sullivanview Logistics Center,Kazakhstan
CT-6551-IBW,LPN7794816590,LOC-89762,Ambient,LOT-89806740,MAT-79992,Anyone Tablet,2026-07-09,AP03,2026-09-07,21,WH-757,Braunberg Logistics Center,Nepal
CT-6551-IBW,LPN6328331871,LOC-65634,Frozen,LOT-89806740,MAT-79992,Anyone Tablet,2026-07-09,AP03,2026-09-07,26,WH-657,South Conniebury Logistics Center,Guadeloupe
CT-9781-BYC,LPN2629124618,LOC-13764,Cold Chain,LOT-91403277,MAT-31615,Trouble Capsule,2025-11-01,LAT04,2025-12-31,23,WH-264,South Christopher Logistics Center,Afghanistan
CT-9831-IEW,LPN1452796377,LOC-44871,Frozen,LOT-46257312,MAT-49651,High Injection,2027-11-30,EU02,2028-01-29,42,WH-712,Ortizfort Logistics Center,American Samoa
CT-9831-IEW,LPN4090576121,LOC-59089,Cold Chain,LOT-46257312,MAT-49651,High Injection,2027-11-30,US01,2028-01-29,40,WH-932,New David Logistics Center,Italy
CT-9831-IEW,LPN2612382802,LOC-15371,Frozen,LOT-46257312,MAT-49651,High Injection,2027-11-30,EU02,2028-01-29,3,WH-842,West Tonya Logistics Center,Palestinian Territory
CT-7484-BIH,LPN3157785947,LOC-22082,Frozen,LOT-26012891,MAT-66257,Hundred Solution,2026-02-19,US01,2026-04-20,29,WH-816,Georgeview Logistics Center,United States of America
CT-7484-BIH,LPN3582655844,LOC-28829,Cold Chain,LOT-26012891,MAT-66257,Hundred Solution,2026-02-19,AP03,2026-04-20,45,WH-331,Margaretville Logistics Center,Belgium
CT-7484-BIH,LPN9475518007,LOC-74552,Frozen,LOT-26012891,MAT-66257,Hundred Solution,2026-02-19,US01,2026-04-20,34,WH-745,Carterton Logistics Center,Zambia
CT-8742-ECD,LPN1732916375,LOC-81757,Frozen,LOT-45571743,MAT-16848,Blue Patch,2025-05-24,US01,2025-07-23,35,WH-737,Tracyberg Logistics Center,Kenya
CT-8742-ECD,LPN3213468028,LOC-68943,Frozen,LOT-45571743,MAT-16848,Blue Patch,2025-05-24,LAT04,2025-07-23,5,WH-258,Meyersmouth Logistics Center,Grenada
CT-8742-ECD,LPN9340712224,LOC-93760,Ambient,LOT-45571743,MAT-16848,Blue Patch,2025-05-24,US01,2025-07-23,26,WH-856,New Amymouth Logistics Center,Qatar
CT-8742-ECD,LPN2376715062,LOC-74361,Ambient,LOT-45571743,MAT-16848,Blue Patch,2025-05-24,US01,2025-07-23,27,WH-643,East Dianeland Logistics Center,Malaysia
CT-3230-HFO,LPN1520473445,LOC-16913,Cold Chain,LOT-10539218,MAT-73628,Health Solution,2028-01-17,LAT04,2028-03-17,19,WH-483,Lake Taratown Logistics Center,British Virgin Islands
CT-8742-ECD,LPN7861524811,LOC-57871,Ambient,LOT-61778837,MAT-15875,Happy Solution,2025-11-20,AP03,2026-01-19,43,WH-864,Jonesville Logistics Center,Mali
CT-8742-ECD,LPN3818071968,LOC-62999,Ambient,LOT-61778837,MAT-15875,Happy Solution,2025-11-20,LAT04,2026-01-19,45,WH-229,Hernandezborough Logistics Center,Comoros
CT-8742-ECD,LPN8918798302,LOC-12561,Cold Chain,LOT-61778837,MAT-15875,Happy Solution,2025-11-20,LAT04,2026-01-19,37,WH-921,Lake Jonathan Logistics Center,Togo
CT-8742-ECD,LPN5818874488,LOC-80160,Cold Chain,LOT-61778837,MAT-15875,Happy Solution,2025-11-20,LAT04,2026-01-19,24,WH-361,East Matthewton Logistics Center,Central African Republic
CT-2004-PSX,LPN2617266077,LOC-62004,Frozen,LOT-75185716,MAT-97442,Common Patch,2026-06-14,LAT04,2026-08-13,45,WH-208,Allenstad Logistics Center,Papua New Guinea
CT-2004-PSX,LPN2818073040,LOC-52955,Ambient,LOT-75185716,MAT-97442,Common Patch,2026-06-14,LAT04,2026-08-13,33,WH-727,South Lance Logistics Center,Bhutan
CT-2004-PSX,LPN2042482601,LOC-84573,Frozen,LOT-75185716,MAT-97442,Common Patch,2026-06-14,LAT04,2026-08-13,1,WH-735,Carterbury Logistics Center,Finland
CT-8970-PLO,LPN6877026484,LOC-41384,Ambient,LOT-24616505,MAT-86920,Various Solution,2027-04-30,US01,2027-06-29,31,WH-641,Meyerview Logistics Center,Russian Federation
CT-6910-RDE,LPN2807204504,LOC-37562,Cold Chain,LOT-34166590,MAT-22108,Win Injection,2027-08-23,EU02,2027-10-22,5,WH-208,Allenstad Logistics Center,Papua New Guinea
CT-6910-RDE,LPN3172089351,LOC-11087,Ambient,LOT-34166590,MAT-22108,Win Injection,2027-08-23,AP03,2027-10-22,26,WH-736,Jordanmouth Logistics Center,Swaziland
CT-8742-ECD,LPN4446342504,LOC-74728,Cold Chain,LOT-83111741,MAT-47254,Article Tablet,2027-07-24,EU02,2027-09-22,38,WH-745,Carterton Logistics Center,Zambia
CT-8742-ECD,LPN1483531889,LOC-91087,Frozen,LOT-83111741,MAT-47254,Article Tablet,2027-07-24,AP03,2027-09-22,28,WH-712,Ortizfort Logistics Center,American Samoa
CT-8742-ECD,LPN7234027287,LOC-10459,Frozen,LOT-83111741,MAT-47254,Article Tablet,2027-07-24,AP03,2027-09-22,5,WH-856,New Amymouth Logistics Center,Qatar
CT-3636-AVP,LPN2429509171,LOC-39332,Cold Chain,LOT-27778437,MAT-54383,Agency Injection,2025-04-09,LAT04,2025-06-08,24,WH-725,Wolfport Logistics Center,Sao Tome and Principe
CT-6551-IBW,LPN1889417811,LOC-70312,Cold Chain,LOT-28144033,MAT-75647,Member Solution,2027-05-02,EU02,2027-07-01,18,WH-294,Coreyshire Logistics Center,Saint Kitts and Nevis
CT-6551-IBW,LPN8542646360,LOC-54439,Cold Chain,LOT-28144033,MAT-75647,Member Solution,2027-05-02,US01,2027-07-01,48,WH-453,East Katrina Logistics Center,Bahamas
CT-6551-IBW,LPN1481292999,LOC-36227,Cold Chain,LOT-28144033,MAT-75647,Member Solution,2027-05-02,US01,2027-07-01,38,WH-643,East Dianeland Logistics Center,Malaysia
CT-6551-IBW,LPN8738127584,LOC-78602,Ambient,LOT-28144033,MAT-75647,Member Solution,2027-05-02,LAT04,2027-07-01,29,WH-737,Tracyberg Logistics Center,Kenya
CT-8015-GMQ,LPN3593680831,LOC-16932,Frozen,LOT-49095565,MAT-74459,Memory Solution,2026-06-14,AP03,2026-08-13,8,WH-864,Jonesville Logistics Center,Mali
CT-3472-PNG,LPN7365889056,LOC-88920,Cold Chain,LOT-36766763,MAT-22152,Culture Solution,2026-01-11,LAT04,2026-03-12,32,WH-842,West Tonya Logistics Center,Palestinian Territory
CT-3472-PNG,LPN9849026616,LOC-20173,Cold Chain,LOT-36766763,MAT-22152,Culture Solution,2026-01-11,LAT04,2026-03-12,15,WH-745,Carterton Logistics Center,Zambia
CT-3472-PNG,LPN1877976220,LOC-76126,Cold Chain,LOT-36766763,MAT-22152,Culture Solution,2026-01-11,LAT04,2026-03-12,29,WH-745,Carterton Logistics Center,Zambia
CT-3472-PNG,LPN8409212142,LOC-83749,Cold Chain,LOT-36766763,MAT-22152,Culture Solution,2026-01-11,LAT04,2026-03-12,15,WH-921,Lake Jonathan Logistics Center,Togo
CT-3636-AVP,LPN7408981619,LOC-19904,Frozen,LOT-86551756,MAT-54383,Agency Injection,2028-07-28,LAT04,2028-09-26,48,WH-521,Christopherfurt Logistics Center,Gibraltar
CT-5014-EEP,LPN5815305838,LOC-37733,Ambient,LOT-35809899,MAT-39627,Fund Tablet,2026-06-17,EU02,2026-08-16,50,WH-294,Coreyshire Logistics Center,Saint Kitts and Nevis
CT-5014-EEP,LPN7661577103,LOC-87903,Cold Chain,LOT-35809899,MAT-39627,Fund Tablet,2026-06-17,LAT04,2026-08-16,19,WH-970,West Meghanmouth Logistics Center,Turkmenistan
CT-5014-EEP,LPN4838063160,LOC-22177,Cold Chain,LOT-27803441,MAT-53554,They Capsule,2026-11-22,AP03,2027-01-21,24,WH-757,Braunberg Logistics Center,Nepal
CT-5014-EEP,LPN9704892003,LOC-66153,Cold Chain,LOT-27803441,MAT-53554,They Capsule,2026-11-22,LAT04,2027-01-21,31,WH-657,South Conniebury Logistics Center,Guadeloupe
CT-5014-EEP,LPN2069798553,LOC-86207,Ambient,LOT-27803441,MAT-53554,They Capsule,2026-11-22,EU02,2027-01-21,43,WH-727,South Lance Logistics Center,Bhutan
CT-6551-IBW,LPN5778659822,LOC-79074,Cold Chain,LOT-11280930,MAT-75647,Member Solution,2025-06-12,US01,2025-08-11,40,WH-970,West Meghanmouth Logistics Center,Turkmenistan
CT-6551-IBW,LPN3464986739,LOC-81989,Frozen,LOT-11280930,MAT-75647,Member Solution,2025-06-12,US01,2025-08-11,42,WH-245,Whitneybury Logistics Center,Palau
CT-6551-IBW,LPN8206724092,LOC-31145,Ambient,LOT-11280930,MAT-75647,Member Solution,2025-06-12,EU02,2025-08-11,9,WH-675,North Cameronchester Logistics Center,Holy See (Vatican City State)
CT-6551-IBW,LPN3937680000,LOC-79310,Cold Chain,LOT-11280930,MAT-75647,Member Solution,2025-06-12,US01,2025-08-11,15,WH-499,Russellhaven Logistics Center,Lesotho
CT-6592-IDY,LPN7604796762,LOC-47506,Cold Chain,LOT-28252003,MAT-49508,Able Patch,2027-04-18,LAT04,2027-06-17,28,WH-727,South Lance Logistics Center,Bhutan
CT-6592-IDY,LPN8409978845,LOC-42277,Cold Chain,LOT-28252003,MAT-49508,Able Patch,2027-04-18,LAT04,2027-06-17,5,WH-414,Sullivanview Logistics Center,Kazakhstan
CT-6592-IDY,LPN2712976993,LOC-33041,Cold Chain,LOT-28252003,MAT-49508,Able Patch,2027-04-18,AP03,2027-06-17,44,WH-521,Christopherfurt Logistics Center,Gibraltar
CT-6551-IBW,LPN7091689278,LOC-44362,Cold Chain,LOT-89806740,MAT-79992,Anyone Tablet,2026-07-09,US01,2026-09-07,26,WH-264,South Christopher Logistics Center,Afghanistan
CT-3228-ZKT,LPN9064336314,LOC-79007,Frozen,LOT-38707248,MAT-58266,Tree Injection,2027-04-24,EU02,2027-06-23,39,WH-921,Lake Jonathan Logistics Center,Togo
CT-1696-SCY,LPN6253908854,LOC-15897,Ambient,LOT-46656333,MAT-78401,Expect Tablet,2026-12-03,LAT04,2027-02-01,2,WH-641,Meyerview Logistics Center,Russian Federation
CT-3636-AVP,LPN7301425578,LOC-28200,Ambient,LOT-41301239,MAT-46171,Though Solution,2025-12-18,EU02,2026-02-16,14,WH-864,Port Tiffany Logistics Center,Albania
CT-3636-AVP,LPN7226068471,LOC-34463,Ambient,LOT-41301239,MAT-46171,Though Solution,2025-12-18,US01,2026-02-16,48,WH-712,Ortizfort Logistics Center,American Samoa
CT-3636-AVP,LPN2615329390,LOC-98847,Cold Chain,LOT-41301239,MAT-46171,Though Solution,2025-12-18,AP03,2026-02-16,22,WH-699,Smithshire Logistics Center,Austria
CT-6910-RDE,LPN5735181460,LOC-13578,Cold Chain,LOT-34198332,MAT-22108,Win Injection,2026-11-08,LAT04,2027-01-07,22,WH-405,North Christophertown Logistics Center,Cote d'Ivoire
CT-6910-RDE,LPN6985740967,LOC-85464,Ambient,LOT-34198332,MAT-22108,Win Injection,2026-11-08,US01,2027-01-07,20,WH-864,Port Tiffany Logistics Center,Albania
CT-6910-RDE,LPN3927045393,LOC-29769,Cold Chain,LOT-34198332,MAT-22108,Win Injection,2026-11-08,AP03,2027-01-07,40,WH-245,Whitneybury Logistics Center,Palau
CT-6910-RDE,LPN8566752441,LOC-17327,Cold Chain,LOT-34198332,MAT-22108,Win Injection,2026-11-08,US01,2027-01-07,48,WH-694,Irwinmouth Logistics Center,Kiribati
CT-9771-CZL,LPN7785254059,LOC-19641,Frozen,LOT-83383410,MAT-22610,Us Solution,2027-04-27,EU02,2027-06-26,19,WH-378,Freemanmouth Logistics Center,Canada
CT-9771-CZL,LPN7956965307,LOC-84390,Frozen,LOT-83383410,MAT-22610,Us Solution,2027-04-27,AP03,2027-06-26,35,WH-483,Lake Taratown Logistics Center,British Virgin Islands
CT-3230-HFO,LPN3298723747,LOC-41902,Ambient,LOT-32873081,MAT-73628,Health Solution,2027-11-06,EU02,2028-01-05,45,WH-378,Freemanmouth Logistics Center,Canada
CT-3230-HFO,LPN1578234232,LOC-74355,Ambient,LOT-32873081,MAT-73628,Health Solution,2027-11-06,AP03,2028-01-05,46,WH-361,East Matthewton Logistics Center,Central African Republic
CT-3230-HFO,LPN4699593098,LOC-43637,Cold Chain,LOT-32873081,MAT-73628,Health Solution,2027-11-06,US01,2028-01-05,42,WH-208,Allenstad Logistics Center,Papua New Guinea
CT-3230-HFO,LPN2363415633,LOC-11133,Cold Chain,LOT-32873081,MAT-73628,Health Solution,2027-11-06,AP03,2028-01-05,6,WH-856,New Amymouth Logistics Center,Qatar
CT-7487-KNX,LPN9912341593,LOC-71370,Ambient,LOT-31152831,MAT-59372,Issue Patch,2025-09-07,EU02,2025-11-06,39,WH-745,Carterton Logistics Center,Zambia
CT-7487-KNX,LPN6977811630,LOC-95675,Frozen,LOT-31152831,MAT-59372,Issue Patch,2025-09-07,AP03,2025-11-06,19,WH-258,Meyersmouth Logistics Center,Grenada
CT-7487-KNX,LPN5502863094,LOC-20744,Frozen,LOT-31152831,MAT-59372,Issue Patch,2025-09-07,EU02,2025-11-06,17,WH-545,Port Charlene Logistics Center,Argentina
CT-6910-RDE,LPN5279026851,LOC-14587,Frozen,LOT-34198332,MAT-22108,Win Injection,2026-11-08,US01,2027-01-07,10,WH-834,East Hollyport Logistics Center,Mongolia
CT-6910-RDE,LPN2633757981,LOC-75116,Ambient,LOT-34198332,MAT-22108,Win Injection,2026-11-08,US01,2027-01-07,48,WH-509,North Johnburgh Logistics Center,Saudi Arabia
CT-6910-RDE,LPN1695032368,LOC-89810,Frozen,LOT-34198332,MAT-22108,Win Injection,2026-11-08,AP03,2027-01-07,17,WH-846,Greenefort Logistics Center,Indonesia
CT-8872-GKR,LPN2779891680,LOC-74623,Cold Chain,LOT-60549611,MAT-66331,Step Solution,2027-09-25,US01,2027-11-24,28,WH-245,Whitneybury Logistics Center,Palau
CT-8872-GKR,LPN5163524162,LOC-14799,Ambient,LOT-60549611,MAT-66331,Step Solution,2027-09-25,LAT04,2027-11-24,19,WH-208,Allenstad Logistics Center,Papua New Guinea
CT-8872-GKR,LPN1492424956,LOC-77426,Cold Chain,LOT-60549611,MAT-66331,Step Solution,2027-09-25,US01,2027-11-24,6,WH-414,Sullivanview Logistics Center,Kazakhstan
CT-8872-GKR,LPN6039568230,LOC-49640,Cold Chain,LOT-60549611,MAT-66331,Step Solution,2027-09-25,LAT04,2027-11-24,41,WH-236,Timstad Logistics Center,Korea
CT-3472-PNG,LPN6337494272,LOC-64432,Frozen,LOT-14377768,MAT-45907,Speech Patch,2027-01-10,US01,2027-03-11,10,WH-860,South Jennifer Logistics Center,Malawi
CT-3472-PNG,LPN8121352580,LOC-17997,Frozen,LOT-14377768,MAT-45907,Speech Patch,2027-01-10,US01,2027-03-11,36,WH-414,Sullivanview Logistics Center,Kazakhstan
CT-7487-KNX,LPN4910465406,LOC-65593,Ambient,LOT-17450919,MAT-18458,Reason Tablet,2027-02-13,AP03,2027-04-14,44,WH-735,Carterbury Logistics Center,Finland
CT-7487-KNX,LPN3345608300,LOC-50198,Ambient,LOT-17450919,MAT-18458,Reason Tablet,2027-02-13,US01,2027-04-14,27,WH-864,Port Tiffany Logistics Center,Albania
CT-7487-KNX,LPN5610808094,LOC-42722,Frozen,LOT-17450919,MAT-18458,Reason Tablet,2027-02-13,AP03,2027-04-14,38,WH-264,South Christopher Logistics Center,Afghanistan
CT-3230-HFO,LPN2766846494,LOC-32666,Cold Chain,LOT-32873081,MAT-73628,Health Solution,2027-11-06,LAT04,2028-01-05,6,WH-705,New Thomas Logistics Center,Taiwan
CT-3230-HFO,LPN3801853124,LOC-83632,Frozen,LOT-32873081,MAT-73628,Health Solution,2027-11-06,LAT04,2028-01-05,24,WH-675,North Cameronchester Logistics Center,Holy See (Vatican City State)
CT-3230-HFO,LPN4804288946,LOC-57502,Frozen,LOT-32873081,MAT-73628,Health Solution,2027-11-06,EU02,2028-01-05,46,WH-657,South Conniebury Logistics Center,Guadeloupe
CT-3230-HFO,LPN9144507474,LOC-26445,Frozen,LOT-32873081,MAT-73628,Health Solution,2027-11-06,AP03,2028-01-05,44,WH-745,Carterton Logistics Center,Zambia
CT-9831-IEW,LPN1365346953,LOC-55892,Cold Chain,LOT-46257312,MAT-49651,High Injection,2027-11-30,US01,2028-01-29,35,WH-236,Timstad Logistics Center,Korea
CT-9831-IEW,LPN5321309959,LOC-55423,Ambient,LOT-46257312,MAT-49651,High Injection,2027-11-30,AP03,2028-01-29,43,WH-816,Georgeview Logistics Center,United States of America
CT-3228-ZKT,LPN7115513542,LOC-50588,Cold Chain,LOT-63418468,MAT-61362,Better Tablet,2027-01-01,EU02,2027-03-02,36,WH-860,South Jennifer Logistics Center,Malawi
CT-5014-EEP,LPN4659592734,LOC-29749,Frozen,LOT-29384973,MAT-53554,They Capsule,2027-05-26,LAT04,2027-07-25,5,WH-405,North Christophertown Logistics Center,Cote d'Ivoire
CT-5014-EEP,LPN8146951133,LOC-89778,Cold Chain,LOT-29384973,MAT-53554,They Capsule,2027-05-26,US01,2027-07-25,48,WH-736,Jordanmouth Logistics Center,Swaziland
CT-9831-IEW,LPN1734802296,LOC-31835,Cold Chain,LOT-82476241,MAT-16078,Stock Patch,2025-06-26,LAT04,2025-08-25,42,WH-294,Coreyshire Logistics Center,Saint Kitts and Nevis
CT-8970-PLO,LPN5388388148,LOC-49421,Ambient,LOT-43759862,MAT-84265,Help Solution,2026-10-16,LAT04,2026-12-15,34,WH-229,Hernandezborough Logistics Center,Comoros
CT-8970-PLO,LPN6661507819,LOC-80665,Frozen,LOT-43759862,MAT-84265,Help Solution,2026-10-16,AP03,2026-12-15,27,WH-361,East Matthewton Logistics Center,Central African Republic
CT-8015-GMQ,LPN3545941962,LOC-21886,Frozen,LOT-23670572,MAT-91309,Simply Injection,2026-05-20,EU02,2026-07-19,1,WH-970,West Meghanmouth Logistics Center,Turkmenistan
CT-8015-GMQ,LPN3532461626,LOC-24025,Frozen,LOT-23670572,MAT-91309,Simply Injection,2026-05-20,AP03,2026-07-19,9,WH-860,South Jennifer Logistics Center,Malawi
CT-8015-GMQ,LPN3048391989,LOC-82562,Ambient,LOT-23670572,MAT-91309,Simply Injection,2026-05-20,AP03,2026-07-19,17,WH-705,New Thomas Logistics Center,Taiwan
CT-9781-BYC,LPN9240397511,LOC-58842,Ambient,LOT-37532398,MAT-98864,Positive Injection,2026-09-16,AP03,2026-11-15,33,WH-245,Whitneybury Logistics Center,Palau
CT-9781-BYC,LPN3526562496,LOC-55441,Ambient,LOT-37532398,MAT-98864,Positive Injection,2026-09-16,AP03,2026-11-15,45,WH-834,East Hollyport Logistics Center,Mongolia
CT-9781-BYC,LPN9187401413,LOC-50530,Cold Chain,LOT-37532398,MAT-98864,Positive Injection,2026-09-16,LAT04,2026-11-15,35,WH-785,New Laura Logistics Center,Czech Republic
CT-9781-BYC,LPN5940675624,LOC-98485,Frozen,LOT-37532398,MAT-98864,Positive Injection,2026-09-16,EU02,2026-11-15,7,WH-932,New David Logistics Center,Italy
CT-7487-KNX,LPN6795012941,LOC-15349,Ambient,LOT-70758392,MAT-56157,Contain Solution,2027-07-12,EU02,2027-09-10,23,WH-846,Greenefort Logistics Center,Indonesia
CT-7487-KNX,LPN3995045633,LOC-39509,Frozen,LOT-70758392,MAT-56157,Contain Solution,2027-07-12,US01,2027-09-10,27,WH-414,Sullivanview Logistics Center,Kazakhstan
CT-7487-KNX,LPN4693237633,LOC-50521,Cold Chain,LOT-70758392,MAT-56157,Contain Solution,2027-07-12,US01,2027-09-10,24,WH-453,East Katrina Logistics Center,Bahamas
CT-7487-KNX,LPN8121460059,LOC-25737,Ambient,LOT-70758392,MAT-56157,Contain Solution,2027-07-12,US01,2027-09-10,28,WH-745,Carterton Logistics Center,Zambia
CT-8742-ECD,LPN4850124411,LOC-73789,Cold Chain,LOT-97576608,MAT-47140,Side Capsule,2028-01-14,AP03,2028-03-14,15,WH-375,South Nathanmouth Logistics Center,Greece
CT-8742-ECD,LPN7284616458,LOC-49913,Frozen,LOT-97576608,MAT-47140,Side Capsule,2028-01-14,AP03,2028-03-14,9,WH-736,Jordanmouth Logistics Center,Swaziland
CT-8742-ECD,LPN9814292667,LOC-87015,Frozen,LOT-97576608,MAT-47140,Side Capsule,2028-01-14,AP03,2028-03-14,40,WH-236,Timstad Logistics Center,Korea
CT-8742-ECD,LPN9640787542,LOC-66445,Cold Chain,LOT-97576608,MAT-47140,Side Capsule,2028-01-14,EU02,2028-03-14,1,WH-921,Lake Jonathan Logistics Center,Togo
CT-9771-CZL,LPN2213719819,LOC-80331,Frozen,LOT-83383410,MAT-22610,Us Solution,2027-04-27,LAT04,2027-06-26,47,WH-545,Port Charlene Logistics Center,Argentina
CT-3472-PNG,LPN5762702274,LOC-20465,Ambient,LOT-89268420,MAT-84153,Floor Patch,2026-12-16,LAT04,2027-02-14,9,WH-509,North Johnburgh Logistics Center,Saudi Arabia
CT-3472-PNG,LPN1238322065,LOC-59131,Cold Chain,LOT-89268420,MAT-84153,Floor Patch,2026-12-16,US01,2027-02-14,42,WH-932,New David Logistics Center,Italy
CT-3472-PNG,LPN1243731281,LOC-77743,Frozen,LOT-89268420,MAT-84153,Floor Patch,2026-12-16,EU02,2027-02-14,11,WH-453,East Katrina Logistics Center,Bahamas
CT-5806-JWO,LPN7108840041,LOC-97268,Cold Chain,LOT-26730959,MAT-81584,Set Solution,2026-03-16,AP03,2026-05-15,37,WH-370,Jonesshire Logistics Center,Tokelau
CT-5806-JWO,LPN9813080465,LOC-63002,Frozen,LOT-26730959,MAT-81584,Set Solution,2026-03-16,LAT04,2026-05-15,25,WH-735,Carterbury Logistics Center,Finland
CT-5806-JWO,LPN8825334823,LOC-96733,Ambient,LOT-26730959,MAT-81584,Set Solution,2026-03-16,AP03,2026-05-15,23,WH-864,Jonesville Logistics Center,Mali
CT-7487-KNX,LPN9622355519,LOC-99610,Ambient,LOT-31152831,MAT-59372,Issue Patch,2025-09-07,EU02,2025-11-06,37,WH-509,North Johnburgh Logistics Center,Saudi Arabia
CT-7487-KNX,LPN3981776934,LOC-76467,Frozen,LOT-31152831,MAT-59372,Issue Patch,2025-09-07,AP03,2025-11-06,22,WH-921,Lake Jonathan Logistics Center,Togo
CT-7487-KNX,LPN4715324199,LOC-33363,Frozen,LOT-31152831,MAT-59372,Issue Patch,2025-09-07,EU02,2025-11-06,36,WH-970,West Meghanmouth Logistics Center,Turkmenistan
CT-7487-KNX,LPN8871363734,LOC-52997,Frozen,LOT-31152831,MAT-59372,Issue Patch,2025-09-07,AP03,2025-11-06,11,WH-816,Georgeview Logistics Center,United States of America
CT-5806-JWO,LPN9589796394,LOC-19853,Cold Chain,LOT-26730959,MAT-81584,Set Solution,2026-03-16,AP03,2026-05-15,23,WH-264,South Christopher Logistics Center,Afghanistan
CT-5806-JWO,LPN6890770048,LOC-71729,Ambient,LOT-26730959,MAT-81584,Set Solution,2026-03-16,US01,2026-05-15,32,WH-406,Meganchester Logistics Center,Angola
CT-5806-JWO,LPN7229302309,LOC-37186,Cold Chain,LOT-26730959,MAT-81584,Set Solution,2026-03-16,US01,2026-05-15,44,WH-735,Carterbury Logistics Center,Finland
CT-5806-JWO,LPN3251213635,LOC-74338,Cold Chain,LOT-26730959,MAT-81584,Set Solution,2026-03-16,EU02,2026-05-15,36,WH-264,South Christopher Logistics Center,Afghanistan
CT-5014-EEP,LPN5464755985,LOC-20241,Frozen,LOT-35809899,MAT-39627,Fund Tablet,2026-06-17,LAT04,2026-08-16,21,WH-483,Lake Taratown Logistics Center,British Virgin Islands
CT-5014-EEP,LPN2165942697,LOC-69011,Ambient,LOT-35809899,MAT-39627,Fund Tablet,2026-06-17,EU02,2026-08-16,36,WH-331,Margaretville Logistics Center,Belgium
CT-5014-EEP,LPN5271421106,LOC-89267,Cold Chain,LOT-35809899,MAT-39627,Fund Tablet,2026-06-17,LAT04,2026-08-16,4,WH-258,Meyersmouth Logistics Center,Grenada
CT-5014-EEP,LPN4736318708,LOC-62204,Frozen,LOT-35809899,MAT-39627,Fund Tablet,2026-06-17,EU02,2026-08-16,7,WH-856,New Amymouth Logistics Center,Qatar
CT-5014-EEP,LPN1262175526,LOC-27000,Ambient,LOT-27803441,MAT-53554,They Capsule,2026-11-22,US01,2027-01-21,19,WH-842,West Tonya Logistics Center,Palestinian Territory
CT-5014-EEP,LPN1971480691,LOC-16129,Ambient,LOT-27803441,MAT-53554,They Capsule,2026-11-22,EU02,2027-01-21,17,WH-846,Greenefort Logistics Center,Indonesia
CT-5014-EEP,LPN7527579844,LOC-38055,Ambient,LOT-27803441,MAT-53554,They Capsule,2026-11-22,AP03,2027-01-21,30,WH-331,Margaretville Logistics Center,Belgium
CT-5014-EEP,LPN1405091380,LOC-76464,Ambient,LOT-27803441,MAT-53554,They Capsule,2026-11-22,US01,2027-01-21,46,WH-521,Christopherfurt Logistics Center,Gibraltar
CT-3395-UCM,LPN7186361423,LOC-84639,Frozen,LOT-62442527,MAT-40706,Keep Capsule,2025-09-06,LAT04,2025-11-05,19,WH-921,Lake Jonathan Logistics Center,Togo
CT-4229-AWU,LPN3943501229,LOC-40364,Cold Chain,LOT-12068529,MAT-47986,Experience Tablet,2025-11-10,AP03,2026-01-09,38,WH-554,Turnerview Logistics Center,Guam
CT-7047-GQC,LPN3732371204,LOC-90698,Frozen,LOT-66613397,MAT-18097,Enter Capsule,2025-11-03,US01,2026-01-02,16,WH-737,Tracyberg Logistics Center,Kenya
CT-6592-IDY,LPN4048034087,LOC-99404,Frozen,LOT-69596629,MAT-49508,Able Patch,2026-12-31,AP03,2027-03-01,43,WH-736,Jordanmouth Logistics Center,Swaziland
CT-6592-IDY,LPN3061452869,LOC-25657,Cold Chain,LOT-69596629,MAT-49508,Able Patch,2026-12-31,AP03,2027-03-01,42,WH-737,Tracyberg Logistics Center,Kenya
CT-6592-IDY,LPN9166206469,LOC-75013,Frozen,LOT-69596629,MAT-49508,Able Patch,2026-12-31,LAT04,2027-03-01,23,WH-705,New Thomas Logistics Center,Taiwan
CT-6592-IDY,LPN5532532143,LOC-16424,Cold Chain,LOT-69596629,MAT-49508,Able Patch,2026-12-31,EU02,2027-03-01,11,WH-554,Turnerview Logistics Center,Guam
CT-9831-IEW,LPN4434221400,LOC-44265,Cold Chain,LOT-26376337,MAT-33775,Something Patch,2026-09-04,US01,2026-11-03,42,WH-705,New Thomas Logistics Center,Taiwan
CT-3230-HFO,LPN3810469651,LOC-32955,Frozen,LOT-58463446,MAT-54713,Free Solution,2027-04-08,AP03,2027-06-07,27,WH-727,South Lance Logistics Center,Bhutan
CT-3230-HFO,LPN9535883625,LOC-98911,Frozen,LOT-58463446,MAT-54713,Free Solution,2027-04-08,EU02,2027-06-07,7,WH-236,Timstad Logistics Center,Korea
CT-3230-HFO,LPN9200792717,LOC-15640,Ambient,LOT-58463446,MAT-54713,Free Solution,2027-04-08,EU02,2027-06-07,17,WH-842,West Tonya Logistics Center,Palestinian Territory
CT-9831-IEW,LPN3272103233,LOC-12636,Cold Chain,LOT-82476241,MAT-16078,Stock Patch,2025-06-26,US01,2025-08-25,27,WH-864,Jonesville Logistics Center,Mali
CT-9831-IEW,LPN9550773543,LOC-65878,Frozen,LOT-82476241,MAT-16078,Stock Patch,2025-06-26,US01,2025-08-25,34,WH-842,West Tonya Logistics Center,Palestinian Territory
CT-9831-IEW,LPN4148328008,LOC-78640,Cold Chain,LOT-82476241,MAT-16078,Stock Patch,2025-06-26,LAT04,2025-08-25,13,WH-208,Allenstad Logistics Center,Papua New Guinea
CT-3636-AVP,LPN1665439342,LOC-50636,Cold Chain,LOT-27778437,MAT-54383,Agency Injection,2025-04-09,LAT04,2025-06-08,7,WH-406,Meganchester Logistics Center,Angola
CT-3636-AVP,LPN6477790701,LOC-88421,Ambient,LOT-27778437,MAT-54383,Agency Injection,2025-04-09,US01,2025-06-08,48,WH-779,Derekville Logistics Center,Portugal
CT-3636-AVP,LPN2496812388,LOC-19773,Cold Chain,LOT-27778437,MAT-54383,Agency Injection,2025-04-09,US01,2025-06-08,31,WH-245,Whitneybury Logistics Center,Palau
CT-3636-AVP,LPN6452563100,LOC-98440,Frozen,LOT-27778437,MAT-54383,Agency Injection,2025-04-09,AP03,2025-06-08,45,WH-745,Carterton Logistics Center,Zambia
CT-7047-GQC,LPN2999583368,LOC-78760,Frozen,LOT-73100049,MAT-58634,Impact Patch,2026-06-22,US01,2026-08-21,44,WH-483,Lake Taratown Logistics Center,British Virgin Islands
CT-7047-GQC,LPN4383922141,LOC-51870,Ambient,LOT-73100049,MAT-58634,Impact Patch,2026-06-22,US01,2026-08-21,17,WH-453,East Katrina Logistics Center,Bahamas
CT-4229-AWU,LPN8520852161,LOC-67633,Ambient,LOT-85774109,MAT-22354,Light Tablet,2026-09-07,US01,2026-11-06,28,WH-361,East Matthewton Logistics Center,Central African Republic
CT-4229-AWU,LPN2596429502,LOC-92987,Frozen,LOT-85774109,MAT-22354,Light Tablet,2026-09-07,EU02,2026-11-06,36,WH-499,Russellhaven Logistics Center,Lesotho
CT-3228-ZKT,LPN5913470213,LOC-85187,Ambient,LOT-63567190,MAT-30703,Cold Injection,2027-08-13,US01,2027-10-12,34,WH-554,Turnerview Logistics Center,Guam
CT-5014-EEP,LPN9395205807,LOC-50441,Ambient,LOT-27803441,MAT-53554,They Capsule,2026-11-22,EU02,2027-01-21,32,WH-736,Jordanmouth Logistics Center,Swaziland
CT-5014-EEP,LPN8716959986,LOC-36655,Ambient,LOT-27803441,MAT-53554,They Capsule,2026-11-22,EU02,2027-01-21,34,WH-483,Lake Taratown Logistics Center,British Virgin Islands
CT-5014-EEP,LPN8503281873,LOC-98248,Frozen,LOT-27803441,MAT-53554,They Capsule,2026-11-22,US01,2027-01-21,6,WH-245,Whitneybury Logistics Center,Palau
CT-5014-EEP,LPN3905421108,LOC-55281,Ambient,LOT-27803441,MAT-53554,They Capsule,2026-11-22,AP03,2027-01-21,31,WH-705,New Thomas Logistics Center,Taiwan
CT-6551-IBW,LPN2867546944,LOC-32436,Cold Chain,LOT-34574127,MAT-79992,Anyone Tablet,2027-11-14,LAT04,2028-01-13,32,WH-236,Timstad Logistics Center,Korea
CT-6551-IBW,LPN1703045463,LOC-37442,Ambient,LOT-34574127,MAT-79992,Anyone Tablet,2027-11-14,EU02,2028-01-13,44,WH-641,Meyerview Logistics Center,Russian Federation
CT-6551-IBW,LPN3712230454,LOC-32067,Frozen,LOT-34574127,MAT-79992,Anyone Tablet,2027-11-14,EU02,2028-01-13,29,WH-864,Port Tiffany Logistics Center,Albania
CT-6551-IBW,LPN6302136676,LOC-97243,Cold Chain,LOT-34574127,MAT-79992,Anyone Tablet,2027-11-14,EU02,2028-01-13,40,WH-860,South Jennifer Logistics Center,Malawi
CT-7487-KNX,LPN5446357858,LOC-85030,Cold Chain,LOT-31152831,MAT-59372,Issue Patch,2025-09-07,US01,2025-11-06,13,WH-370,Jonesshire Logistics Center,Tokelau
CT-7487-KNX,LPN7048315149,LOC-25364,Frozen,LOT-31152831,MAT-59372,Issue Patch,2025-09-07,US01,2025-11-06,39,WH-860,South Jennifer Logistics Center,Malawi
CT-2004-PSX,LPN7972487878,LOC-98418,Cold Chain,LOT-75185716,MAT-97442,Common Patch,2026-06-14,EU02,2026-08-13,19,WH-779,Derekville Logistics Center,Portugal
CT-3395-UCM,LPN8140705088,LOC-28873,Ambient,LOT-30151730,MAT-40706,Keep Capsule,2027-03-31,LAT04,2027-05-30,15,WH-846,Greenefort Logistics Center,Indonesia
CT-3395-UCM,LPN9682492635,LOC-27720,Frozen,LOT-30151730,MAT-40706,Keep Capsule,2027-03-31,LAT04,2027-05-30,8,WH-264,South Christopher Logistics Center,Afghanistan
CT-5014-EEP,LPN6335431583,LOC-90016,Ambient,LOT-35809899,MAT-39627,Fund Tablet,2026-06-17,AP03,2026-08-16,45,WH-370,Jonesshire Logistics Center,Tokelau
CT-5014-EEP,LPN2815499134,LOC-51443,Frozen,LOT-35809899,MAT-39627,Fund Tablet,2026-06-17,EU02,2026-08-16,16,WH-864,Jonesville Logistics Center,Mali
CT-5014-EEP,LPN7655418079,LOC-99822,Ambient,LOT-35809899,MAT-39627,Fund Tablet,2026-06-17,EU02,2026-08-16,6,WH-860,South Jennifer Logistics Center,Malawi
CT-5014-EEP,LPN9725321982,LOC-34370,Cold Chain,LOT-35809899,MAT-39627,Fund Tablet,2026-06-17,LAT04,2026-08-16,38,WH-406,Meganchester Logistics Center,Angola
CT-2004-PSX,LPN7648265269,LOC-77308,Cold Chain,LOT-39555641,MAT-32011,Offer Tablet,2027-05-20,EU02,2027-07-19,47,WH-245,Whitneybury Logistics Center,Palau
CT-2004-PSX,LPN5844866317,LOC-92583,Ambient,LOT-39555641,MAT-32011,Offer Tablet,2027-05-20,LAT04,2027-07-19,16,WH-378,Freemanmouth Logistics Center,Canada
CT-2004-PSX,LPN2665242401,LOC-67416,Ambient,LOT-39555641,MAT-32011,Offer Tablet,2027-05-20,LAT04,2027-07-19,47,WH-864,Port Tiffany Logistics Center,Albania
CT-2004-PSX,LPN1284506457,LOC-74359,Cold Chain,LOT-39555641,MAT-32011,Offer Tablet,2027-05-20,US01,2027-07-19,48,WH-846,Greenefort Logistics Center,Indonesia
CT-6109-EDZ,LPN5002644666,LOC-24946,Frozen,LOT-70811881,MAT-86168,Run Solution,2026-09-05,EU02,2026-11-04,33,WH-725,Wolfport Logistics Center,Sao Tome and Principe
CT-6109-EDZ,LPN4350338818,LOC-33943,Ambient,LOT-70811881,MAT-86168,Run Solution,2026-09-05,LAT04,2026-11-04,40,WH-545,Port Charlene Logistics Center,Argentina
CT-6109-EDZ,LPN7178776325,LOC-28408,Ambient,LOT-70811881,MAT-86168,Run Solution,2026-09-05,EU02,2026-11-04,47,WH-545,Port Charlene Logistics Center,Argentina
CT-6109-EDZ,LPN3055058049,LOC-40110,Frozen,LOT-70811881,MAT-86168,Run Solution,2026-09-05,AP03,2026-11-04,12,WH-736,Jordanmouth Logistics Center,Swaziland
CT-8015-GMQ,LPN7791929334,LOC-43570,Frozen,LOT-21570201,MAT-74459,Memory Solution,2026-12-22,EU02,2027-02-20,35,WH-712,Ortizfort Logistics Center,American Samoa
CT-8015-GMQ,LPN5504695578,LOC-22704,Ambient,LOT-21570201,MAT-74459,Memory Solution,2026-12-22,EU02,2027-02-20,3,WH-736,Jordanmouth Logistics Center,Swaziland
CT-8015-GMQ,LPN4983720463,LOC-55603,Cold Chain,LOT-21570201,MAT-74459,Memory Solution,2026-12-22,EU02,2027-02-20,7,WH-737,Tracyberg Logistics Center,Kenya
CT-2004-PSX,LPN6130984511,LOC-26102,Ambient,LOT-32180264,MAT-60599,Traditional Patch,2025-07-01,AP03,2025-08-30,47,WH-545,Port Charlene Logistics Center,Argentina
CT-2004-PSX,LPN5722931104,LOC-57966,Frozen,LOT-32180264,MAT-60599,Traditional Patch,2025-07-01,EU02,2025-08-30,10,WH-699,Smithshire Logistics Center,Austria
CT-9781-BYC,LPN9683259372,LOC-67480,Frozen,LOT-27880910,MAT-98864,Positive Injection,2026-11-19,EU02,2027-01-18,28,WH-694,Irwinmouth Logistics Center,Kiribati
CT-9781-BYC,LPN3799495854,LOC-41198,Ambient,LOT-27880910,MAT-98864,Positive Injection,2026-11-19,LAT04,2027-01-18,41,WH-294,Coreyshire Logistics Center,Saint Kitts and Nevis
CT-6109-EDZ,LPN1739460530,LOC-12297,Frozen,LOT-49441641,MAT-86168,Run Solution,2026-07-19,LAT04,2026-09-17,36,WH-816,Georgeview Logistics Center,United States of America
CT-6109-EDZ,LPN9093278320,LOC-19743,Cold Chain,LOT-49441641,MAT-86168,Run Solution,2026-07-19,LAT04,2026-09-17,50,WH-779,Derekville Logistics Center,Portugal
CT-6109-EDZ,LPN4032691735,LOC-57856,Cold Chain,LOT-49441641,MAT-86168,Run Solution,2026-07-19,US01,2026-09-17,44,WH-331,Margaretville Logistics Center,Belgium
CT-3395-UCM,LPN6312240437,LOC-27470,Frozen,LOT-10817867,MAT-34899,Continue Capsule,2025-11-17,LAT04,2026-01-16,6,WH-643,East Dianeland Logistics Center,Malaysia
CT-3395-UCM,LPN3590381198,LOC-62490,Ambient,LOT-10817867,MAT-34899,Continue Capsule,2025-11-17,EU02,2026-01-16,45,WH-657,South Conniebury Logistics Center,Guadeloupe
CT-9781-BYC,LPN9804331366,LOC-34118,Ambient,LOT-27880910,MAT-98864,Positive Injection,2026-11-19,US01,2027-01-18,36,WH-675,North Cameronchester Logistics Center,Holy See (Vatican City State)
CT-9781-BYC,LPN1526720659,LOC-23831,Cold Chain,LOT-27880910,MAT-98864,Positive Injection,2026-11-19,EU02,2027-01-18,20,WH-331,Margaretville Logistics Center,Belgium
CT-9781-BYC,LPN6836620350,LOC-79740,Ambient,LOT-27880910,MAT-98864,Positive Injection,2026-11-19,AP03,2027-01-18,42,WH-414,Sullivanview Logistics Center,Kazakhstan
CT-9781-BYC,LPN6718461478,LOC-82288,Frozen,LOT-27880910,MAT-98864,Positive Injection,2026-11-19,AP03,2027-01-18,36,WH-735,Carterbury Logistics Center,Finland
CT-1696-SCY,LPN4402105103,LOC-67574,Cold Chain,LOT-46656333,MAT-78401,Expect Tablet,2026-12-03,LAT04,2027-02-01,18,WH-725,Wolfport Logistics Center,Sao Tome and Principe
CT-8872-GKR,LPN1668926354,LOC-19174,Cold Chain,LOT-51166600,MAT-23246,Type Injection,2028-06-14,US01,2028-08-13,4,WH-846,Greenefort Logistics Center,Indonesia
CT-8742-ECD,LPN2772915879,LOC-29370,Frozen,LOT-99482219,MAT-47140,Side Capsule,2027-01-22,LAT04,2027-03-23,15,WH-370,Jonesshire Logistics Center,Tokelau
CT-8742-ECD,LPN4197405026,LOC-68673,Cold Chain,LOT-99482219,MAT-47140,Side Capsule,2027-01-22,AP03,2027-03-23,31,WH-643,East Dianeland Logistics Center,Malaysia
CT-8742-ECD,LPN3549087775,LOC-14807,Frozen,LOT-99482219,MAT-47140,Side Capsule,2027-01-22,LAT04,2027-03-23,43,WH-705,New Thomas Logistics Center,Taiwan
CT-8742-ECD,LPN9406894826,LOC-16641,Cold Chain,LOT-99482219,MAT-47140,Side Capsule,2027-01-22,EU02,2027-03-23,38,WH-657,South Conniebury Logistics Center,Guadeloupe
CT-6109-EDZ,LPN2485437835,LOC-92718,Frozen,LOT-31019227,MAT-86168,Run Solution,2026-06-17,LAT04,2026-08-16,27,WH-294,Coreyshire Logistics Center,Saint Kitts and Nevis
CT-6109-EDZ,LPN2398550808,LOC-63790,Cold Chain,LOT-31019227,MAT-86168,Run Solution,2026-06-17,LAT04,2026-08-16,44,WH-643,East Dianeland Logistics Center,Malaysia
CT-6109-EDZ,LPN6538629601,LOC-65924,Cold Chain,LOT-31019227,MAT-86168,Run Solution,2026-06-17,EU02,2026-08-16,34,WH-405,North Christophertown Logistics Center,Cote d'Ivoire
CT-8015-GMQ,LPN1893165587,LOC-87993,Frozen,LOT-23670572,MAT-91309,Simply Injection,2026-05-20,LAT04,2026-07-19,37,WH-745,Carterton Logistics Center,Zambia
CT-8015-GMQ,LPN8662611676,LOC-93259,Frozen,LOT-23670572,MAT-91309,Simply Injection,2026-05-20,AP03,2026-07-19,38,WH-236,Timstad Logistics Center,Korea
CT-8015-GMQ,LPN4802866119,LOC-30452,Frozen,LOT-23670572,MAT-91309,Simply Injection,2026-05-20,LAT04,2026-07-19,27,WH-864,Jonesville Logistics Center,Mali
CT-3472-PNG,LPN1965053942,LOC-12696,Ambient,LOT-14377768,MAT-45907,Speech Patch,2027-01-10,US01,2027-03-11,39,WH-712,Ortizfort Logistics Center,American Samoa
CT-3472-PNG,LPN1829033562,LOC-70205,Cold Chain,LOT-14377768,MAT-45907,Speech Patch,2027-01-10,AP03,2027-03-11,35,WH-554,Turnerview Logistics Center,Guam
CT-3472-PNG,LPN4293936389,LOC-28668,Frozen,LOT-14377768,MAT-45907,Speech Patch,2027-01-10,LAT04,2027-03-11,2,WH-453,East Katrina Logistics Center,Bahamas
CT-3472-PNG,LPN1916787441,LOC-71254,Ambient,LOT-14377768,MAT-45907,Speech Patch,2027-01-10,AP03,2027-03-11,15,WH-834,East Hollyport Logistics Center,Mongolia
CT-4229-AWU,LPN8674738820,LOC-64518,Frozen,LOT-12068529,MAT-47986,Experience Tablet,2025-11-10,AP03,2026-01-09,27,WH-483,Lake Taratown Logistics Center,British Virgin Islands
CT-4229-AWU,LPN1371276808,LOC-57120,Cold Chain,LOT-12068529,MAT-47986,Experience Tablet,2025-11-10,AP03,2026-01-09,45,WH-727,South Lance Logistics Center,Bhutan
CT-4229-AWU,LPN6851675073,LOC-24179,Cold Chain,LOT-12068529,MAT-47986,Experience Tablet,2025-11-10,US01,2026-01-09,16,WH-453,East Katrina Logistics Center,Bahamas
CT-1816-RCG,LPN5582519861,LOC-33244,Cold Chain,LOT-60968631,MAT-37872,Effort Capsule,2026-10-17,AP03,2026-12-16,4,WH-725,Wolfport Logistics Center,Sao Tome and Principe
CT-1816-RCG,LPN6330822736,LOC-74543,Cold Chain,LOT-60968631,MAT-37872,Effort Capsule,2026-10-17,AP03,2026-12-16,35,WH-921,Lake Jonathan Logistics Center,Togo
CT-1816-RCG,LPN1664380823,LOC-85124,Ambient,LOT-60968631,MAT-37872,Effort Capsule,2026-10-17,LAT04,2026-12-16,16,WH-499,Russellhaven Logistics Center,Lesotho
CT-1816-RCG,LPN2247846030,LOC-68971,Ambient,LOT-60968631,MAT-37872,Effort Capsule,2026-10-17,EU02,2026-12-16,19,WH-453,East Katrina Logistics Center,Bahamas
CT-3228-ZKT,LPN2423301893,LOC-52114,Frozen,LOT-73483649,MAT-58266,Tree Injection,2026-06-15,LAT04,2026-08-14,41,WH-856,New Amymouth Logistics Center,Qatar
CT-3228-ZKT,LPN5688174886,LOC-98757,Frozen,LOT-73483649,MAT-58266,Tree Injection,2026-06-15,LAT04,2026-08-14,3,WH-816,Georgeview Logistics Center,United States of America
CT-3228-ZKT,LPN3723428896,LOC-32209,Cold Chain,LOT-73483649,MAT-58266,Tree Injection,2026-06-15,EU02,2026-08-14,2,WH-779,Derekville Logistics Center,Portugal
CT-3636-AVP,LPN3378465996,LOC-54713,Cold Chain,LOT-47865891,MAT-46171,Though Solution,2028-02-08,AP03,2028-04-08,49,WH-499,Russellhaven Logistics Center,Lesotho
CT-3636-AVP,LPN5441337003,LOC-22468,Ambient,LOT-47865891,MAT-46171,Though Solution,2028-02-08,EU02,2028-04-08,34,WH-816,Georgeview Logistics Center,United States of America
CT-3636-AVP,LPN2803065606,LOC-68429,Ambient,LOT-47865891,MAT-46171,Though Solution,2028-02-08,US01,2028-04-08,22,WH-856,New Amymouth Logistics Center,Qatar
CT-1696-SCY,LPN7481783424,LOC-44451,Ambient,LOT-65372587,MAT-14115,Property Tablet,2025-02-09,US01,2025-04-10,30,WH-554,Turnerview Logistics Center,Guam
CT-9781-BYC,LPN2499981032,LOC-19844,Cold Chain,LOT-91403277,MAT-31615,Trouble Capsule,2025-11-01,US01,2025-12-31,49,WH-694,Irwinmouth Logistics Center,Kiribati
CT-7487-KNX,LPN6061266447,LOC-69634,Frozen,LOT-31152831,MAT-59372,Issue Patch,2025-09-07,LAT04,2025-11-06,28,WH-370,Jonesshire Logistics Center,Tokelau
CT-3230-HFO,LPN1291539774,LOC-66473,Ambient,LOT-46366370,MAT-68176,Treat Tablet,2025-11-01,AP03,2025-12-31,26,WH-545,Port Charlene Logistics Center,Argentina
CT-3230-HFO,LPN8966481118,LOC-23987,Cold Chain,LOT-46366370,MAT-68176,Treat Tablet,2025-11-01,AP03,2025-12-31,36,WH-245,Whitneybury Logistics Center,Palau
CT-7047-GQC,LPN1614516669,LOC-78670,Ambient,LOT-73100049,MAT-58634,Impact Patch,2026-06-22,EU02,2026-08-21,39,WH-453,East Katrina Logistics Center,Bahamas
CT-7047-GQC,LPN8787038630,LOC-63034,Frozen,LOT-73100049,MAT-58634,Impact Patch,2026-06-22,AP03,2026-08-21,46,WH-736,Jordanmouth Logistics Center,Swaziland
CT-7047-GQC,LPN7925394667,LOC-21245,Cold Chain,LOT-73100049,MAT-58634,Impact Patch,2026-06-22,EU02,2026-08-21,26,WH-405,North Christophertown Logistics Center,Cote d'Ivoire
CT-7047-GQC,LPN3194861637,LOC-84089,Ambient,LOT-73100049,MAT-58634,Impact Patch,2026-06-22,AP03,2026-08-21,21,WH-414,Sullivanview Logistics Center,Kazakhstan
CT-3472-PNG,LPN8130355180,LOC-54947,Cold Chain,LOT-36766763,MAT-22152,Culture Solution,2026-01-11,AP03,2026-03-12,27,WH-675,North Cameronchester Logistics Center,Holy See (Vatican City State)
CT-3472-PNG,LPN9921759057,LOC-40378,Ambient,LOT-36766763,MAT-22152,Culture Solution,2026-01-11,LAT04,2026-03-12,24,WH-643,East Dianeland Logistics Center,Malaysia
CT-3472-PNG,LPN2366495652,LOC-50510,Cold Chain,LOT-36766763,MAT-22152,Culture Solution,2026-01-11,EU02,2026-03-12,16,WH-864,Port Tiffany Logistics Center,Albania
CT-9831-IEW,LPN4950506631,LOC-90121,Cold Chain,LOT-70273170,MAT-49651,High Injection,2025-03-21,EU02,2025-05-20,3,WH-483,Lake Taratown Logistics Center,British Virgin Islands
CT-9831-IEW,LPN2516135079,LOC-88289,Frozen,LOT-70273170,MAT-49651,High Injection,2025-03-21,LAT04,2025-05-20,2,WH-727,South Lance Logistics Center,Bhutan
CT-3395-UCM,LPN3494484681,LOC-74429,Ambient,LOT-52789053,MAT-82814,Reduce Solution,2026-04-29,EU02,2026-06-28,17,WH-229,Hernandezborough Logistics Center,Comoros
CT-3395-UCM,LPN2253736821,LOC-50481,Ambient,LOT-52789053,MAT-82814,Reduce Solution,2026-04-29,US01,2026-06-28,20,WH-727,South Lance Logistics Center,Bhutan
CT-3395-UCM,LPN2287570179,LOC-54307,Frozen,LOT-52789053,MAT-82814,Reduce Solution,2026-04-29,EU02,2026-06-28,23,WH-860,South Jennifer Logistics Center,Malawi
CT-1816-RCG,LPN5242539109,LOC-89650,Cold Chain,LOT-19895402,MAT-55297,New Solution,2026-05-19,US01,2026-07-18,42,WH-757,Braunberg Logistics Center,Nepal
CT-1816-RCG,LPN6331957124,LOC-57334,Ambient,LOT-19895402,MAT-55297,New Solution,2026-05-19,LAT04,2026-07-18,34,WH-509,North Johnburgh Logistics Center,Saudi Arabia
CT-1816-RCG,LPN8825296113,LOC-88609,Cold Chain,LOT-19895402,MAT-55297,New Solution,2026-05-19,EU02,2026-07-18,40,WH-846,Greenefort Logistics Center,Indonesia
CT-1816-RCG,LPN1392849311,LOC-57860,Ambient,LOT-19895402,MAT-55297,New Solution,2026-05-19,LAT04,2026-07-18,12,WH-675,North Cameronchester Logistics Center,Holy See (Vatican City State)
CT-1816-RCG,LPN4435492289,LOC-37129,Frozen,LOT-60968631,MAT-37872,Effort Capsule,2026-10-17,EU02,2026-12-16,9,WH-554,Turnerview Logistics Center,Guam
CT-1816-RCG,LPN4345102830,LOC-62890,Cold Chain,LOT-60968631,MAT-37872,Effort Capsule,2026-10-17,LAT04,2026-12-16,50,WH-860,South Jennifer Logistics Center,Malawi
CT-7484-BIH,LPN7825021431,LOC-13816,Ambient,LOT-26012891,MAT-66257,Hundred Solution,2026-02-19,EU02,2026-04-20,4,WH-694,Irwinmouth Logistics Center,Kiribati
CT-1696-SCY,LPN5850985812,LOC-80413,Cold Chain,LOT-44491067,MAT-78401,Expect Tablet,2028-06-07,AP03,2028-08-06,23,WH-694,Irwinmouth Logistics Center,Kiribati
CT-1696-SCY,LPN6434308045,LOC-81925,Ambient,LOT-44491067,MAT-78401,Expect Tablet,2028-06-07,EU02,2028-08-06,11,WH-860,South Jennifer Logistics Center,Malawi
CT-7484-BIH,LPN9811064761,LOC-90283,Cold Chain,LOT-16159838,MAT-66257,Hundred Solution,2025-09-01,LAT04,2025-10-31,3,WH-657,South Conniebury Logistics Center,Guadeloupe
CT-7484-BIH,LPN5394754198,LOC-62422,Ambient,LOT-16159838,MAT-66257,Hundred Solution,2025-09-01,EU02,2025-10-31,35,WH-736,Jordanmouth Logistics Center,Swaziland
CT-9771-CZL,LPN4481063983,LOC-28581,Cold Chain,LOT-16473868,MAT-22610,Us Solution,2027-01-28,LAT04,2027-03-29,32,WH-545,Port Charlene Logistics Center,Argentina
CT-9771-CZL,LPN2808336344,LOC-88341,Ambient,LOT-16473868,MAT-22610,Us Solution,2027-01-28,EU02,2027-03-29,15,WH-736,Jordanmouth Logistics Center,Swaziland
CT-9771-CZL,LPN6712525439,LOC-79348,Frozen,LOT-16473868,MAT-22610,Us Solution,2027-01-28,US01,2027-03-29,46,WH-846,Greenefort Logistics Center,Indonesia
CT-9771-CZL,LPN6211422124,LOC-53743,Cold Chain,LOT-16473868,MAT-22610,Us Solution,2027-01-28,AP03,2027-03-29,34,WH-208,Allenstad Logistics Center,Papua New Guinea
CT-8015-GMQ,LPN7688298853,LOC-42905,Ambient,LOT-21570201,MAT-74459,Memory Solution,2026-12-22,LAT04,2027-02-20,39,WH-745,Carterton Logistics Center,Zambia
CT-8015-GMQ,LPN5469696205,LOC-99448,Cold Chain,LOT-21570201,MAT-74459,Memory Solution,2026-12-22,AP03,2027-02-20,2,WH-483,Lake Taratown Logistics Center,British Virgin Islands
CT-5014-EEP,LPN6416331757,LOC-43681,Cold Chain,LOT-29384973,MAT-53554,They Capsule,2027-05-26,AP03,2027-07-25,27,WH-331,Margaretville Logistics Center,Belgium
CT-5014-EEP,LPN5175589262,LOC-53204,Ambient,LOT-29384973,MAT-53554,They Capsule,2027-05-26,AP03,2027-07-25,50,WH-229,Hernandezborough Logistics Center,Comoros
CT-1696-SCY,LPN6229979051,LOC-33765,Frozen,LOT-48273549,MAT-14115,Property Tablet,2025-03-04,AP03,2025-05-03,42,WH-378,Freemanmouth Logistics Center,Canada
CT-1696-SCY,LPN2272422196,LOC-15029,Ambient,LOT-48273549,MAT-14115,Property Tablet,2025-03-04,LAT04,2025-05-03,31,WH-509,North Johnburgh Logistics Center,Saudi Arabia
CT-1696-SCY,LPN7643813348,LOC-64121,Cold Chain,LOT-48273549,MAT-14115,Property Tablet,2025-03-04,US01,2025-05-03,50,WH-208,Allenstad Logistics Center,Papua New Guinea
CT-3230-HFO,LPN3922553005,LOC-57187,Ambient,LOT-28229614,MAT-68176,Treat Tablet,2026-12-14,LAT04,2027-02-12,13,WH-736,Jordanmouth Logistics Center,Swaziland
CT-3230-HFO,LPN8568315987,LOC-33741,Frozen,LOT-28229614,MAT-68176,Treat Tablet,2026-12-14,US01,2027-02-12,25,WH-414,Sullivanview Logistics Center,Kazakhstan
CT-3230-HFO,LPN4726634635,LOC-73596,Frozen,LOT-28229614,MAT-68176,Treat Tablet,2026-12-14,EU02,2027-02-12,23,WH-932,New David Logistics Center,Italy
CT-3230-HFO,LPN6106411012,LOC-16689,Cold Chain,LOT-28229614,MAT-68176,Treat Tablet,2026-12-14,LAT04,2027-02-12,10,WH-545,Port Charlene Logistics Center,Argentina
CT-2004-PSX,LPN7256575678,LOC-22266,Ambient,LOT-39555641,MAT-32011,Offer Tablet,2027-05-20,LAT04,2027-07-19,8,WH-294,Coreyshire Logistics Center,Saint Kitts and Nevis
CT-2004-PSX,LPN5187903382,LOC-44814,Cold Chain,LOT-39555641,MAT-32011,Offer Tablet,2027-05-20,AP03,2027-07-19,41,WH-735,Carterbury Logistics Center,Finland
CT-2004-PSX,LPN6070966958,LOC-76122,Cold Chain,LOT-39555641,MAT-32011,Offer Tablet,2027-05-20,US01,2027-07-19,5,WH-545,Port Charlene Logistics Center,Argentina
CT-2004-PSX,LPN3228958915,LOC-53206,Cold Chain,LOT-39555641,MAT-32011,Offer Tablet,2027-05-20,LAT04,2027-07-19,11,WH-736,Jordanmouth Logistics Center,Swaziland
CT-5014-EEP,LPN6774219868,LOC-17578,Cold Chain,LOT-29384973,MAT-53554,They Capsule,2027-05-26,US01,2027-07-25,14,WH-785,New Laura Logistics Center,Czech Republic
CT-5014-EEP,LPN7186398787,LOC-24350,Ambient,LOT-29384973,MAT-53554,They Capsule,2027-05-26,US01,2027-07-25,43,WH-735,Carterbury Logistics Center,Finland
CT-5014-EEP,LPN2147735031,LOC-14136,Frozen,LOT-29384973,MAT-53554,They Capsule,2027-05-26,US01,2027-07-25,26,WH-375,South Nathanmouth Logistics Center,Greece
CT-5014-EEP,LPN6104824485,LOC-34587,Frozen,LOT-29384973,MAT-53554,They Capsule,2027-05-26,EU02,2027-07-25,43,WH-699,Smithshire Logistics Center,Austria
CT-8970-PLO,LPN6192265572,LOC-13408,Ambient,LOT-74101873,MAT-82398,Range Solution,2025-10-17,EU02,2025-12-16,8,WH-932,New David Logistics Center,Italy
CT-8970-PLO,LPN5710059653,LOC-51559,Cold Chain,LOT-74101873,MAT-82398,Range Solution,2025-10-17,EU02,2025-12-16,26,WH-864,Port Tiffany Logistics Center,Albania
CT-8970-PLO,LPN6594768085,LOC-89949,Frozen,LOT-74101873,MAT-82398,Range Solution,2025-10-17,US01,2025-12-16,14,WH-694,Irwinmouth Logistics Center,Kiribati
CT-4229-AWU,LPN8402896865,LOC-57755,Cold Chain,LOT-81143076,MAT-30745,Indicate Patch,2027-03-08,AP03,2027-05-07,16,WH-453,East Katrina Logistics Center,Bahamas
CT-5014-EEP,LPN5506293374,LOC-17911,Frozen,LOT-27607761,MAT-39627,Fund Tablet,2026-08-18,AP03,2026-10-17,1,WH-229,Hernandezborough Logistics Center,Comoros
CT-7487-KNX,LPN5055606316,LOC-35811,Frozen,LOT-75893896,MAT-18458,Reason Tablet,2025-12-12,US01,2026-02-10,29,WH-405,North Christophertown Logistics Center,Cote d'Ivoire
CT-3228-ZKT,LPN1781086310,LOC-26594,Ambient,LOT-24674076,MAT-18409,Commercial Tablet,2025-05-05,EU02,2025-07-04,13,WH-864,Port Tiffany Logistics Center,Albania
CT-3228-ZKT,LPN1136466507,LOC-71984,Cold Chain,LOT-24674076,MAT-18409,Commercial Tablet,2025-05-05,EU02,2025-07-04,27,WH-545,Port Charlene Logistics Center,Argentina
CT-3228-ZKT,LPN1571730854,LOC-89940,Frozen,LOT-24674076,MAT-18409,Commercial Tablet,2025-05-05,LAT04,2025-07-04,44,WH-499,Russellhaven Logistics Center,Lesotho
CT-8742-ECD,LPN5229119922,LOC-95200,Ambient,LOT-94846184,MAT-47254,Article Tablet,2026-06-19,LAT04,2026-08-18,41,WH-970,West Meghanmouth Logistics Center,Turkmenistan
CT-8742-ECD,LPN8358895747,LOC-89882,Cold Chain,LOT-94846184,MAT-47254,Article Tablet,2026-06-19,US01,2026-08-18,33,WH-229,Hernandezborough Logistics Center,Comoros
CT-8742-ECD,LPN9775940121,LOC-21201,Ambient,LOT-94846184,MAT-47254,Article Tablet,2026-06-19,AP03,2026-08-18,39,WH-705,New Thomas Logistics Center,Taiwan
CT-8742-ECD,LPN2910931990,LOC-31282,Ambient,LOT-94846184,MAT-47254,Article Tablet,2026-06-19,AP03,2026-08-18,23,WH-657,South Conniebury Logistics Center,Guadeloupe
CT-9771-CZL,LPN6717774303,LOC-35858,Ambient,LOT-29648706,MAT-93544,Player Solution,2026-06-22,US01,2026-08-21,36,WH-694,Irwinmouth Logistics Center,Kiribati
CT-9771-CZL,LPN3934478065,LOC-70359,Frozen,LOT-29648706,MAT-93544,Player Solution,2026-06-22,US01,2026-08-21,13,WH-509,North Johnburgh Logistics Center,Saudi Arabia
CT-4229-AWU,LPN8153063101,LOC-36053,Frozen,LOT-66136964,MAT-40089,Pull Patch,2026-11-16,AP03,2027-01-15,24,WH-785,New Laura Logistics Center,Czech Republic
CT-8742-ECD,LPN2980343366,LOC-40155,Frozen,LOT-61778837,MAT-15875,Happy Solution,2025-11-20,AP03,2026-01-19,13,WH-921,Lake Jonathan Logistics Center,Togo
CT-8742-ECD,LPN2137102815,LOC-95414,Cold Chain,LOT-61778837,MAT-15875,Happy Solution,2025-11-20,AP03,2026-01-19,46,WH-294,Coreyshire Logistics Center,Saint Kitts and Nevis
CT-8742-ECD,LPN3306363375,LOC-81756,Ambient,LOT-61778837,MAT-15875,Happy Solution,2025-11-20,LAT04,2026-01-19,13,WH-675,North Cameronchester Logistics Center,Holy See (Vatican City State)
CT-1816-RCG,LPN6424667853,LOC-20175,Ambient,LOT-36343625,MAT-55297,New Solution,2025-10-11,AP03,2025-12-10,12,WH-864,Jonesville Logistics Center,Mali
CT-1816-RCG,LPN3634683936,LOC-42881,Frozen,LOT-36343625,MAT-55297,New Solution,2025-10-11,AP03,2025-12-10,28,WH-737,Tracyberg Logistics Center,Kenya
CT-1816-RCG,LPN2987852826,LOC-93258,Ambient,LOT-60968631,MAT-37872,Effort Capsule,2026-10-17,EU02,2026-12-16,33,WH-736,Jordanmouth Logistics Center,Swaziland
CT-1816-RCG,LPN6882815529,LOC-40715,Cold Chain,LOT-60968631,MAT-37872,Effort Capsule,2026-10-17,LAT04,2026-12-16,3,WH-264,South Christopher Logistics Center,Afghanistan
CT-1816-RCG,LPN6677012444,LOC-77435,Cold Chain,LOT-60968631,MAT-37872,Effort Capsule,2026-10-17,LAT04,2026-12-16,42,WH-785,New Laura Logistics Center,Czech Republic
CT-1816-RCG,LPN2841679457,LOC-47116,Frozen,LOT-60968631,MAT-37872,Effort Capsule,2026-10-17,AP03,2026-12-16,20,WH-483,Lake Taratown Logistics Center,British Virgin Islands
CT-8742-ECD,LPN4168954756,LOC-68342,Frozen,LOT-48781281,MAT-16848,Blue Patch,2025-05-21,EU02,2025-07-20,18,WH-657,South Conniebury Logistics Center,Guadeloupe
CT-8742-ECD,LPN5663829440,LOC-57895,Frozen,LOT-48781281,MAT-16848,Blue Patch,2025-05-21,AP03,2025-07-20,9,WH-521,Christopherfurt Logistics Center,Gibraltar
CT-1816-RCG,LPN2869430577,LOC-73458,Ambient,LOT-73297905,MAT-37872,Effort Capsule,2027-10-04,AP03,2027-12-03,50,WH-208,Allenstad Logistics Center,Papua New Guinea
CT-1816-RCG,LPN8670920032,LOC-57670,Cold Chain,LOT-73297905,MAT-37872,Effort Capsule,2027-10-04,EU02,2027-12-03,23,WH-745,Carterton Logistics Center,Zambia
CT-1816-RCG,LPN2639928046,LOC-75837,Ambient,LOT-73297905,MAT-37872,Effort Capsule,2027-10-04,LAT04,2027-12-03,17,WH-860,South Jennifer Logistics Center,Malawi
CT-1816-RCG,LPN7141122815,LOC-31248,Frozen,LOT-73297905,MAT-37872,Effort Capsule,2027-10-04,AP03,2027-12-03,4,WH-641,Meyerview Logistics Center,Russian Federation
CT-1816-RCG,LPN9006020864,LOC-73647,Frozen,LOT-73297905,MAT-37872,Effort Capsule,2027-10-04,US01,2027-12-03,34,WH-657,South Conniebury Logistics Center,Guadeloupe
CT-1816-RCG,LPN4614764814,LOC-45478,Frozen,LOT-73297905,MAT-37872,Effort Capsule,2027-10-04,US01,2027-12-03,16,WH-737,Tracyberg Logistics Center,Kenya
CT-1816-RCG,LPN6192631184,LOC-58493,Ambient,LOT-73297905,MAT-37872,Effort Capsule,2027-10-04,LAT04,2027-12-03,37,WH-657,South Conniebury Logistics Center,Guadeloupe
CT-5806-JWO,LPN1821724778,LOC-72702,Cold Chain,LOT-91428756,MAT-42350,Figure Capsule,2027-12-20,AP03,2028-02-18,23,WH-483,Lake Taratown Logistics Center,British Virgin Islands
CT-5806-JWO,LPN2408519341,LOC-12953,Ambient,LOT-91428756,MAT-42350,Figure Capsule,2027-12-20,AP03,2028-02-18,21,WH-970,West Meghanmouth Logistics Center,Turkmenistan
CT-5806-JWO,LPN9919263152,LOC-40089,Cold Chain,LOT-91428756,MAT-42350,Figure Capsule,2027-12-20,EU02,2028-02-18,25,WH-699,Smithshire Logistics Center,Austria
CT-5806-JWO,LPN3393805753,LOC-78585,Frozen,LOT-91428756,MAT-42350,Figure Capsule,2027-12-20,LAT04,2028-02-18,13,WH-641,Meyerview Logistics Center,Russian Federation
CT-6592-IDY,LPN3759632599,LOC-72639,Ambient,LOT-19994803,MAT-17085,Myself Capsule,2027-03-23,LAT04,2027-05-22,24,WH-816,Georgeview Logistics Center,United States of America
CT-6592-IDY,LPN7241918818,LOC-60677,Cold Chain,LOT-19994803,MAT-17085,Myself Capsule,2027-03-23,US01,2027-05-22,11,WH-245,Whitneybury Logistics Center,Palau
CT-6592-IDY,LPN2273018358,LOC-42422,Cold Chain,LOT-19994803,MAT-17085,Myself Capsule,2027-03-23,EU02,2027-05-22,40,WH-725,Wolfport Logistics Center,Sao Tome and Principe
CT-6592-IDY,LPN5475057545,LOC-13017,Frozen,LOT-19994803,MAT-17085,Myself Capsule,2027-03-23,US01,2027-05-22,25,WH-727,South Lance Logistics Center,Bhutan
CT-3395-UCM,LPN7525134332,LOC-72321,Ambient,LOT-16679340,MAT-82814,Reduce Solution,2027-01-15,LAT04,2027-03-16,25,WH-705,New Thomas Logistics Center,Taiwan
CT-9781-BYC,LPN8943960998,LOC-88389,Ambient,LOT-37532398,MAT-98864,Positive Injection,2026-09-16,LAT04,2026-11-15,50,WH-736,Jordanmouth Logistics Center,Swaziland
CT-9781-BYC,LPN7762821675,LOC-91025,Ambient,LOT-37532398,MAT-98864,Positive Injection,2026-09-16,EU02,2026-11-15,33,WH-294,Coreyshire Logistics Center,Saint Kitts and Nevis
CT-9781-BYC,LPN3126878880,LOC-44300,Cold Chain,LOT-37532398,MAT-98864,Positive Injection,2026-09-16,AP03,2026-11-15,1,WH-856,New Amymouth Logistics Center,Qatar
CT-9781-BYC,LPN9445334190,LOC-36555,Ambient,LOT-37532398,MAT-98864,Positive Injection,2026-09-16,LAT04,2026-11-15,43,WH-264,South Christopher Logistics Center,Afghanistan
CT-6109-EDZ,LPN3158383739,LOC-62192,Cold Chain,LOT-70811881,MAT-86168,Run Solution,2026-09-05,LAT04,2026-11-04,5,WH-834,East Hollyport Logistics Center,Mongolia
CT-1816-RCG,LPN9082564829,LOC-59301,Cold Chain,LOT-19895402,MAT-55297,New Solution,2026-05-19,US01,2026-07-18,7,WH-370,Jonesshire Logistics Center,Tokelau
CT-1816-RCG,LPN4781137121,LOC-14331,Frozen,LOT-19895402,MAT-55297,New Solution,2026-05-19,US01,2026-07-18,47,WH-378,Freemanmouth Logistics Center,Canada
CT-1816-RCG,LPN9809327008,LOC-23042,Ambient,LOT-19895402,MAT-55297,New Solution,2026-05-19,LAT04,2026-07-18,45,WH-208,Allenstad Logistics Center,Papua New Guinea
CT-1816-RCG,LPN8729060725,LOC-25904,Frozen,LOT-19895402,MAT-55297,New Solution,2026-05-19,LAT04,2026-07-18,40,WH-264,South Christopher Logistics Center,Afghanistan
CT-9831-IEW,LPN3115643734,LOC-19694,Cold Chain,LOT-72460791,MAT-16627,Receive Patch,2026-08-09,EU02,2026-10-08,40,WH-229,Hernandezborough Logistics Center,Comoros
CT-9831-IEW,LPN2075960210,LOC-50937,Ambient,LOT-72460791,MAT-16627,Receive Patch,2026-08-09,AP03,2026-10-08,47,WH-816,Georgeview Logistics Center,United States of America
CT-9831-IEW,LPN9977140053,LOC-83879,Ambient,LOT-46257312,MAT-49651,High Injection,2027-11-30,EU02,2028-01-29,5,WH-864,Port Tiffany Logistics Center,Albania
CT-9831-IEW,LPN5634463084,LOC-61368,Ambient,LOT-46257312,MAT-49651,High Injection,2027-11-30,US01,2028-01-29,41,WH-208,Allenstad Logistics Center,Papua New Guinea
CT-9831-IEW,LPN8620495527,LOC-44903,Ambient,LOT-46257312,MAT-49651,High Injection,2027-11-30,AP03,2028-01-29,30,WH-932,New David Logistics Center,Italy
CT-3230-HFO,LPN1245989420,LOC-65552,Ambient,LOT-65730343,MAT-54713,Free Solution,2026-08-19,AP03,2026-10-18,34,WH-712,Ortizfort Logistics Center,American Samoa
CT-3230-HFO,LPN5076392997,LOC-26051,Frozen,LOT-65730343,MAT-54713,Free Solution,2026-08-19,AP03,2026-10-18,4,WH-208,Allenstad Logistics Center,Papua New Guinea
CT-8872-GKR,LPN8019696416,LOC-88568,Frozen,LOT-24028484,MAT-23246,Type Injection,2026-03-16,LAT04,2026-05-15,42,WH-509,North Johnburgh Logistics Center,Saudi Arabia
CT-8872-GKR,LPN4619520462,LOC-53078,Cold Chain,LOT-24028484,MAT-23246,Type Injection,2026-03-16,AP03,2026-05-15,49,WH-208,Allenstad Logistics Center,Papua New Guinea
CT-8872-GKR,LPN6749475692,LOC-33296,Cold Chain,LOT-24028484,MAT-23246,Type Injection,2026-03-16,US01,2026-05-15,5,WH-856,New Amymouth Logistics Center,Qatar
CT-8872-GKR,LPN7597974035,LOC-66106,Cold Chain,LOT-24028484,MAT-23246,Type Injection,2026-03-16,US01,2026-05-15,37,WH-745,Carterton Logistics Center,Zambia
CT-9831-IEW,LPN2679190682,LOC-66095,Cold Chain,LOT-82476241,MAT-16078,Stock Patch,2025-06-26,EU02,2025-08-25,8,WH-236,Timstad Logistics Center,Korea
CT-8742-ECD,LPN3836411134,LOC-26355,Ambient,LOT-45571743,MAT-16848,Blue Patch,2025-05-24,EU02,2025-07-23,43,WH-842,West Tonya Logistics Center,Palestinian Territory
CT-8742-ECD,LPN3438042169,LOC-49724,Ambient,LOT-45571743,MAT-16848,Blue Patch,2025-05-24,EU02,2025-07-23,32,WH-737,Tracyberg Logistics Center,Kenya
CT-8742-ECD,LPN2524238136,LOC-28766,Cold Chain,LOT-45571743,MAT-16848,Blue Patch,2025-05-24,AP03,2025-07-23,34,WH-406,Meganchester Logistics Center,Angola
CT-4229-AWU,LPN2482732188,LOC-33898,Frozen,LOT-12068529,MAT-47986,Experience Tablet,2025-11-10,EU02,2026-01-09,37,WH-331,Margaretville Logistics Center,Belgium
CT-5806-JWO,LPN5151319956,LOC-94519,Frozen,LOT-62532897,MAT-81584,Set Solution,2027-05-10,AP03,2027-07-09,14,WH-643,East Dianeland Logistics Center,Malaysia
CT-5806-JWO,LPN5149776554,LOC-87342,Ambient,LOT-62532897,MAT-81584,Set Solution,2027-05-10,LAT04,2027-07-09,3,WH-712,Ortizfort Logistics Center,American Samoa
CT-5806-JWO,LPN8680595599,LOC-86839,Ambient,LOT-62532897,MAT-81584,Set Solution,2027-05-10,AP03,2027-07-09,37,WH-779,Derekville Logistics Center,Portugal
CT-5806-JWO,LPN6916881745,LOC-57130,Frozen,LOT-62532897,MAT-81584,Set Solution,2027-05-10,AP03,2027-07-09,28,WH-554,Turnerview Logistics Center,Guam
CT-8742-ECD,LPN2173843268,LOC-77347,Cold Chain,LOT-94846184,MAT-47254,Article Tablet,2026-06-19,LAT04,2026-08-18,32,WH-725,Wolfport Logistics Center,Sao Tome and Principe
CT-2004-PSX,LPN9347816813,LOC-84935,Frozen,LOT-51070012,MAT-97442,Common Patch,2025-12-01,LAT04,2026-01-30,45,WH-694,Irwinmouth Logistics Center,Kiribati
CT-2004-PSX,LPN4947425295,LOC-35277,Cold Chain,LOT-51070012,MAT-97442,Common Patch,2025-12-01,AP03,2026-01-30,35,WH-816,Georgeview Logistics Center,United States of America
CT-3472-PNG,LPN5056858814,LOC-87949,Ambient,LOT-21437748,MAT-84153,Floor Patch,2026-06-27,US01,2026-08-26,33,WH-405,North Christophertown Logistics Center,Cote d'Ivoire
CT-3472-PNG,LPN5725934247,LOC-60143,Cold Chain,LOT-21437748,MAT-84153,Floor Patch,2026-06-27,EU02,2026-08-26,38,WH-725,Wolfport Logistics Center,Sao Tome and Principe
CT-3472-PNG,LPN6293879448,LOC-36430,Ambient,LOT-21437748,MAT-84153,Floor Patch,2026-06-27,LAT04,2026-08-26,25,WH-264,South Christopher Logistics Center,Afghanistan
CT-3472-PNG,LPN8144523072,LOC-13507,Cold Chain,LOT-21437748,MAT-84153,Floor Patch,2026-06-27,AP03,2026-08-26,50,WH-509,North Johnburgh Logistics Center,Saudi Arabia
CT-8970-PLO,LPN8487386323,LOC-48141,Frozen,LOT-14354504,MAT-86920,Various Solution,2025-07-25,EU02,2025-09-23,42,WH-727,South Lance Logistics Center,Bhutan
CT-8970-PLO,LPN6747093907,LOC-31294,Cold Chain,LOT-14354504,MAT-86920,Various Solution,2025-07-25,AP03,2025-09-23,34,WH-499,Russellhaven Logistics Center,Lesotho
CT-8970-PLO,LPN5725825857,LOC-22460,Ambient,LOT-14354504,MAT-86920,Various Solution,2025-07-25,LAT04,2025-09-23,16,WH-737,Tracyberg Logistics Center,Kenya
CT-8970-PLO,LPN8676378702,LOC-22799,Frozen,LOT-14354504,MAT-86920,Various Solution,2025-07-25,AP03,2025-09-23,6,WH-864,Jonesville Logistics Center,Mali
CT-9831-IEW,LPN3726308842,LOC-28241,Cold Chain,LOT-26376337,MAT-33775,Something Patch,2026-09-04,US01,2026-11-03,35,WH-378,Freemanmouth Logistics Center,Canada
CT-9831-IEW,LPN7663714363,LOC-27347,Frozen,LOT-26376337,MAT-33775,Something Patch,2026-09-04,AP03,2026-11-03,44,WH-785,New Laura Logistics Center,Czech Republic
CT-9831-IEW,LPN4866668089,LOC-66543,Ambient,LOT-26376337,MAT-33775,Something Patch,2026-09-04,AP03,2026-11-03,24,WH-361,East Matthewton Logistics Center,Central African Republic
CT-3228-ZKT,LPN6726020238,LOC-21151,Ambient,LOT-60873216,MAT-18409,Commercial Tablet,2025-12-23,EU02,2026-02-21,3,WH-736,Jordanmouth Logistics Center,Swaziland
CT-8015-GMQ,LPN5775821785,LOC-49780,Cold Chain,LOT-92879466,MAT-91309,Simply Injection,2027-09-05,AP03,2027-11-04,4,WH-405,North Christophertown Logistics Center,Cote d'Ivoire
CT-8015-GMQ,LPN8141537570,LOC-44943,Frozen,LOT-92879466,MAT-91309,Simply Injection,2027-09-05,LAT04,2027-11-04,38,WH-236,Timstad Logistics Center,Korea
CT-8015-GMQ,LPN5883673650,LOC-59170,Frozen,LOT-92879466,MAT-91309,Simply Injection,2027-09-05,LAT04,2027-11-04,50,WH-727,South Lance Logistics Center,Bhutan
CT-3230-HFO,LPN1689922184,LOC-25910,Frozen,LOT-10539218,MAT-73628,Health Solution,2028-01-17,AP03,2028-03-17,5,WH-694,Irwinmouth Logistics Center,Kiribati
CT-3395-UCM,LPN2630518195,LOC-57424,Cold Chain,LOT-62567327,MAT-82814,Reduce Solution,2026-09-17,EU02,2026-11-16,3,WH-785,New Laura Logistics Center,Czech Republic
CT-3395-UCM,LPN6641542539,LOC-35835,Ambient,LOT-62567327,MAT-82814,Reduce Solution,2026-09-17,EU02,2026-11-16,32,WH-694,Irwinmouth Logistics Center,Kiribati
CT-3395-UCM,LPN7418080000,LOC-57095,Frozen,LOT-62567327,MAT-82814,Reduce Solution,2026-09-17,EU02,2026-11-16,5,WH-779,Derekville Logistics Center,Portugal
CT-3395-UCM,LPN9923155476,LOC-18408,Ambient,LOT-62567327,MAT-82814,Reduce Solution,2026-09-17,AP03,2026-11-16,12,WH-483,Lake Taratown Logistics Center,British Virgin Islands
CT-5014-EEP,LPN5780371876,LOC-60200,Ambient,LOT-29384973,MAT-53554,They Capsule,2027-05-26,LAT04,2027-07-25,15,WH-545,Port Charlene Logistics Center,Argentina
CT-5014-EEP,LPN1783979075,LOC-48497,Cold Chain,LOT-29384973,MAT-53554,They Capsule,2027-05-26,US01,2027-07-25,33,WH-483,Lake Taratown Logistics Center,British Virgin Islands
CT-5014-EEP,LPN3413054339,LOC-35230,Cold Chain,LOT-29384973,MAT-53554,They Capsule,2027-05-26,EU02,2027-07-25,46,WH-499,Russellhaven Logistics Center,Lesotho
CT-5806-JWO,LPN5704102818,LOC-21611,Cold Chain,LOT-62532897,MAT-81584,Set Solution,2027-05-10,AP03,2027-07-09,15,WH-258,Meyersmouth Logistics Center,Grenada
CT-5806-JWO,LPN1250944813,LOC-32309,Cold Chain,LOT-62532897,MAT-81584,Set Solution,2027-05-10,US01,2027-07-09,4,WH-970,West Meghanmouth Logistics Center,Turkmenistan
CT-1696-SCY,LPN5764686273,LOC-77455,Frozen,LOT-46656333,MAT-78401,Expect Tablet,2026-12-03,EU02,2027-02-01,41,WH-208,Allenstad Logistics Center,Papua New Guinea
CT-7487-KNX,LPN4680889005,LOC-89466,Ambient,LOT-59884250,MAT-18458,Reason Tablet,2026-03-21,AP03,2026-05-20,37,WH-378,Freemanmouth Logistics Center,Canada
CT-7487-KNX,LPN9541266206,LOC-70163,Ambient,LOT-59884250,MAT-18458,Reason Tablet,2026-03-21,EU02,2026-05-20,30,WH-860,South Jennifer Logistics Center,Malawi
CT-7487-KNX,LPN5078142332,LOC-29346,Frozen,LOT-59884250,MAT-18458,Reason Tablet,2026-03-21,AP03,2026-05-20,41,WH-236,Timstad Logistics Center,Korea
CT-7487-KNX,LPN2139897834,LOC-49425,Cold Chain,LOT-59884250,MAT-18458,Reason Tablet,2026-03-21,LAT04,2026-05-20,15,WH-331,Margaretville Logistics Center,Belgium
CT-1696-SCY,LPN6470464666,LOC-58288,Frozen,LOT-44491067,MAT-78401,Expect Tablet,2028-06-07,US01,2028-08-06,17,WH-294,Coreyshire Logistics Center,Saint Kitts and Nevis
CT-8970-PLO,LPN2449443502,LOC-93607,Cold Chain,LOT-84562329,MAT-82398,Range Solution,2025-10-19,AP03,2025-12-18,47,WH-727,South Lance Logistics Center,Bhutan
CT-8970-PLO,LPN4285274605,LOC-80501,Frozen,LOT-84562329,MAT-82398,Range Solution,2025-10-19,US01,2025-12-18,30,WH-509,North Johnburgh Logistics Center,Saudi Arabia
CT-8970-PLO,LPN7882545182,LOC-22453,Cold Chain,LOT-84562329,MAT-82398,Range Solution,2025-10-19,US01,2025-12-18,33,WH-414,Sullivanview Logistics Center,Kazakhstan
CT-8970-PLO,LPN9707882066,LOC-24847,Ambient,LOT-14354504,MAT-86920,Various Solution,2025-07-25,LAT04,2025-09-23,30,WH-554,Turnerview Logistics Center,Guam
CT-8970-PLO,LPN4871601525,LOC-11910,Ambient,LOT-14354504,MAT-86920,Various Solution,2025-07-25,LAT04,2025-09-23,30,WH-294,Coreyshire Logistics Center,Saint Kitts and Nevis
CT-6551-IBW,LPN9099154744,LOC-61289,Frozen,LOT-20749320,MAT-52579,Cell Tablet,2027-03-24,EU02,2027-05-23,50,WH-864,Jonesville Logistics Center,Mali
CT-6109-EDZ,LPN1202358148,LOC-70158,Ambient,LOT-70811881,MAT-86168,Run Solution,2026-09-05,LAT04,2026-11-04,18,WH-970,West Meghanmouth Logistics Center,Turkmenistan
CT-6109-EDZ,LPN3793410217,LOC-58140,Frozen,LOT-70811881,MAT-86168,Run Solution,2026-09-05,EU02,2026-11-04,11,WH-725,Wolfport Logistics Center,Sao Tome and Principe
CT-6109-EDZ,LPN8635512324,LOC-82158,Cold Chain,LOT-70811881,MAT-86168,Run Solution,2026-09-05,US01,2026-11-04,6,WH-745,Carterton Logistics Center,Zambia
CT-6109-EDZ,LPN8837692211,LOC-31597,Ambient,LOT-70811881,MAT-86168,Run Solution,2026-09-05,LAT04,2026-11-04,9,WH-378,Freemanmouth Logistics Center,Canada
CT-1816-RCG,LPN6479103244,LOC-50350,Cold Chain,LOT-73297905,MAT-37872,Effort Capsule,2027-10-04,LAT04,2027-12-03,19,WH-294,Coreyshire Logistics Center,Saint Kitts and Nevis
CT-1816-RCG,LPN8626509368,LOC-48723,Frozen,LOT-73297905,MAT-37872,Effort Capsule,2027-10-04,EU02,2027-12-03,31,WH-699,Smithshire Logistics Center,Austria
CT-1816-RCG,LPN3732056450,LOC-27267,Ambient,LOT-73297905,MAT-37872,Effort Capsule,2027-10-04,LAT04,2027-12-03,17,WH-785,New Laura Logistics Center,Czech Republic
CT-7487-KNX,LPN7832872951,LOC-80408,Cold Chain,LOT-90900846,MAT-56157,Contain Solution,2026-03-28,US01,2026-05-27,41,WH-657,South Conniebury Logistics Center,Guadeloupe
CT-9781-BYC,LPN6325028969,LOC-86689,Ambient,LOT-50305764,MAT-96156,Compare Tablet,2025-11-05,US01,2026-01-04,10,WH-499,Russellhaven Logistics Center,Lesotho
CT-9781-BYC,LPN3064532135,LOC-70766,Cold Chain,LOT-50305764,MAT-96156,Compare Tablet,2025-11-05,LAT04,2026-01-04,9,WH-737,Tracyberg Logistics Center,Kenya
CT-8970-PLO,LPN7560692885,LOC-78858,Ambient,LOT-74101873,MAT-82398,Range Solution,2025-10-17,LAT04,2025-12-16,18,WH-331,Margaretville Logistics Center,Belgium
CT-7484-BIH,LPN2820139665,LOC-89842,Frozen,LOT-26012891,MAT-66257,Hundred Solution,2026-02-19,LAT04,2026-04-20,8,WH-921,Lake Jonathan Logistics Center,Togo
CT-7484-BIH,LPN3220998661,LOC-43793,Ambient,LOT-26012891,MAT-66257,Hundred Solution,2026-02-19,EU02,2026-04-20,1,WH-757,Braunberg Logistics Center,Nepal
CT-7484-BIH,LPN4970144176,LOC-91817,Cold Chain,LOT-26012891,MAT-66257,Hundred Solution,2026-02-19,US01,2026-04-20,7,WH-236,Timstad Logistics Center,Korea
CT-7484-BIH,LPN5312773437,LOC-35665,Frozen,LOT-26012891,MAT-66257,Hundred Solution,2026-02-19,EU02,2026-04-20,41,WH-712,Ortizfort Logistics Center,American Samoa
CT-3472-PNG,LPN7381899067,LOC-29990,Frozen,LOT-89268420,MAT-84153,Floor Patch,2026-12-16,US01,2027-02-14,45,WH-657,South Conniebury Logistics Center,Guadeloupe
CT-5806-JWO,LPN9458465884,LOC-90422,Cold Chain,LOT-70504064,MAT-26378,Shake Tablet,2027-01-09,EU02,2027-03-10,39,WH-641,Meyerview Logistics Center,Russian Federation
CT-6592-IDY,LPN2836649026,LOC-38643,Cold Chain,LOT-66123852,MAT-49508,Able Patch,2028-07-06,EU02,2028-09-04,39,WH-727,South Lance Logistics Center,Bhutan
CT-6592-IDY,LPN5365875333,LOC-15443,Cold Chain,LOT-66123852,MAT-49508,Able Patch,2028-07-06,EU02,2028-09-04,47,WH-705,New Thomas Logistics Center,Taiwan
CT-6592-IDY,LPN3942924139,LOC-97231,Frozen,LOT-66123852,MAT-49508,Able Patch,2028-07-06,US01,2028-09-04,19,WH-864,Jonesville Logistics Center,Mali
CT-6592-IDY,LPN8173427191,LOC-10895,Ambient,LOT-66123852,MAT-49508,Able Patch,2028-07-06,LAT04,2028-09-04,49,WH-378,Freemanmouth Logistics Center,Canada
CT-8015-GMQ,LPN7920840726,LOC-49125,Frozen,LOT-21570201,MAT-74459,Memory Solution,2026-12-22,US01,2027-02-20,35,WH-675,North Cameronchester Logistics Center,Holy See (Vatican City State)
CT-8015-GMQ,LPN3833850256,LOC-10376,Ambient,LOT-21570201,MAT-74459,Memory Solution,2026-12-22,US01,2027-02-20,42,WH-727,South Lance Logistics Center,Bhutan
CT-9781-BYC,LPN8159247456,LOC-10242,Frozen,LOT-72341875,MAT-96156,Compare Tablet,2025-12-10,AP03,2026-02-08,1,WH-736,Jordanmouth Logistics Center,Swaziland
CT-9781-BYC,LPN8267115515,LOC-94878,Cold Chain,LOT-72341875,MAT-96156,Compare Tablet,2025-12-10,AP03,2026-02-08,11,WH-860,South Jennifer Logistics Center,Malawi
CT-8970-PLO,LPN5319307369,LOC-11556,Frozen,LOT-91814441,MAT-85304,Artist Solution,2026-02-14,EU02,2026-04-15,16,WH-453,East Katrina Logistics Center,Bahamas
CT-7487-KNX,LPN8775216875,LOC-87231,Cold Chain,LOT-90900846,MAT-56157,Contain Solution,2026-03-28,LAT04,2026-05-27,46,WH-545,Port Charlene Logistics Center,Argentina
CT-1816-RCG,LPN9062092495,LOC-21810,Cold Chain,LOT-60968631,MAT-37872,Effort Capsule,2026-10-17,EU02,2026-12-16,36,WH-779,Derekville Logistics Center,Portugal
CT-1816-RCG,LPN9124717967,LOC-44358,Frozen,LOT-60968631,MAT-37872,Effort Capsule,2026-10-17,AP03,2026-12-16,20,WH-499,Russellhaven Logistics Center,Lesotho
CT-1816-RCG,LPN4982355935,LOC-24404,Frozen,LOT-60968631,MAT-37872,Effort Capsule,2026-10-17,EU02,2026-12-16,45,WH-378,Freemanmouth Logistics Center,Canada
CT-8015-GMQ,LPN9836949839,LOC-78068,Frozen,LOT-49095565,MAT-74459,Memory Solution,2026-06-14,LAT04,2026-08-13,11,WH-921,Lake Jonathan Logistics Center,Togo
CT-3472-PNG,LPN2346062393,LOC-94615,Frozen,LOT-22463904,MAT-45907,Speech Patch,2025-09-22,LAT04,2025-11-21,20,WH-694,Irwinmouth Logistics Center,Kiribati
CT-3472-PNG,LPN6651476021,LOC-83459,Frozen,LOT-22463904,MAT-45907,Speech Patch,2025-09-22,AP03,2025-11-21,40,WH-864,Jonesville Logistics Center,Mali
CT-3472-PNG,LPN7563570256,LOC-80641,Cold Chain,LOT-22463904,MAT-45907,Speech Patch,2025-09-22,AP03,2025-11-21,33,WH-331,Margaretville Logistics Center,Belgium
CT-3472-PNG,LPN7461311298,LOC-33121,Cold Chain,LOT-22463904,MAT-45907,Speech Patch,2025-09-22,AP03,2025-11-21,47,WH-208,Allenstad Logistics Center,Papua New Guinea
CT-3395-UCM,LPN3685677062,LOC-92155,Ambient,LOT-52789053,MAT-82814,Reduce Solution,2026-04-29,EU02,2026-06-28,17,WH-370,Jonesshire Logistics Center,Tokelau
CT-3395-UCM,LPN8988895278,LOC-53393,Ambient,LOT-52789053,MAT-82814,Reduce Solution,2026-04-29,LAT04,2026-06-28,33,WH-236,Timstad Logistics Center,Korea
CT-3395-UCM,LPN5685897836,LOC-27492,Cold Chain,LOT-52789053,MAT-82814,Reduce Solution,2026-04-29,LAT04,2026-06-28,7,WH-745,Carterton Logistics Center,Zambia
CT-3636-AVP,LPN7580670047,LOC-35727,Frozen,LOT-41301239,MAT-46171,Though Solution,2025-12-18,AP03,2026-02-16,39,WH-757,Braunberg Logistics Center,Nepal
CT-8015-GMQ,LPN2718361151,LOC-97455,Cold Chain,LOT-21570201,MAT-74459,Memory Solution,2026-12-22,AP03,2027-02-20,30,WH-378,Freemanmouth Logistics Center,Canada
CT-4229-AWU,LPN7771561300,LOC-55458,Cold Chain,LOT-66136964,MAT-40089,Pull Patch,2026-11-16,AP03,2027-01-15,13,WH-864,Port Tiffany Logistics Center,Albania
CT-4229-AWU,LPN5572621764,LOC-21914,Cold Chain,LOT-66136964,MAT-40089,Pull Patch,2026-11-16,LAT04,2027-01-15,36,WH-405,North Christophertown Logistics Center,Cote d'Ivoire
CT-4229-AWU,LPN7929625444,LOC-93735,Frozen,LOT-66136964,MAT-40089,Pull Patch,2026-11-16,AP03,2027-01-15,47,WH-361,East Matthewton Logistics Center,Central African Republic
CT-3472-PNG,LPN6354706007,LOC-57139,Frozen,LOT-21437748,MAT-84153,Floor Patch,2026-06-27,US01,2026-08-26,14,WH-375,South Nathanmouth Logistics Center,Greece
CT-3472-PNG,LPN4862986720,LOC-41844,Ambient,LOT-21437748,MAT-84153,Floor Patch,2026-06-27,US01,2026-08-26,3,WH-735,Carterbury Logistics Center,Finland
CT-3472-PNG,LPN2557316613,LOC-35636,Cold Chain,LOT-21437748,MAT-84153,Floor Patch,2026-06-27,US01,2026-08-26,50,WH-735,Carterbury Logistics Center,Finland
CT-8015-GMQ,LPN4685506646,LOC-75740,Frozen,LOT-21570201,MAT-74459,Memory Solution,2026-12-22,US01,2027-02-20,7,WH-208,Allenstad Logistics Center,Papua New Guinea
CT-8015-GMQ,LPN4858101340,LOC-19443,Cold Chain,LOT-21570201,MAT-74459,Memory Solution,2026-12-22,US01,2027-02-20,3,WH-643,East Dianeland Logistics Center,Malaysia
CT-8015-GMQ,LPN5869142795,LOC-26020,Frozen,LOT-21570201,MAT-74459,Memory Solution,2026-12-22,LAT04,2027-02-20,14,WH-509,North Johnburgh Logistics Center,Saudi Arabia
CT-8015-GMQ,LPN1792643978,LOC-34763,Cold Chain,LOT-21570201,MAT-74459,Memory Solution,2026-12-22,AP03,2027-02-20,34,WH-864,Port Tiffany Logistics Center,Albania
CT-9781-BYC,LPN3355640259,LOC-89685,Ambient,LOT-96443919,MAT-31615,Trouble Capsule,2026-12-26,US01,2027-02-24,17,WH-737,Tracyberg Logistics Center,Kenya
CT-9781-BYC,LPN4991867777,LOC-91078,Ambient,LOT-96443919,MAT-31615,Trouble Capsule,2026-12-26,US01,2027-02-24,37,WH-236,Timstad Logistics Center,Korea
CT-9781-BYC,LPN1487423751,LOC-60925,Frozen,LOT-96443919,MAT-31615,Trouble Capsule,2026-12-26,LAT04,2027-02-24,44,WH-294,Coreyshire Logistics Center,Saint Kitts and Nevis
CT-1696-SCY,LPN7828067490,LOC-90513,Cold Chain,LOT-44491067,MAT-78401,Expect Tablet,2028-06-07,US01,2028-08-06,19,WH-554,Turnerview Logistics Center,Guam
CT-1696-SCY,LPN1728558313,LOC-11445,Cold Chain,LOT-44491067,MAT-78401,Expect Tablet,2028-06-07,AP03,2028-08-06,15,WH-264,South Christopher Logistics Center,Afghanistan
CT-1696-SCY,LPN3655989979,LOC-12049,Cold Chain,LOT-44491067,MAT-78401,Expect Tablet,2028-06-07,US01,2028-08-06,9,WH-405,North Christophertown Logistics Center,Cote d'Ivoire
CT-7484-BIH,LPN9658983688,LOC-12235,Frozen,LOT-65547337,MAT-74247,Great Patch,2026-04-22,US01,2026-06-21,50,WH-643,East Dianeland Logistics Center,Malaysia
CT-7484-BIH,LPN9448975026,LOC-56100,Ambient,LOT-65547337,MAT-74247,Great Patch,2026-04-22,AP03,2026-06-21,40,WH-236,Timstad Logistics Center,Korea
CT-7484-BIH,LPN9120831579,LOC-99387,Ambient,LOT-65547337,MAT-74247,Great Patch,2026-04-22,LAT04,2026-06-21,29,WH-816,Georgeview Logistics Center,United States of America
CT-9831-IEW,LPN7233026263,LOC-12038,Ambient,LOT-82476241,MAT-16078,Stock Patch,2025-06-26,US01,2025-08-25,30,WH-846,Greenefort Logistics Center,Indonesia
CT-9831-IEW,LPN2757936199,LOC-85020,Ambient,LOT-82476241,MAT-16078,Stock Patch,2025-06-26,EU02,2025-08-25,33,WH-264,South Christopher Logistics Center,Afghanistan
CT-9831-IEW,LPN8825767540,LOC-16572,Frozen,LOT-82476241,MAT-16078,Stock Patch,2025-06-26,AP03,2025-08-25,5,WH-864,Port Tiffany Logistics Center,Albania
CT-2004-PSX,LPN7202294430,LOC-89637,Frozen,LOT-68153288,MAT-97442,Common Patch,2027-09-07,EU02,2027-11-06,49,WH-785,New Laura Logistics Center,Czech Republic
CT-2004-PSX,LPN8269499298,LOC-20822,Frozen,LOT-68153288,MAT-97442,Common Patch,2027-09-07,LAT04,2027-11-06,26,WH-378,Freemanmouth Logistics Center,Canada
CT-2004-PSX,LPN5676465299,LOC-51005,Cold Chain,LOT-68153288,MAT-97442,Common Patch,2027-09-07,LAT04,2027-11-06,37,WH-735,Carterbury Logistics Center,Finland
CT-2004-PSX,LPN4313258572,LOC-29390,Frozen,LOT-68153288,MAT-97442,Common Patch,2027-09-07,AP03,2027-11-06,10,WH-414,Sullivanview Logistics Center,Kazakhstan
CT-6910-RDE,LPN1174641620,LOC-96569,Cold Chain,LOT-34198332,MAT-22108,Win Injection,2026-11-08,EU02,2027-01-07,15,WH-932,New David Logistics Center,Italy
CT-6910-RDE,LPN2904142791,LOC-16182,Frozen,LOT-34198332,MAT-22108,Win Injection,2026-11-08,US01,2027-01-07,32,WH-736,Jordanmouth Logistics Center,Swaziland
CT-6109-EDZ,LPN7063796817,LOC-81560,Ambient,LOT-57559766,MAT-14039,Should Tablet,2025-09-05,US01,2025-11-04,36,WH-509,North Johnburgh Logistics Center,Saudi Arabia
CT-6109-EDZ,LPN8288129417,LOC-34133,Ambient,LOT-57559766,MAT-14039,Should Tablet,2025-09-05,EU02,2025-11-04,26,WH-779,Derekville Logistics Center,Portugal
CT-9771-CZL,LPN1340002190,LOC-22264,Ambient,LOT-73505709,MAT-22610,Us Solution,2027-09-26,AP03,2027-11-25,3,WH-727,South Lance Logistics Center,Bhutan
CT-3228-ZKT,LPN7502939201,LOC-50128,Frozen,LOT-56689918,MAT-30703,Cold Injection,2027-02-21,LAT04,2027-04-22,7,WH-414,Sullivanview Logistics Center,Kazakhstan
CT-3228-ZKT,LPN1353119967,LOC-17769,Ambient,LOT-56689918,MAT-30703,Cold Injection,2027-02-21,LAT04,2027-04-22,40,WH-712,Ortizfort Logistics Center,American Samoa
CT-8742-ECD,LPN3645889536,LOC-22347,Cold Chain,LOT-99482219,MAT-47140,Side Capsule,2027-01-22,LAT04,2027-03-23,27,WH-737,Tracyberg Logistics Center,Kenya
CT-8742-ECD,LPN8956841409,LOC-63995,Cold Chain,LOT-99482219,MAT-47140,Side Capsule,2027-01-22,EU02,2027-03-23,18,WH-375,South Nathanmouth Logistics Center,Greece
CT-8742-ECD,LPN5463436582,LOC-19719,Cold Chain,LOT-99482219,MAT-47140,Side Capsule,2027-01-22,LAT04,2027-03-23,20,WH-643,East Dianeland Logistics Center,Malaysia
CT-8742-ECD,LPN7675907192,LOC-19409,Ambient,LOT-99482219,MAT-47140,Side Capsule,2027-01-22,LAT04,2027-03-23,50,WH-453,East Katrina Logistics Center,Bahamas
CT-7487-KNX,LPN4671525872,LOC-49106,Frozen,LOT-90900846,MAT-56157,Contain Solution,2026-03-28,LAT04,2026-05-27,39,WH-970,West Meghanmouth Logistics Center,Turkmenistan
CT-7487-KNX,LPN4833745966,LOC-70236,Frozen,LOT-90900846,MAT-56157,Contain Solution,2026-03-28,EU02,2026-05-27,32,WH-554,Turnerview Logistics Center,Guam
CT-8872-GKR,LPN9614332416,LOC-10727,Cold Chain,LOT-92214561,MAT-66331,Step Solution,2027-10-18,US01,2027-12-17,12,WH-375,South Nathanmouth Logistics Center,Greece
CT-8872-GKR,LPN2922426125,LOC-78687,Cold Chain,LOT-92214561,MAT-66331,Step Solution,2027-10-18,LAT04,2027-12-17,44,WH-499,Russellhaven Logistics Center,Lesotho
CT-8872-GKR,LPN1642847577,LOC-67205,Frozen,LOT-92214561,MAT-66331,Step Solution,2027-10-18,AP03,2027-12-17,31,WH-735,Carterbury Logistics Center,Finland
CT-8872-GKR,LPN1718071521,LOC-46537,Frozen,LOT-92214561,MAT-66331,Step Solution,2027-10-18,AP03,2027-12-17,43,WH-545,Port Charlene Logistics Center,Argentina
CT-5806-JWO,LPN9427565042,LOC-29813,Frozen,LOT-89350866,MAT-81584,Set Solution,2025-02-07,LAT04,2025-04-08,16,WH-864,Jonesville Logistics Center,Mali
CT-1816-RCG,LPN8349220167,LOC-43467,Cold Chain,LOT-73297905,MAT-37872,Effort Capsule,2027-10-04,LAT04,2027-12-03,14,WH-921,Lake Jonathan Logistics Center,Togo
CT-1816-RCG,LPN9662082323,LOC-81151,Cold Chain,LOT-73297905,MAT-37872,Effort Capsule,2027-10-04,US01,2027-12-03,19,WH-864,Jonesville Logistics Center,Mali
CT-1816-RCG,LPN7373206298,LOC-97975,Ambient,LOT-73297905,MAT-37872,Effort Capsule,2027-10-04,US01,2027-12-03,19,WH-735,Carterbury Logistics Center,Finland
CT-1816-RCG,LPN3284619502,LOC-30550,Ambient,LOT-73297905,MAT-37872,Effort Capsule,2027-10-04,LAT04,2027-12-03,36,WH-856,New Amymouth Logistics Center,Qatar
CT-9781-BYC,LPN7199577153,LOC-54739,Ambient,LOT-60226706,MAT-96156,Compare Tablet,2026-10-02,EU02,2026-12-01,10,WH-370,Jonesshire Logistics Center,Tokelau
CT-6910-RDE,LPN5023104524,LOC-60687,Frozen,LOT-16824774,MAT-93657,Dog Patch,2025-09-28,AP03,2025-11-27,11,WH-258,Meyersmouth Logistics Center,Grenada
CT-6910-RDE,LPN8834489619,LOC-94968,Frozen,LOT-16824774,MAT-93657,Dog Patch,2025-09-28,US01,2025-11-27,38,WH-864,Port Tiffany Logistics Center,Albania
CT-9781-BYC,LPN4687138648,LOC-21671,Cold Chain,LOT-76547161,MAT-98864,Positive Injection,2027-05-21,EU02,2027-07-20,33,WH-294,Coreyshire Logistics Center,Saint Kitts and Nevis
CT-2004-PSX,LPN6231386576,LOC-34789,Cold Chain,LOT-39007987,MAT-32011,Offer Tablet,2027-02-22,LAT04,2027-04-23,13,WH-735,Carterbury Logistics Center,Finland
CT-2004-PSX,LPN2103538582,LOC-74522,Frozen,LOT-39007987,MAT-32011,Offer Tablet,2027-02-22,LAT04,2027-04-23,27,WH-509,North Johnburgh Logistics Center,Saudi Arabia
CT-9771-CZL,LPN6019962417,LOC-14947,Ambient,LOT-16473868,MAT-22610,Us Solution,2027-01-28,US01,2027-03-29,17,WH-641,Meyerview Logistics Center,Russian Federation
CT-9771-CZL,LPN9589353045,LOC-29390,Cold Chain,LOT-16473868,MAT-22610,Us Solution,2027-01-28,EU02,2027-03-29,40,WH-745,Carterton Logistics Center,Zambia
CT-9771-CZL,LPN7190052273,LOC-17618,Ambient,LOT-16473868,MAT-22610,Us Solution,2027-01-28,AP03,2027-03-29,15,WH-699,Smithshire Logistics Center,Austria
CT-9771-CZL,LPN5160919250,LOC-68634,Cold Chain,LOT-16473868,MAT-22610,Us Solution,2027-01-28,AP03,2027-03-29,17,WH-453,East Katrina Logistics Center,Bahamas
CT-8015-GMQ,LPN5511191638,LOC-43717,Frozen,LOT-21570201,MAT-74459,Memory Solution,2026-12-22,LAT04,2027-02-20,26,WH-745,Carterton Logistics Center,Zambia
CT-8015-GMQ,LPN2567129049,LOC-52835,Cold Chain,LOT-21570201,MAT-74459,Memory Solution,2026-12-22,LAT04,2027-02-20,47,WH-675,North Cameronchester Logistics Center,Holy See (Vatican City State)
CT-3636-AVP,LPN2625729001,LOC-29098,Ambient,LOT-27778437,MAT-54383,Agency Injection,2025-04-09,EU02,2025-06-08,40,WH-370,Jonesshire Logistics Center,Tokelau
CT-3636-AVP,LPN5783382628,LOC-60155,Cold Chain,LOT-27778437,MAT-54383,Agency Injection,2025-04-09,AP03,2025-06-08,32,WH-554,Turnerview Logistics Center,Guam
CT-3636-AVP,LPN4960900517,LOC-93517,Ambient,LOT-27778437,MAT-54383,Agency Injection,2025-04-09,US01,2025-06-08,35,WH-378,Freemanmouth Logistics Center,Canada
CT-7487-KNX,LPN9661702958,LOC-33894,Cold Chain,LOT-25529234,MAT-56157,Contain Solution,2025-04-14,EU02,2025-06-13,36,WH-509,North Johnburgh Logistics Center,Saudi Arabia
CT-7487-KNX,LPN7615788649,LOC-96641,Frozen,LOT-25529234,MAT-56157,Contain Solution,2025-04-14,US01,2025-06-13,36,WH-745,Carterton Logistics Center,Zambia
CT-7487-KNX,LPN9008350588,LOC-66904,Cold Chain,LOT-25529234,MAT-56157,Contain Solution,2025-04-14,LAT04,2025-06-13,26,WH-864,Port Tiffany Logistics Center,Albania
CT-9771-CZL,LPN3722323719,LOC-96050,Cold Chain,LOT-16473868,MAT-22610,Us Solution,2027-01-28,US01,2027-03-29,38,WH-414,Sullivanview Logistics Center,Kazakhstan
CT-9771-CZL,LPN4215168125,LOC-98042,Ambient,LOT-16473868,MAT-22610,Us Solution,2027-01-28,US01,2027-03-29,38,WH-643,East Dianeland Logistics Center,Malaysia
CT-9771-CZL,LPN3120371855,LOC-24830,Ambient,LOT-16473868,MAT-22610,Us Solution,2027-01-28,US01,2027-03-29,35,WH-864,Port Tiffany Logistics Center,Albania
CT-9771-CZL,LPN7209814245,LOC-25902,Frozen,LOT-16473868,MAT-22610,Us Solution,2027-01-28,AP03,2027-03-29,30,WH-864,Jonesville Logistics Center,Mali
CT-3395-UCM,LPN8055300629,LOC-97304,Cold Chain,LOT-30151730,MAT-40706,Keep Capsule,2027-03-31,AP03,2027-05-30,19,WH-779,Derekville Logistics Center,Portugal
CT-6551-IBW,LPN8238824563,LOC-11066,Frozen,LOT-20749320,MAT-52579,Cell Tablet,2027-03-24,LAT04,2027-05-23,12,WH-846,Greenefort Logistics Center,Indonesia
