STUDY_ID,LOT_NUMBER,PACKAGE_NUMBER,PACKAGE_DESC,RQST_DATE,EXPIRATION_DATE,PACKAGE_STATUS,SHIP_UNIT_ID,SHIPMENT_STATUS_CODE
CT-6910-RDE,LOT-14364098,PKG-82912103,Dog Patch,2025-10-08,2028-06-06,Damaged,SU-744202,Shipped
CT-6910-RDE,LOT-14364098,PKG-27735226,Dog Patch,2025-07-29,2028-06-06,Damaged,SU-297118,Planning
CT-3472-PNG,LOT-59019698,PKG-24657540,Culture Solution,2025-05-31,2026-07-17,Damaged,SU-184305,Delivered
CT-3472-PNG,LOT-59019698,PKG-74248686,Culture Solution,2025-09-18,2026-07-17,Available,SU-587271,Ready
CT-3472-PNG,LOT-59019698,PKG-59166292,Culture Solution,2025-06-06,2026-07-17,Available,SU-613958,Ready
CT-8970-PLO,LOT-91814441,PKG-12211463,Artist Solution,2025-08-12,2026-02-14,Dispensed,SU-102349,Delayed
CT-8970-PLO,LOT-91814441,PKG-32343804,Artist Solution,2025-07-30,2026-02-14,Quarantined,SU-468590,Delayed
CT-8970-PLO,LOT-91814441,PKG-25346882,Artist Solution,2025-09-11,2026-02-14,Available,SU-187352,Shipped
CT-6109-EDZ,LOT-17958339,PKG-25953524,Run Solution,2025-05-18,2027-07-20,Damaged,SU-831654,Ready
CT-6109-EDZ,LOT-17958339,PKG-96079559,Run Solution,2025-08-08,2027-07-20,Available,SU-995446,Delivered
CT-6109-EDZ,LOT-17958339,PKG-30770924,Run Solution,2025-05-24,2027-07-20,Quarantined,SU-751593,Shipped
CT-8742-ECD,LOT-54560092,PKG-94109451,Happy Solution,2025-08-07,2026-11-06,Damaged,SU-220812,Delayed
CT-8742-ECD,LOT-54560092,PKG-12325579,Happy Solution,2025-05-25,2026-11-06,Dispensed,SU-794947,Delayed
CT-8742-ECD,LOT-54560092,PKG-44284080,Happy Solution,2025-06-08,2026-11-06,Damaged,SU-934541,Planning
CT-6910-RDE,LOT-79555656,PKG-54579231,South Capsule,2025-06-04,2026-08-02,Dispensed,SU-893146,Planning
CT-5014-EEP,LOT-35809899,PKG-92270860,Fund Tablet,2025-08-21,2026-06-17,Quarantined,SU-213854,Delayed
CT-5014-EEP,LOT-35809899,PKG-68198618,Fund Tablet,2025-08-23,2026-06-17,Quarantined,SU-531472,Planning
CT-5014-EEP,LOT-35809899,PKG-15919374,Fund Tablet,2025-08-01,2026-06-17,Damaged,SU-971422,Shipped
CT-5014-EEP,LOT-35809899,PKG-53074129,Fund Tablet,2025-08-09,2026-06-17,Damaged,SU-140682,Delayed
CT-2004-PSX,LOT-45953393,PKG-51921365,Traditional Patch,2025-07-02,2026-01-08,Quarantined,SU-646438,Delivered
CT-2004-PSX,LOT-45953393,PKG-72372924,Traditional Patch,2025-08-24,2026-01-08,Available,SU-847703,Shipped
CT-2004-PSX,LOT-45953393,PKG-34039324,Traditional Patch,2025-05-30,2026-01-08,Quarantined,SU-466659,Planning
CT-2004-PSX,LOT-45953393,PKG-21063850,Traditional Patch,2025-10-03,2026-01-08,Dispensed,SU-870651,Shipped
CT-9831-IEW,LOT-57874485,PKG-70448172,Stock Patch,2025-08-03,2025-11-17,Dispensed,SU-976400,Delayed
CT-9831-IEW,LOT-57874485,PKG-80194949,Stock Patch,2025-08-04,2025-11-17,Quarantined,SU-175955,Ready
CT-7484-BIH,LOT-31439488,PKG-73866704,Oil Tablet,2025-08-11,2025-09-04,Dispensed,SU-470883,Ready
CT-7484-BIH,LOT-31439488,PKG-86401837,Oil Tablet,2025-07-17,2025-09-04,Dispensed,SU-448334,Shipped
CT-7484-BIH,LOT-31439488,PKG-68303463,Oil Tablet,2025-08-19,2025-09-04,Available,SU-268795,Planning
CT-7484-BIH,LOT-31439488,PKG-25386022,Oil Tablet,2025-10-03,2025-09-04,Quarantined,SU-761489,Planning
CT-3395-UCM,LOT-62442527,PKG-18286591,Keep Capsule,2025-07-16,2025-09-06,Dispensed,SU-183668,Delayed
CT-3395-UCM,LOT-62442527,PKG-97383721,Keep Capsule,2025-09-30,2025-09-06,Damaged,SU-847297,Planning
CT-3395-UCM,LOT-62442527,PKG-53779987,Keep Capsule,2025-09-25,2025-09-06,Available,SU-703384,Delayed
CT-3395-UCM,LOT-62442527,PKG-18469659,Keep Capsule,2025-06-16,2025-09-06,Quarantined,SU-126915,Ready
CT-1696-SCY,LOT-46656333,PKG-57434742,Expect Tablet,2025-06-03,2026-12-03,Quarantined,SU-797082,Delivered
CT-1696-SCY,LOT-46656333,PKG-83153283,Expect Tablet,2025-09-26,2026-12-03,Damaged,SU-602241,Ready
CT-1696-SCY,LOT-46656333,PKG-68089881,Expect Tablet,2025-10-04,2026-12-03,Damaged,SU-118574,Delivered
CT-6592-IDY,LOT-66123852,PKG-31910114,Able Patch,2025-06-11,2028-07-06,Available,SU-490753,Delivered
CT-6592-IDY,LOT-66123852,PKG-48571251,Able Patch,2025-07-20,2028-07-06,Dispensed,SU-787920,Delayed
CT-6592-IDY,LOT-66123852,PKG-56027646,Able Patch,2025-09-19,2028-07-06,Dispensed,SU-974926,Planning
CT-3472-PNG,LOT-59019698,PKG-38328479,Culture Solution,2025-05-21,2026-07-17,Damaged,SU-274323,Delayed
CT-3472-PNG,LOT-59019698,PKG-10996353,Culture Solution,2025-05-22,2026-07-17,Available,SU-149263,Shipped
CT-3472-PNG,LOT-59019698,PKG-33482416,Culture Solution,2025-07-30,2026-07-17,Damaged,SU-748492,Planning
CT-3472-PNG,LOT-59019698,PKG-77711316,Culture Solution,2025-06-02,2026-07-17,Available,SU-328872,Delivered
CT-8742-ECD,LOT-54560092,PKG-59433718,Happy Solution,2025-10-08,2026-11-06,Quarantined,SU-807947,Ready
CT-8742-ECD,LOT-54560092,PKG-70343974,Happy Solution,2025-07-24,2026-11-06,Damaged,SU-637799,Planning
CT-8742-ECD,LOT-54560092,PKG-94761867,Happy Solution,2025-06-26,2026-11-06,Dispensed,SU-356637,Ready
CT-7487-KNX,LOT-31152831,PKG-12133491,Issue Patch,2025-08-31,2025-09-07,Damaged,SU-550465,Shipped
CT-6551-IBW,LOT-89806740,PKG-84586679,Anyone Tablet,2025-09-29,2026-07-09,Dispensed,SU-607631,Delivered
CT-6551-IBW,LOT-89806740,PKG-24837235,Anyone Tablet,2025-05-28,2026-07-09,Damaged,SU-399688,Delayed
CT-6551-IBW,LOT-89806740,PKG-34967189,Anyone Tablet,2025-09-29,2026-07-09,Dispensed,SU-295804,Shipped
CT-9781-BYC,LOT-91403277,PKG-80932668,Trouble Capsule,2025-08-19,2025-11-01,Damaged,SU-884706,Delivered
CT-9831-IEW,LOT-46257312,PKG-86549517,High Injection,2025-05-26,2027-11-30,Damaged,SU-594938,Shipped
CT-9831-IEW,LOT-46257312,PKG-78784210,High Injection,2025-09-06,2027-11-30,Damaged,SU-995241,Delayed
CT-9831-IEW,LOT-46257312,PKG-71834553,High Injection,2025-08-22,2027-11-30,Available,SU-552907,Delayed
CT-7484-BIH,LOT-26012891,PKG-60932923,Hundred Solution,2025-06-18,2026-02-19,Dispensed,SU-280276,Delayed
CT-7484-BIH,LOT-26012891,PKG-98981861,Hundred Solution,2025-07-23,2026-02-19,Damaged,SU-412751,Delayed
CT-7484-BIH,LOT-26012891,PKG-18379905,Hundred Solution,2025-09-13,2026-02-19,Quarantined,SU-893217,Delivered
CT-8742-ECD,LOT-45571743,PKG-97985871,Blue Patch,2025-06-30,2025-05-24,Dispensed,SU-309762,Delivered
CT-8742-ECD,LOT-45571743,PKG-77170772,Blue Patch,2025-06-14,2025-05-24,Quarantined,SU-122988,Ready
CT-8742-ECD,LOT-45571743,PKG-85039952,Blue Patch,2025-06-09,2025-05-24,Available,SU-538795,Delivered
CT-8742-ECD,LOT-45571743,PKG-15146691,Blue Patch,2025-09-30,2025-05-24,Damaged,SU-524778,Shipped
CT-3230-HFO,LOT-10539218,PKG-51610931,Health Solution,2025-06-05,2028-01-17,Dispensed,SU-706072,Delayed
CT-8742-ECD,LOT-61778837,PKG-50602532,Happy Solution,2025-08-10,2025-11-20,Dispensed,SU-969680,Delivered
CT-8742-ECD,LOT-61778837,PKG-26580904,Happy Solution,2025-09-30,2025-11-20,Damaged,SU-145653,Shipped
CT-8742-ECD,LOT-61778837,PKG-67823440,Happy Solution,2025-08-05,2025-11-20,Available,SU-962621,Ready
CT-8742-ECD,LOT-61778837,PKG-96232640,Happy Solution,2025-09-30,2025-11-20,Damaged,SU-228875,Planning
CT-2004-PSX,LOT-75185716,PKG-57053009,Common Patch,2025-07-23,2026-06-14,Dispensed,SU-250139,Delivered
CT-2004-PSX,LOT-75185716,PKG-99539865,Common Patch,2025-05-28,2026-06-14,Damaged,SU-871456,Ready
CT-2004-PSX,LOT-75185716,PKG-64107498,Common Patch,2025-08-23,2026-06-14,Damaged,SU-872352,Shipped
CT-8970-PLO,LOT-24616505,PKG-80659899,Various Solution,2025-05-27,2027-04-30,Damaged,SU-568771,Delivered
CT-6910-RDE,LOT-34166590,PKG-58085424,Win Injection,2025-09-25,2027-08-23,Quarantined,SU-406635,Delayed
CT-6910-RDE,LOT-34166590,PKG-10363298,Win Injection,2025-10-07,2027-08-23,Dispensed,SU-838864,Delayed
CT-8742-ECD,LOT-83111741,PKG-27775201,Article Tablet,2025-09-03,2027-07-24,Available,SU-796784,Delivered
CT-8742-ECD,LOT-83111741,PKG-86949378,Article Tablet,2025-06-17,2027-07-24,Available,SU-420987,Planning
CT-8742-ECD,LOT-83111741,PKG-88449563,Article Tablet,2025-06-05,2027-07-24,Available,SU-491582,Delayed
CT-3636-AVP,LOT-27778437,PKG-67421604,Agency Injection,2025-06-15,2025-04-09,Dispensed,SU-136068,Planning
CT-6551-IBW,LOT-28144033,PKG-18298767,Member Solution,2025-05-20,2027-05-02,Quarantined,SU-286585,Delayed
CT-6551-IBW,LOT-28144033,PKG-74580511,Member Solution,2025-07-04,2027-05-02,Quarantined,SU-950687,Ready
CT-6551-IBW,LOT-28144033,PKG-83886180,Member Solution,2025-07-02,2027-05-02,Available,SU-605315,Shipped
CT-6551-IBW,LOT-28144033,PKG-16358852,Member Solution,2025-08-17,2027-05-02,Quarantined,SU-872078,Delayed
CT-8015-GMQ,LOT-49095565,PKG-79500894,Memory Solution,2025-08-06,2026-06-14,Quarantined,SU-490523,Shipped
CT-3472-PNG,LOT-36766763,PKG-78064015,Culture Solution,2025-09-15,2026-01-11,Dispensed,SU-157535,Delivered
CT-3472-PNG,LOT-36766763,PKG-44881989,Culture Solution,2025-09-26,2026-01-11,Quarantined,SU-549340,Delivered
CT-3472-PNG,LOT-36766763,PKG-42154842,Culture Solution,2025-06-09,2026-01-11,Damaged,SU-896718,Ready
CT-3472-PNG,LOT-36766763,PKG-25929896,Culture Solution,2025-09-15,2026-01-11,Damaged,SU-906669,Planning
CT-3636-AVP,LOT-86551756,PKG-32327246,Agency Injection,2025-08-07,2028-07-28,Quarantined,SU-857286,Planning
CT-5014-EEP,LOT-35809899,PKG-82982634,Fund Tablet,2025-06-02,2026-06-17,Quarantined,SU-469176,Planning
CT-5014-EEP,LOT-35809899,PKG-60981623,Fund Tablet,2025-05-19,2026-06-17,Available,SU-598856,Delayed
CT-5014-EEP,LOT-27803441,PKG-84415383,They Capsule,2025-07-14,2026-11-22,Dispensed,SU-861306,Ready
CT-5014-EEP,LOT-27803441,PKG-89376465,They Capsule,2025-07-10,2026-11-22,Dispensed,SU-803864,Delayed
CT-5014-EEP,LOT-27803441,PKG-73535648,They Capsule,2025-08-07,2026-11-22,Damaged,SU-560688,Delayed
CT-6551-IBW,LOT-11280930,PKG-52681192,Member Solution,2025-08-16,2025-06-12,Available,SU-155772,Delivered
CT-6551-IBW,LOT-11280930,PKG-82430552,Member Solution,2025-09-18,2025-06-12,Dispensed,SU-475944,Delivered
CT-6551-IBW,LOT-11280930,PKG-22731210,Member Solution,2025-08-17,2025-06-12,Available,SU-437559,Delivered
CT-6551-IBW,LOT-11280930,PKG-75890582,Member Solution,2025-09-18,2025-06-12,Quarantined,SU-870652,Delivered
CT-6592-IDY,LOT-28252003,PKG-41533807,Able Patch,2025-05-22,2027-04-18,Available,SU-442721,Shipped
CT-6592-IDY,LOT-28252003,PKG-86179692,Able Patch,2025-05-29,2027-04-18,Available,SU-664045,Planning
CT-6592-IDY,LOT-28252003,PKG-54009084,Able Patch,2025-09-15,2027-04-18,Dispensed,SU-272779,Shipped
CT-6551-IBW,LOT-89806740,PKG-94500184,Anyone Tablet,2025-07-08,2026-07-09,Quarantined,SU-437528,Ready
CT-3228-ZKT,LOT-38707248,PKG-52551255,Tree Injection,2025-05-18,2027-04-24,Damaged,SU-379734,Delayed
CT-1696-SCY,LOT-46656333,PKG-49261120,Expect Tablet,2025-06-21,2026-12-03,Dispensed,SU-556299,Planning
CT-3636-AVP,LOT-41301239,PKG-16571527,Though Solution,2025-09-23,2025-12-18,Dispensed,SU-937854,Ready
CT-3636-AVP,LOT-41301239,PKG-27404626,Though Solution,2025-07-26,2025-12-18,Quarantined,SU-415367,Ready
CT-3636-AVP,LOT-41301239,PKG-48183948,Though Solution,2025-08-27,2025-12-18,Dispensed,SU-742551,Delayed
CT-6910-RDE,LOT-34198332,PKG-17729767,Win Injection,2025-05-31,2026-11-08,Damaged,SU-842113,Shipped
CT-6910-RDE,LOT-34198332,PKG-85952475,Win Injection,2025-07-27,2026-11-08,Quarantined,SU-695057,Ready
CT-6910-RDE,LOT-34198332,PKG-75179099,Win Injection,2025-07-31,2026-11-08,Quarantined,SU-255869,Delayed
CT-6910-RDE,LOT-34198332,PKG-21982403,Win Injection,2025-07-09,2026-11-08,Quarantined,SU-429022,Delivered
CT-9771-CZL,LOT-83383410,PKG-59800841,Us Solution,2025-07-17,2027-04-27,Available,SU-173744,Shipped
CT-9771-CZL,LOT-83383410,PKG-29217336,Us Solution,2025-06-01,2027-04-27,Available,SU-610763,Delayed
CT-3230-HFO,LOT-32873081,PKG-75567299,Health Solution,2025-09-26,2027-11-06,Dispensed,SU-836078,Shipped
CT-3230-HFO,LOT-32873081,PKG-32209607,Health Solution,2025-05-28,2027-11-06,Damaged,SU-671394,Shipped
CT-3230-HFO,LOT-32873081,PKG-66662040,Health Solution,2025-09-10,2027-11-06,Quarantined,SU-179909,Shipped
CT-3230-HFO,LOT-32873081,PKG-47660706,Health Solution,2025-06-03,2027-11-06,Dispensed,SU-212481,Ready
CT-7487-KNX,LOT-31152831,PKG-26968816,Issue Patch,2025-07-19,2025-09-07,Damaged,SU-166559,Delayed
CT-7487-KNX,LOT-31152831,PKG-65591884,Issue Patch,2025-05-28,2025-09-07,Damaged,SU-585621,Delayed
CT-7487-KNX,LOT-31152831,PKG-41757308,Issue Patch,2025-10-07,2025-09-07,Available,SU-908720,Delayed
CT-6910-RDE,LOT-34198332,PKG-49216128,Win Injection,2025-07-01,2026-11-08,Damaged,SU-131183,Ready
CT-6910-RDE,LOT-34198332,PKG-86086562,Win Injection,2025-09-11,2026-11-08,Dispensed,SU-280124,Delayed
CT-6910-RDE,LOT-34198332,PKG-83665991,Win Injection,2025-06-06,2026-11-08,Damaged,SU-200029,Ready
CT-8872-GKR,LOT-60549611,PKG-26441433,Step Solution,2025-07-09,2027-09-25,Damaged,SU-787757,Ready
CT-8872-GKR,LOT-60549611,PKG-93343534,Step Solution,2025-07-13,2027-09-25,Dispensed,SU-500656,Planning
CT-8872-GKR,LOT-60549611,PKG-53425000,Step Solution,2025-05-21,2027-09-25,Damaged,SU-439209,Delayed
CT-8872-GKR,LOT-60549611,PKG-65957971,Step Solution,2025-09-06,2027-09-25,Dispensed,SU-336449,Delayed
CT-3472-PNG,LOT-14377768,PKG-31985619,Speech Patch,2025-10-04,2027-01-10,Available,SU-367886,Planning
CT-3472-PNG,LOT-14377768,PKG-71260879,Speech Patch,2025-06-03,2027-01-10,Damaged,SU-183029,Delivered
CT-7487-KNX,LOT-17450919,PKG-59336133,Reason Tablet,2025-06-25,2027-02-13,Available,SU-442246,Shipped
CT-7487-KNX,LOT-17450919,PKG-21049768,Reason Tablet,2025-06-27,2027-02-13,Damaged,SU-592471,Ready
CT-7487-KNX,LOT-17450919,PKG-55704891,Reason Tablet,2025-06-24,2027-02-13,Damaged,SU-417910,Delayed
CT-3230-HFO,LOT-32873081,PKG-19845838,Health Solution,2025-09-08,2027-11-06,Dispensed,SU-873127,Delayed
CT-3230-HFO,LOT-32873081,PKG-73813036,Health Solution,2025-06-10,2027-11-06,Dispensed,SU-123414,Planning
CT-3230-HFO,LOT-32873081,PKG-50671863,Health Solution,2025-05-27,2027-11-06,Dispensed,SU-292375,Delivered
CT-3230-HFO,LOT-32873081,PKG-60727255,Health Solution,2025-05-23,2027-11-06,Available,SU-314613,Ready
CT-9831-IEW,LOT-46257312,PKG-19672333,High Injection,2025-07-17,2027-11-30,Dispensed,SU-466431,Ready
CT-9831-IEW,LOT-46257312,PKG-48398581,High Injection,2025-06-01,2027-11-30,Dispensed,SU-124017,Delayed
CT-3228-ZKT,LOT-63418468,PKG-57532659,Better Tablet,2025-08-03,2027-01-01,Dispensed,SU-942563,Shipped
CT-5014-EEP,LOT-29384973,PKG-79192318,They Capsule,2025-08-27,2027-05-26,Available,SU-381197,Shipped
CT-5014-EEP,LOT-29384973,PKG-18914505,They Capsule,2025-05-29,2027-05-26,Dispensed,SU-292687,Shipped
CT-9831-IEW,LOT-82476241,PKG-15098304,Stock Patch,2025-07-06,2025-06-26,Damaged,SU-787391,Delayed
CT-8970-PLO,LOT-43759862,PKG-99896963,Help Solution,2025-08-10,2026-10-16,Available,SU-898594,Ready
CT-8970-PLO,LOT-43759862,PKG-87146988,Help Solution,2025-06-14,2026-10-16,Dispensed,SU-103624,Ready
CT-8015-GMQ,LOT-23670572,PKG-86939876,Simply Injection,2025-07-11,2026-05-20,Available,SU-857026,Ready
CT-8015-GMQ,LOT-23670572,PKG-28662507,Simply Injection,2025-05-23,2026-05-20,Available,SU-959349,Ready
CT-8015-GMQ,LOT-23670572,PKG-96535808,Simply Injection,2025-06-08,2026-05-20,Available,SU-806645,Delivered
CT-9781-BYC,LOT-37532398,PKG-19945119,Positive Injection,2025-08-20,2026-09-16,Quarantined,SU-791639,Delayed
CT-9781-BYC,LOT-37532398,PKG-48302944,Positive Injection,2025-08-07,2026-09-16,Quarantined,SU-523383,Delivered
CT-9781-BYC,LOT-37532398,PKG-35534323,Positive Injection,2025-09-06,2026-09-16,Damaged,SU-278829,Delayed
CT-9781-BYC,LOT-37532398,PKG-41509639,Positive Injection,2025-07-04,2026-09-16,Available,SU-485513,Delivered
CT-7487-KNX,LOT-70758392,PKG-69430609,Contain Solution,2025-09-10,2027-07-12,Dispensed,SU-944874,Shipped
CT-7487-KNX,LOT-70758392,PKG-98144755,Contain Solution,2025-05-26,2027-07-12,Damaged,SU-192361,Delivered
CT-7487-KNX,LOT-70758392,PKG-49544907,Contain Solution,2025-10-11,2027-07-12,Quarantined,SU-561594,Shipped
CT-7487-KNX,LOT-70758392,PKG-56514542,Contain Solution,2025-08-09,2027-07-12,Available,SU-407985,Ready
CT-8742-ECD,LOT-97576608,PKG-28019390,Side Capsule,2025-09-01,2028-01-14,Damaged,SU-285756,Ready
CT-8742-ECD,LOT-97576608,PKG-22010336,Side Capsule,2025-06-12,2028-01-14,Quarantined,SU-219020,Delivered
CT-8742-ECD,LOT-97576608,PKG-67481364,Side Capsule,2025-07-16,2028-01-14,Available,SU-969194,Delivered
CT-8742-ECD,LOT-97576608,PKG-36593739,Side Capsule,2025-06-13,2028-01-14,Available,SU-967362,Ready
CT-9771-CZL,LOT-83383410,PKG-96095585,Us Solution,2025-09-19,2027-04-27,Damaged,SU-789717,Planning
CT-3472-PNG,LOT-89268420,PKG-32729752,Floor Patch,2025-07-10,2026-12-16,Dispensed,SU-555642,Delayed
CT-3472-PNG,LOT-89268420,PKG-78019428,Floor Patch,2025-07-03,2026-12-16,Quarantined,SU-710537,Shipped
CT-3472-PNG,LOT-89268420,PKG-32656868,Floor Patch,2025-08-06,2026-12-16,Quarantined,SU-117159,Delayed
CT-5806-JWO,LOT-26730959,PKG-72170122,Set Solution,2025-06-14,2026-03-16,Dispensed,SU-939240,Ready
CT-5806-JWO,LOT-26730959,PKG-90131831,Set Solution,2025-06-07,2026-03-16,Dispensed,SU-494198,Planning
CT-5806-JWO,LOT-26730959,PKG-94161208,Set Solution,2025-05-17,2026-03-16,Damaged,SU-474029,Delivered
CT-7487-KNX,LOT-31152831,PKG-55753598,Issue Patch,2025-08-15,2025-09-07,Available,SU-225031,Delayed
CT-7487-KNX,LOT-31152831,PKG-17965368,Issue Patch,2025-07-15,2025-09-07,Damaged,SU-451559,Planning
CT-7487-KNX,LOT-31152831,PKG-17890570,Issue Patch,2025-05-22,2025-09-07,Quarantined,SU-719075,Shipped
CT-7487-KNX,LOT-31152831,PKG-69174106,Issue Patch,2025-07-01,2025-09-07,Available,SU-944186,Ready
CT-5806-JWO,LOT-26730959,PKG-94167535,Set Solution,2025-08-19,2026-03-16,Quarantined,SU-816265,Ready
CT-5806-JWO,LOT-26730959,PKG-12830231,Set Solution,2025-07-30,2026-03-16,Available,SU-443321,Delayed
CT-5806-JWO,LOT-26730959,PKG-32450323,Set Solution,2025-07-10,2026-03-16,Damaged,SU-581131,Delayed
CT-5806-JWO,LOT-26730959,PKG-97657145,Set Solution,2025-06-05,2026-03-16,Available,SU-950007,Delivered
CT-5014-EEP,LOT-35809899,PKG-25341415,Fund Tablet,2025-07-21,2026-06-17,Damaged,SU-321249,Delivered
CT-5014-EEP,LOT-35809899,PKG-60297553,Fund Tablet,2025-10-03,2026-06-17,Quarantined,SU-990389,Shipped
CT-5014-EEP,LOT-35809899,PKG-35754677,Fund Tablet,2025-10-11,2026-06-17,Quarantined,SU-864398,Shipped
CT-5014-EEP,LOT-35809899,PKG-21346078,Fund Tablet,2025-08-01,2026-06-17,Damaged,SU-468503,Delayed
CT-5014-EEP,LOT-27803441,PKG-25485386,They Capsule,2025-05-31,2026-11-22,Dispensed,SU-760927,Shipped
CT-5014-EEP,LOT-27803441,PKG-68708488,They Capsule,2025-09-18,2026-11-22,Dispensed,SU-610452,Delayed
CT-5014-EEP,LOT-27803441,PKG-65506452,They Capsule,2025-07-18,2026-11-22,Quarantined,SU-770090,Ready
CT-5014-EEP,LOT-27803441,PKG-27622783,They Capsule,2025-09-02,2026-11-22,Dispensed,SU-809205,Planning
CT-3395-UCM,LOT-62442527,PKG-83163914,Keep Capsule,2025-05-23,2025-09-06,Dispensed,SU-135667,Delivered
CT-4229-AWU,LOT-12068529,PKG-18305555,Experience Tablet,2025-06-12,2025-11-10,Available,SU-104144,Delayed
CT-7047-GQC,LOT-66613397,PKG-77306200,Enter Capsule,2025-06-27,2025-11-03,Available,SU-705719,Shipped
CT-6592-IDY,LOT-69596629,PKG-11798319,Able Patch,2025-07-27,2026-12-31,Damaged,SU-615015,Delayed
CT-6592-IDY,LOT-69596629,PKG-42326340,Able Patch,2025-08-10,2026-12-31,Quarantined,SU-762729,Planning
CT-6592-IDY,LOT-69596629,PKG-48793257,Able Patch,2025-10-01,2026-12-31,Quarantined,SU-355490,Delivered
CT-6592-IDY,LOT-69596629,PKG-21292717,Able Patch,2025-07-30,2026-12-31,Available,SU-568042,Planning
CT-9831-IEW,LOT-26376337,PKG-37060329,Something Patch,2025-08-31,2026-09-04,Available,SU-469028,Delayed
CT-3230-HFO,LOT-58463446,PKG-64871113,Free Solution,2025-05-21,2027-04-08,Damaged,SU-650485,Shipped
CT-3230-HFO,LOT-58463446,PKG-12480280,Free Solution,2025-07-14,2027-04-08,Damaged,SU-281228,Shipped
CT-3230-HFO,LOT-58463446,PKG-21947262,Free Solution,2025-08-24,2027-04-08,Dispensed,SU-761465,Shipped
CT-9831-IEW,LOT-82476241,PKG-22211958,Stock Patch,2025-09-29,2025-06-26,Available,SU-453397,Shipped
CT-9831-IEW,LOT-82476241,PKG-35065081,Stock Patch,2025-09-03,2025-06-26,Available,SU-990468,Delayed
CT-9831-IEW,LOT-82476241,PKG-49259971,Stock Patch,2025-06-01,2025-06-26,Dispensed,SU-948121,Delayed
CT-3636-AVP,LOT-27778437,PKG-73021579,Agency Injection,2025-09-12,2025-04-09,Available,SU-709359,Ready
CT-3636-AVP,LOT-27778437,PKG-76813465,Agency Injection,2025-09-08,2025-04-09,Damaged,SU-440722,Ready
CT-3636-AVP,LOT-27778437,PKG-54998278,Agency Injection,2025-09-05,2025-04-09,Available,SU-671264,Delivered
CT-3636-AVP,LOT-27778437,PKG-72390218,Agency Injection,2025-08-10,2025-04-09,Damaged,SU-530925,Shipped
CT-7047-GQC,LOT-73100049,PKG-87798465,Impact Patch,2025-07-30,2026-06-22,Dispensed,SU-742946,Shipped
CT-7047-GQC,LOT-73100049,PKG-37098137,Impact Patch,2025-08-02,2026-06-22,Available,SU-812842,Delayed
CT-4229-AWU,LOT-85774109,PKG-80239814,Light Tablet,2025-07-03,2026-09-07,Damaged,SU-875113,Delivered
CT-4229-AWU,LOT-85774109,PKG-59040051,Light Tablet,2025-09-13,2026-09-07,Dispensed,SU-103142,Planning
CT-3228-ZKT,LOT-63567190,PKG-90607040,Cold Injection,2025-10-07,2027-08-13,Damaged,SU-760945,Delayed
CT-5014-EEP,LOT-27803441,PKG-42757670,They Capsule,2025-07-20,2026-11-22,Quarantined,SU-450905,Shipped
CT-5014-EEP,LOT-27803441,PKG-52367943,They Capsule,2025-10-13,2026-11-22,Dispensed,SU-918106,Delayed
CT-5014-EEP,LOT-27803441,PKG-13619832,They Capsule,2025-09-25,2026-11-22,Damaged,SU-418922,Delayed
CT-5014-EEP,LOT-27803441,PKG-51610576,They Capsule,2025-10-05,2026-11-22,Quarantined,SU-400822,Planning
CT-6551-IBW,LOT-34574127,PKG-92472398,Anyone Tablet,2025-10-10,2027-11-14,Damaged,SU-649234,Delivered
CT-6551-IBW,LOT-34574127,PKG-56456735,Anyone Tablet,2025-06-11,2027-11-14,Available,SU-453057,Delivered
CT-6551-IBW,LOT-34574127,PKG-14197327,Anyone Tablet,2025-05-22,2027-11-14,Damaged,SU-254370,Planning
CT-6551-IBW,LOT-34574127,PKG-95606724,Anyone Tablet,2025-05-25,2027-11-14,Dispensed,SU-966523,Planning
CT-7487-KNX,LOT-31152831,PKG-70780088,Issue Patch,2025-07-22,2025-09-07,Available,SU-823356,Delayed
CT-7487-KNX,LOT-31152831,PKG-88711222,Issue Patch,2025-09-11,2025-09-07,Quarantined,SU-523655,Delivered
CT-2004-PSX,LOT-75185716,PKG-99666261,Common Patch,2025-07-01,2026-06-14,Damaged,SU-346903,Delayed
CT-3395-UCM,LOT-30151730,PKG-10397340,Keep Capsule,2025-08-18,2027-03-31,Dispensed,SU-638495,Delayed
CT-3395-UCM,LOT-30151730,PKG-40671068,Keep Capsule,2025-06-24,2027-03-31,Quarantined,SU-377104,Planning
CT-5014-EEP,LOT-35809899,PKG-16824273,Fund Tablet,2025-08-06,2026-06-17,Quarantined,SU-276468,Planning
CT-5014-EEP,LOT-35809899,PKG-49834123,Fund Tablet,2025-06-01,2026-06-17,Available,SU-388811,Shipped
CT-5014-EEP,LOT-35809899,PKG-47958315,Fund Tablet,2025-07-24,2026-06-17,Quarantined,SU-804040,Ready
CT-5014-EEP,LOT-35809899,PKG-84232038,Fund Tablet,2025-05-25,2026-06-17,Dispensed,SU-130317,Planning
CT-2004-PSX,LOT-39555641,PKG-59169441,Offer Tablet,2025-08-05,2027-05-20,Dispensed,SU-875871,Delivered
CT-2004-PSX,LOT-39555641,PKG-12477535,Offer Tablet,2025-06-02,2027-05-20,Dispensed,SU-218438,Delivered
CT-2004-PSX,LOT-39555641,PKG-84676834,Offer Tablet,2025-07-07,2027-05-20,Quarantined,SU-677266,Planning
CT-2004-PSX,LOT-39555641,PKG-21167291,Offer Tablet,2025-09-28,2027-05-20,Available,SU-388737,Shipped
CT-6109-EDZ,LOT-70811881,PKG-12730674,Run Solution,2025-05-25,2026-09-05,Dispensed,SU-995493,Delayed
CT-6109-EDZ,LOT-70811881,PKG-23799552,Run Solution,2025-10-07,2026-09-05,Quarantined,SU-591861,Delivered
CT-6109-EDZ,LOT-70811881,PKG-87351670,Run Solution,2025-07-29,2026-09-05,Dispensed,SU-240751,Planning
CT-6109-EDZ,LOT-70811881,PKG-95238524,Run Solution,2025-07-19,2026-09-05,Quarantined,SU-274536,Delayed
CT-8015-GMQ,LOT-21570201,PKG-91650715,Memory Solution,2025-05-29,2026-12-22,Available,SU-132870,Delayed
CT-8015-GMQ,LOT-21570201,PKG-41463890,Memory Solution,2025-06-20,2026-12-22,Available,SU-395029,Planning
CT-8015-GMQ,LOT-21570201,PKG-52113672,Memory Solution,2025-07-15,2026-12-22,Damaged,SU-618566,Shipped
CT-2004-PSX,LOT-32180264,PKG-22310684,Traditional Patch,2025-07-24,2025-07-01,Quarantined,SU-777273,Delivered
CT-2004-PSX,LOT-32180264,PKG-78767385,Traditional Patch,2025-07-02,2025-07-01,Available,SU-794111,Planning
CT-9781-BYC,LOT-27880910,PKG-98559242,Positive Injection,2025-08-14,2026-11-19,Available,SU-752077,Ready
CT-9781-BYC,LOT-27880910,PKG-24801135,Positive Injection,2025-10-13,2026-11-19,Dispensed,SU-975930,Delivered
CT-6109-EDZ,LOT-49441641,PKG-27056769,Run Solution,2025-10-04,2026-07-19,Available,SU-610844,Delayed
CT-6109-EDZ,LOT-49441641,PKG-98172800,Run Solution,2025-06-26,2026-07-19,Quarantined,SU-400200,Shipped
CT-6109-EDZ,LOT-49441641,PKG-78389700,Run Solution,2025-07-27,2026-07-19,Damaged,SU-282469,Planning
CT-3395-UCM,LOT-10817867,PKG-57929429,Continue Capsule,2025-10-10,2025-11-17,Dispensed,SU-106634,Ready
CT-3395-UCM,LOT-10817867,PKG-26526672,Continue Capsule,2025-07-25,2025-11-17,Available,SU-918448,Delayed
CT-9781-BYC,LOT-27880910,PKG-51585988,Positive Injection,2025-06-26,2026-11-19,Damaged,SU-241451,Planning
CT-9781-BYC,LOT-27880910,PKG-20921880,Positive Injection,2025-10-13,2026-11-19,Damaged,SU-586958,Ready
CT-9781-BYC,LOT-27880910,PKG-11268248,Positive Injection,2025-07-02,2026-11-19,Quarantined,SU-878047,Delayed
CT-9781-BYC,LOT-27880910,PKG-32058010,Positive Injection,2025-09-24,2026-11-19,Dispensed,SU-778954,Delivered
CT-1696-SCY,LOT-46656333,PKG-76440134,Expect Tablet,2025-05-24,2026-12-03,Dispensed,SU-997869,Shipped
CT-8872-GKR,LOT-51166600,PKG-19107558,Type Injection,2025-08-10,2028-06-14,Available,SU-206132,Planning
CT-8742-ECD,LOT-99482219,PKG-31687375,Side Capsule,2025-10-02,2027-01-22,Damaged,SU-972930,Planning
CT-8742-ECD,LOT-99482219,PKG-40367952,Side Capsule,2025-06-25,2027-01-22,Damaged,SU-927601,Shipped
CT-8742-ECD,LOT-99482219,PKG-56006512,Side Capsule,2025-05-27,2027-01-22,Quarantined,SU-650737,Ready
CT-8742-ECD,LOT-99482219,PKG-61452060,Side Capsule,2025-06-25,2027-01-22,Damaged,SU-387372,Delayed
CT-6109-EDZ,LOT-31019227,PKG-63897755,Run Solution,2025-07-23,2026-06-17,Available,SU-611023,Planning
CT-6109-EDZ,LOT-31019227,PKG-19203532,Run Solution,2025-08-01,2026-06-17,Damaged,SU-562435,Delivered
CT-6109-EDZ,LOT-31019227,PKG-29964627,Run Solution,2025-09-16,2026-06-17,Available,SU-552271,Shipped
CT-8015-GMQ,LOT-23670572,PKG-66451189,Simply Injection,2025-08-11,2026-05-20,Damaged,SU-795342,Delivered
CT-8015-GMQ,LOT-23670572,PKG-58013502,Simply Injection,2025-10-10,2026-05-20,Available,SU-880991,Ready
CT-8015-GMQ,LOT-23670572,PKG-97164637,Simply Injection,2025-07-06,2026-05-20,Dispensed,SU-294449,Delivered
CT-3472-PNG,LOT-14377768,PKG-39149571,Speech Patch,2025-08-26,2027-01-10,Dispensed,SU-358664,Ready
CT-3472-PNG,LOT-14377768,PKG-27004056,Speech Patch,2025-08-29,2027-01-10,Dispensed,SU-909604,Delayed
CT-3472-PNG,LOT-14377768,PKG-58137705,Speech Patch,2025-09-08,2027-01-10,Quarantined,SU-809339,Delivered
CT-3472-PNG,LOT-14377768,PKG-80374516,Speech Patch,2025-08-01,2027-01-10,Damaged,SU-344765,Planning
CT-4229-AWU,LOT-12068529,PKG-11985983,Experience Tablet,2025-08-04,2025-11-10,Dispensed,SU-895227,Shipped
CT-4229-AWU,LOT-12068529,PKG-87655202,Experience Tablet,2025-07-09,2025-11-10,Available,SU-266713,Delivered
CT-4229-AWU,LOT-12068529,PKG-23687202,Experience Tablet,2025-05-18,2025-11-10,Dispensed,SU-881349,Delayed
CT-1816-RCG,LOT-60968631,PKG-84329562,Effort Capsule,2025-06-18,2026-10-17,Damaged,SU-677623,Delivered
CT-1816-RCG,LOT-60968631,PKG-94810314,Effort Capsule,2025-08-04,2026-10-17,Dispensed,SU-521235,Delivered
CT-1816-RCG,LOT-60968631,PKG-67290373,Effort Capsule,2025-06-06,2026-10-17,Available,SU-652570,Delayed
CT-1816-RCG,LOT-60968631,PKG-96422089,Effort Capsule,2025-05-18,2026-10-17,Damaged,SU-598621,Planning
CT-3228-ZKT,LOT-73483649,PKG-53762447,Tree Injection,2025-07-23,2026-06-15,Damaged,SU-561052,Delayed
CT-3228-ZKT,LOT-73483649,PKG-28573033,Tree Injection,2025-06-16,2026-06-15,Damaged,SU-919148,Planning
CT-3228-ZKT,LOT-73483649,PKG-15242368,Tree Injection,2025-09-20,2026-06-15,Damaged,SU-730653,Delivered
CT-3636-AVP,LOT-47865891,PKG-68948252,Though Solution,2025-10-03,2028-02-08,Available,SU-377399,Delayed
CT-3636-AVP,LOT-47865891,PKG-12269575,Though Solution,2025-05-21,2028-02-08,Available,SU-175642,Delivered
CT-3636-AVP,LOT-47865891,PKG-92269462,Though Solution,2025-06-16,2028-02-08,Dispensed,SU-577613,Shipped
CT-1696-SCY,LOT-65372587,PKG-97184320,Property Tablet,2025-08-13,2025-02-09,Damaged,SU-559909,Delayed
CT-9781-BYC,LOT-91403277,PKG-70772701,Trouble Capsule,2025-09-08,2025-11-01,Available,SU-394248,Planning
CT-7487-KNX,LOT-31152831,PKG-43786809,Issue Patch,2025-06-24,2025-09-07,Dispensed,SU-980931,Ready
CT-3230-HFO,LOT-46366370,PKG-40501575,Treat Tablet,2025-08-12,2025-11-01,Quarantined,SU-704933,Planning
CT-3230-HFO,LOT-46366370,PKG-96294246,Treat Tablet,2025-05-26,2025-11-01,Available,SU-574006,Shipped
CT-7047-GQC,LOT-73100049,PKG-92101430,Impact Patch,2025-10-04,2026-06-22,Dispensed,SU-639477,Ready
CT-7047-GQC,LOT-73100049,PKG-23355878,Impact Patch,2025-06-30,2026-06-22,Dispensed,SU-124387,Shipped
CT-7047-GQC,LOT-73100049,PKG-69179194,Impact Patch,2025-10-03,2026-06-22,Dispensed,SU-683516,Ready
CT-7047-GQC,LOT-73100049,PKG-64992206,Impact Patch,2025-07-19,2026-06-22,Available,SU-963806,Planning
CT-3472-PNG,LOT-36766763,PKG-11193368,Culture Solution,2025-07-29,2026-01-11,Quarantined,SU-420925,Planning
CT-3472-PNG,LOT-36766763,PKG-70195334,Culture Solution,2025-09-21,2026-01-11,Quarantined,SU-837259,Ready
CT-3472-PNG,LOT-36766763,PKG-33837122,Culture Solution,2025-09-01,2026-01-11,Quarantined,SU-725991,Ready
CT-9831-IEW,LOT-70273170,PKG-11101244,High Injection,2025-09-21,2025-03-21,Damaged,SU-102316,Delayed
CT-9831-IEW,LOT-70273170,PKG-50588618,High Injection,2025-09-22,2025-03-21,Dispensed,SU-729067,Delivered
CT-3395-UCM,LOT-52789053,PKG-51358406,Reduce Solution,2025-07-27,2026-04-29,Damaged,SU-941589,Delivered
CT-3395-UCM,LOT-52789053,PKG-53921549,Reduce Solution,2025-06-04,2026-04-29,Damaged,SU-928121,Delayed
CT-3395-UCM,LOT-52789053,PKG-34853333,Reduce Solution,2025-08-08,2026-04-29,Dispensed,SU-195799,Shipped
CT-1816-RCG,LOT-19895402,PKG-46266081,New Solution,2025-08-23,2026-05-19,Dispensed,SU-614472,Delivered
CT-1816-RCG,LOT-19895402,PKG-32678103,New Solution,2025-10-13,2026-05-19,Quarantined,SU-742691,Planning
CT-1816-RCG,LOT-19895402,PKG-69796542,New Solution,2025-07-04,2026-05-19,Dispensed,SU-621932,Delivered
CT-1816-RCG,LOT-19895402,PKG-64460332,New Solution,2025-08-12,2026-05-19,Damaged,SU-386745,Delivered
CT-1816-RCG,LOT-60968631,PKG-75025164,Effort Capsule,2025-10-06,2026-10-17,Damaged,SU-169427,Shipped
CT-1816-RCG,LOT-60968631,PKG-40747327,Effort Capsule,2025-06-20,2026-10-17,Dispensed,SU-102824,Planning
CT-7484-BIH,LOT-26012891,PKG-31530677,Hundred Solution,2025-08-19,2026-02-19,Quarantined,SU-496906,Planning
CT-1696-SCY,LOT-44491067,PKG-53201903,Expect Tablet,2025-09-13,2028-06-07,Quarantined,SU-154250,Ready
CT-1696-SCY,LOT-44491067,PKG-77202693,Expect Tablet,2025-08-25,2028-06-07,Dispensed,SU-680730,Ready
CT-7484-BIH,LOT-16159838,PKG-47743324,Hundred Solution,2025-07-18,2025-09-01,Damaged,SU-312646,Delivered
CT-7484-BIH,LOT-16159838,PKG-98075163,Hundred Solution,2025-07-13,2025-09-01,Damaged,SU-828068,Delayed
CT-9771-CZL,LOT-16473868,PKG-12499249,Us Solution,2025-09-03,2027-01-28,Quarantined,SU-599631,Shipped
CT-9771-CZL,LOT-16473868,PKG-81586320,Us Solution,2025-09-12,2027-01-28,Damaged,SU-145619,Shipped
CT-9771-CZL,LOT-16473868,PKG-88776809,Us Solution,2025-06-02,2027-01-28,Available,SU-539340,Planning
CT-9771-CZL,LOT-16473868,PKG-17703686,Us Solution,2025-06-12,2027-01-28,Damaged,SU-153709,Delayed
CT-8015-GMQ,LOT-21570201,PKG-30123371,Memory Solution,2025-09-28,2026-12-22,Available,SU-377437,Shipped
CT-8015-GMQ,LOT-21570201,PKG-97434073,Memory Solution,2025-06-30,2026-12-22,Damaged,SU-528953,Delivered
CT-5014-EEP,LOT-29384973,PKG-78357965,They Capsule,2025-09-26,2027-05-26,Dispensed,SU-359541,Ready
CT-5014-EEP,LOT-29384973,PKG-33768543,They Capsule,2025-07-05,2027-05-26,Available,SU-291961,Planning
CT-1696-SCY,LOT-48273549,PKG-84516036,Property Tablet,2025-09-04,2025-03-04,Available,SU-789208,Delivered
CT-1696-SCY,LOT-48273549,PKG-74570148,Property Tablet,2025-05-20,2025-03-04,Available,SU-589138,Delivered
CT-1696-SCY,LOT-48273549,PKG-49858252,Property Tablet,2025-06-28,2025-03-04,Damaged,SU-909152,Delayed
CT-3230-HFO,LOT-28229614,PKG-36530857,Treat Tablet,2025-07-27,2026-12-14,Quarantined,SU-124657,Delayed
CT-3230-HFO,LOT-28229614,PKG-15442403,Treat Tablet,2025-06-27,2026-12-14,Damaged,SU-355972,Delivered
CT-3230-HFO,LOT-28229614,PKG-82372722,Treat Tablet,2025-07-15,2026-12-14,Damaged,SU-312938,Delivered
CT-3230-HFO,LOT-28229614,PKG-57437238,Treat Tablet,2025-08-12,2026-12-14,Quarantined,SU-652621,Delivered
CT-2004-PSX,LOT-39555641,PKG-24157407,Offer Tablet,2025-09-23,2027-05-20,Dispensed,SU-215353,Delayed
CT-2004-PSX,LOT-39555641,PKG-59223300,Offer Tablet,2025-05-22,2027-05-20,Dispensed,SU-183925,Delivered
CT-2004-PSX,LOT-39555641,PKG-13182439,Offer Tablet,2025-07-22,2027-05-20,Damaged,SU-777879,Delayed
CT-2004-PSX,LOT-39555641,PKG-75964651,Offer Tablet,2025-09-19,2027-05-20,Dispensed,SU-896442,Delayed
CT-5014-EEP,LOT-29384973,PKG-90284414,They Capsule,2025-09-01,2027-05-26,Quarantined,SU-822930,Planning
CT-5014-EEP,LOT-29384973,PKG-10776447,They Capsule,2025-10-09,2027-05-26,Dispensed,SU-948173,Shipped
CT-5014-EEP,LOT-29384973,PKG-49018333,They Capsule,2025-08-09,2027-05-26,Available,SU-480695,Delayed
CT-5014-EEP,LOT-29384973,PKG-30255682,They Capsule,2025-08-13,2027-05-26,Available,SU-464831,Delayed
CT-8970-PLO,LOT-74101873,PKG-44381627,Range Solution,2025-07-17,2025-10-17,Quarantined,SU-746399,Ready
CT-8970-PLO,LOT-74101873,PKG-80721291,Range Solution,2025-09-29,2025-10-17,Damaged,SU-340513,Shipped
CT-8970-PLO,LOT-74101873,PKG-71505117,Range Solution,2025-09-24,2025-10-17,Available,SU-332500,Shipped
CT-4229-AWU,LOT-81143076,PKG-68064977,Indicate Patch,2025-06-17,2027-03-08,Quarantined,SU-546756,Delayed
CT-5014-EEP,LOT-27607761,PKG-42726129,Fund Tablet,2025-07-03,2026-08-18,Available,SU-815226,Shipped
CT-7487-KNX,LOT-75893896,PKG-84864121,Reason Tablet,2025-08-24,2025-12-12,Dispensed,SU-477121,Delayed
CT-3228-ZKT,LOT-24674076,PKG-47324536,Commercial Tablet,2025-06-24,2025-05-05,Available,SU-246342,Shipped
CT-3228-ZKT,LOT-24674076,PKG-72370689,Commercial Tablet,2025-05-30,2025-05-05,Dispensed,SU-956817,Shipped
CT-3228-ZKT,LOT-24674076,PKG-67544354,Commercial Tablet,2025-05-24,2025-05-05,Dispensed,SU-677437,Delayed
CT-8742-ECD,LOT-94846184,PKG-67666983,Article Tablet,2025-09-04,2026-06-19,Quarantined,SU-954083,Ready
CT-8742-ECD,LOT-94846184,PKG-88369944,Article Tablet,2025-09-10,2026-06-19,Quarantined,SU-291783,Shipped
CT-8742-ECD,LOT-94846184,PKG-17141743,Article Tablet,2025-07-28,2026-06-19,Dispensed,SU-130490,Delivered
CT-8742-ECD,LOT-94846184,PKG-43540946,Article Tablet,2025-08-21,2026-06-19,Dispensed,SU-911061,Planning
CT-9771-CZL,LOT-29648706,PKG-18633696,Player Solution,2025-06-08,2026-06-22,Quarantined,SU-825458,Shipped
CT-9771-CZL,LOT-29648706,PKG-60546828,Player Solution,2025-05-21,2026-06-22,Dispensed,SU-958750,Delayed
CT-4229-AWU,LOT-66136964,PKG-57141158,Pull Patch,2025-10-05,2026-11-16,Quarantined,SU-438046,Shipped
CT-8742-ECD,LOT-61778837,PKG-31864691,Happy Solution,2025-09-11,2025-11-20,Dispensed,SU-899066,Shipped
CT-8742-ECD,LOT-61778837,PKG-17111417,Happy Solution,2025-07-05,2025-11-20,Dispensed,SU-417877,Shipped
CT-8742-ECD,LOT-61778837,PKG-97623543,Happy Solution,2025-09-28,2025-11-20,Dispensed,SU-153072,Shipped
CT-1816-RCG,LOT-36343625,PKG-31503447,New Solution,2025-08-25,2025-10-11,Damaged,SU-697096,Ready
CT-1816-RCG,LOT-36343625,PKG-89285653,New Solution,2025-08-25,2025-10-11,Available,SU-700698,Ready
CT-1816-RCG,LOT-60968631,PKG-55816038,Effort Capsule,2025-07-28,2026-10-17,Quarantined,SU-489988,Ready
CT-1816-RCG,LOT-60968631,PKG-36713880,Effort Capsule,2025-08-28,2026-10-17,Available,SU-984452,Shipped
CT-1816-RCG,LOT-60968631,PKG-76495738,Effort Capsule,2025-06-12,2026-10-17,Quarantined,SU-278214,Shipped
CT-1816-RCG,LOT-60968631,PKG-76677946,Effort Capsule,2025-08-27,2026-10-17,Available,SU-717719,Planning
CT-8742-ECD,LOT-48781281,PKG-17400472,Blue Patch,2025-07-04,2025-05-21,Dispensed,SU-789563,Planning
CT-8742-ECD,LOT-48781281,PKG-45823436,Blue Patch,2025-08-26,2025-05-21,Damaged,SU-111621,Delivered
CT-1816-RCG,LOT-73297905,PKG-65551381,Effort Capsule,2025-05-22,2027-10-04,Available,SU-502347,Ready
CT-1816-RCG,LOT-73297905,PKG-26829603,Effort Capsule,2025-06-06,2027-10-04,Damaged,SU-926926,Delivered
CT-1816-RCG,LOT-73297905,PKG-34023088,Effort Capsule,2025-05-28,2027-10-04,Damaged,SU-904208,Ready
CT-1816-RCG,LOT-73297905,PKG-91338852,Effort Capsule,2025-06-02,2027-10-04,Dispensed,SU-788903,Shipped
CT-1816-RCG,LOT-73297905,PKG-39647532,Effort Capsule,2025-09-01,2027-10-04,Quarantined,SU-743249,Ready
CT-1816-RCG,LOT-73297905,PKG-82613062,Effort Capsule,2025-09-21,2027-10-04,Available,SU-426586,Delayed
CT-1816-RCG,LOT-73297905,PKG-78267884,Effort Capsule,2025-06-27,2027-10-04,Available,SU-370829,Delivered
CT-5806-JWO,LOT-91428756,PKG-50257096,Figure Capsule,2025-07-23,2027-12-20,Quarantined,SU-118365,Shipped
CT-5806-JWO,LOT-91428756,PKG-46405962,Figure Capsule,2025-09-05,2027-12-20,Dispensed,SU-965577,Delayed
CT-5806-JWO,LOT-91428756,PKG-69370380,Figure Capsule,2025-08-04,2027-12-20,Available,SU-685055,Delayed
CT-5806-JWO,LOT-91428756,PKG-35758053,Figure Capsule,2025-05-26,2027-12-20,Quarantined,SU-799297,Delayed
CT-6592-IDY,LOT-19994803,PKG-18528200,Myself Capsule,2025-06-18,2027-03-23,Quarantined,SU-418044,Delivered
CT-6592-IDY,LOT-19994803,PKG-31926348,Myself Capsule,2025-08-26,2027-03-23,Dispensed,SU-270729,Planning
CT-6592-IDY,LOT-19994803,PKG-97947706,Myself Capsule,2025-08-31,2027-03-23,Damaged,SU-991015,Ready
CT-6592-IDY,LOT-19994803,PKG-45895427,Myself Capsule,2025-08-01,2027-03-23,Damaged,SU-163553,Ready
CT-3395-UCM,LOT-16679340,PKG-49341049,Reduce Solution,2025-09-27,2027-01-15,Available,SU-481377,Planning
CT-9781-BYC,LOT-37532398,PKG-55862958,Positive Injection,2025-08-11,2026-09-16,Quarantined,SU-729167,Shipped
CT-9781-BYC,LOT-37532398,PKG-14458533,Positive Injection,2025-09-03,2026-09-16,Quarantined,SU-481180,Delayed
CT-9781-BYC,LOT-37532398,PKG-14884608,Positive Injection,2025-05-31,2026-09-16,Quarantined,SU-975954,Delayed
CT-9781-BYC,LOT-37532398,PKG-87448891,Positive Injection,2025-07-15,2026-09-16,Available,SU-212182,Ready
CT-6109-EDZ,LOT-70811881,PKG-34374065,Run Solution,2025-06-02,2026-09-05,Quarantined,SU-291207,Planning
CT-1816-RCG,LOT-19895402,PKG-39955413,New Solution,2025-10-01,2026-05-19,Available,SU-588213,Delivered
CT-1816-RCG,LOT-19895402,PKG-51579478,New Solution,2025-07-01,2026-05-19,Available,SU-970935,Delayed
CT-1816-RCG,LOT-19895402,PKG-47413662,New Solution,2025-08-16,2026-05-19,Available,SU-322326,Delayed
CT-1816-RCG,LOT-19895402,PKG-42167885,New Solution,2025-07-10,2026-05-19,Quarantined,SU-481610,Planning
CT-9831-IEW,LOT-72460791,PKG-38249812,Receive Patch,2025-08-20,2026-08-09,Damaged,SU-530741,Delayed
CT-9831-IEW,LOT-72460791,PKG-14894519,Receive Patch,2025-08-12,2026-08-09,Available,SU-984851,Delivered
CT-9831-IEW,LOT-46257312,PKG-75261670,High Injection,2025-09-16,2027-11-30,Available,SU-724311,Planning
CT-9831-IEW,LOT-46257312,PKG-62168383,High Injection,2025-10-09,2027-11-30,Damaged,SU-686166,Delivered
CT-9831-IEW,LOT-46257312,PKG-52168063,High Injection,2025-06-11,2027-11-30,Damaged,SU-143136,Delayed
CT-3230-HFO,LOT-65730343,PKG-59078501,Free Solution,2025-07-06,2026-08-19,Quarantined,SU-905346,Planning
CT-3230-HFO,LOT-65730343,PKG-89758997,Free Solution,2025-07-13,2026-08-19,Damaged,SU-925224,Shipped
CT-8872-GKR,LOT-24028484,PKG-94084181,Type Injection,2025-09-17,2026-03-16,Quarantined,SU-864789,Delayed
CT-8872-GKR,LOT-24028484,PKG-93289045,Type Injection,2025-07-03,2026-03-16,Damaged,SU-130642,Shipped
CT-8872-GKR,LOT-24028484,PKG-35970715,Type Injection,2025-09-30,2026-03-16,Available,SU-493454,Shipped
CT-8872-GKR,LOT-24028484,PKG-22687837,Type Injection,2025-10-03,2026-03-16,Available,SU-363054,Planning
CT-9831-IEW,LOT-82476241,PKG-42945852,Stock Patch,2025-06-16,2025-06-26,Damaged,SU-104021,Shipped
CT-8742-ECD,LOT-45571743,PKG-13386979,Blue Patch,2025-10-11,2025-05-24,Available,SU-379911,Delivered
CT-8742-ECD,LOT-45571743,PKG-12033124,Blue Patch,2025-09-06,2025-05-24,Quarantined,SU-306188,Planning
CT-8742-ECD,LOT-45571743,PKG-53708083,Blue Patch,2025-09-25,2025-05-24,Dispensed,SU-805758,Delayed
CT-4229-AWU,LOT-12068529,PKG-27553643,Experience Tablet,2025-06-25,2025-11-10,Quarantined,SU-234196,Ready
CT-5806-JWO,LOT-62532897,PKG-61342682,Set Solution,2025-09-13,2027-05-10,Damaged,SU-282933,Delivered
CT-5806-JWO,LOT-62532897,PKG-96927051,Set Solution,2025-05-19,2027-05-10,Dispensed,SU-606793,Delivered
CT-5806-JWO,LOT-62532897,PKG-48891429,Set Solution,2025-05-20,2027-05-10,Dispensed,SU-247820,Ready
CT-5806-JWO,LOT-62532897,PKG-54642446,Set Solution,2025-09-07,2027-05-10,Quarantined,SU-725735,Planning
CT-8742-ECD,LOT-94846184,PKG-71932946,Article Tablet,2025-08-31,2026-06-19,Available,SU-124070,Planning
CT-2004-PSX,LOT-51070012,PKG-42081729,Common Patch,2025-07-08,2025-12-01,Available,SU-338103,Planning
CT-2004-PSX,LOT-51070012,PKG-89061726,Common Patch,2025-10-02,2025-12-01,Available,SU-745742,Shipped
CT-3472-PNG,LOT-21437748,PKG-88136500,Floor Patch,2025-09-30,2026-06-27,Available,SU-631655,Ready
CT-3472-PNG,LOT-21437748,PKG-28126789,Floor Patch,2025-05-27,2026-06-27,Damaged,SU-462620,Shipped
CT-3472-PNG,LOT-21437748,PKG-10744216,Floor Patch,2025-10-04,2026-06-27,Damaged,SU-987491,Delivered
CT-3472-PNG,LOT-21437748,PKG-53701148,Floor Patch,2025-10-03,2026-06-27,Quarantined,SU-202925,Delayed
CT-8970-PLO,LOT-14354504,PKG-25591552,Various Solution,2025-08-04,2025-07-25,Quarantined,SU-802810,Delivered
CT-8970-PLO,LOT-14354504,PKG-77586643,Various Solution,2025-09-08,2025-07-25,Quarantined,SU-999683,Ready
CT-8970-PLO,LOT-14354504,PKG-50096047,Various Solution,2025-07-22,2025-07-25,Available,SU-188970,Delayed
CT-8970-PLO,LOT-14354504,PKG-97214905,Various Solution,2025-06-29,2025-07-25,Dispensed,SU-294117,Delivered
CT-9831-IEW,LOT-26376337,PKG-46289471,Something Patch,2025-06-19,2026-09-04,Available,SU-824999,Planning
CT-9831-IEW,LOT-26376337,PKG-26755896,Something Patch,2025-08-04,2026-09-04,Quarantined,SU-159684,Ready
CT-9831-IEW,LOT-26376337,PKG-61783214,Something Patch,2025-07-26,2026-09-04,Available,SU-380807,Ready
CT-3228-ZKT,LOT-60873216,PKG-13007748,Commercial Tablet,2025-07-15,2025-12-23,Quarantined,SU-592810,Planning
CT-8015-GMQ,LOT-92879466,PKG-45515729,Simply Injection,2025-06-09,2027-09-05,Quarantined,SU-838969,Delayed
CT-8015-GMQ,LOT-92879466,PKG-41207058,Simply Injection,2025-09-09,2027-09-05,Quarantined,SU-210998,Shipped
CT-8015-GMQ,LOT-92879466,PKG-11489037,Simply Injection,2025-08-07,2027-09-05,Dispensed,SU-827764,Planning
CT-3230-HFO,LOT-10539218,PKG-21030336,Health Solution,2025-09-29,2028-01-17,Dispensed,SU-707863,Planning
CT-3395-UCM,LOT-62567327,PKG-27174880,Reduce Solution,2025-10-06,2026-09-17,Dispensed,SU-847991,Delivered
CT-3395-UCM,LOT-62567327,PKG-58989741,Reduce Solution,2025-08-08,2026-09-17,Available,SU-502854,Shipped
CT-3395-UCM,LOT-62567327,PKG-83761194,Reduce Solution,2025-08-24,2026-09-17,Quarantined,SU-653125,Delayed
CT-3395-UCM,LOT-62567327,PKG-93150302,Reduce Solution,2025-07-07,2026-09-17,Quarantined,SU-220595,Shipped
CT-5014-EEP,LOT-29384973,PKG-33638282,They Capsule,2025-07-04,2027-05-26,Damaged,SU-190353,Delayed
CT-5014-EEP,LOT-29384973,PKG-96354973,They Capsule,2025-09-24,2027-05-26,Damaged,SU-187714,Ready
CT-5014-EEP,LOT-29384973,PKG-64650520,They Capsule,2025-06-01,2027-05-26,Available,SU-605778,Delayed
CT-5806-JWO,LOT-62532897,PKG-81553952,Set Solution,2025-08-18,2027-05-10,Damaged,SU-677025,Planning
CT-5806-JWO,LOT-62532897,PKG-19268829,Set Solution,2025-09-08,2027-05-10,Dispensed,SU-358977,Delayed
CT-1696-SCY,LOT-46656333,PKG-26999200,Expect Tablet,2025-08-30,2026-12-03,Available,SU-183202,Planning
CT-7487-KNX,LOT-59884250,PKG-87965949,Reason Tablet,2025-09-24,2026-03-21,Quarantined,SU-694423,Ready
CT-7487-KNX,LOT-59884250,PKG-97497331,Reason Tablet,2025-10-10,2026-03-21,Damaged,SU-210052,Ready
CT-7487-KNX,LOT-59884250,PKG-18074320,Reason Tablet,2025-05-17,2026-03-21,Available,SU-686168,Delayed
CT-7487-KNX,LOT-59884250,PKG-17532258,Reason Tablet,2025-05-20,2026-03-21,Dispensed,SU-100912,Ready
CT-1696-SCY,LOT-44491067,PKG-62472574,Expect Tablet,2025-08-22,2028-06-07,Quarantined,SU-761981,Ready
CT-8970-PLO,LOT-84562329,PKG-29761234,Range Solution,2025-07-26,2025-10-19,Available,SU-339323,Delayed
CT-8970-PLO,LOT-84562329,PKG-77905348,Range Solution,2025-09-25,2025-10-19,Quarantined,SU-295662,Shipped
CT-8970-PLO,LOT-84562329,PKG-48188149,Range Solution,2025-06-14,2025-10-19,Available,SU-940211,Planning
CT-8970-PLO,LOT-14354504,PKG-45991895,Various Solution,2025-06-11,2025-07-25,Dispensed,SU-102214,Shipped
CT-8970-PLO,LOT-14354504,PKG-29123256,Various Solution,2025-06-28,2025-07-25,Dispensed,SU-522821,Delayed
CT-6551-IBW,LOT-20749320,PKG-68223109,Cell Tablet,2025-07-22,2027-03-24,Damaged,SU-118407,Delivered
CT-6109-EDZ,LOT-70811881,PKG-28463761,Run Solution,2025-06-16,2026-09-05,Dispensed,SU-862175,Shipped
CT-6109-EDZ,LOT-70811881,PKG-52568657,Run Solution,2025-06-14,2026-09-05,Quarantined,SU-325830,Delivered
CT-6109-EDZ,LOT-70811881,PKG-91219796,Run Solution,2025-05-18,2026-09-05,Available,SU-828666,Planning
CT-6109-EDZ,LOT-70811881,PKG-15824568,Run Solution,2025-08-19,2026-09-05,Available,SU-712286,Shipped
CT-1816-RCG,LOT-73297905,PKG-13889805,Effort Capsule,2025-08-23,2027-10-04,Damaged,SU-781931,Delivered
CT-1816-RCG,LOT-73297905,PKG-43393406,Effort Capsule,2025-09-10,2027-10-04,Quarantined,SU-541453,Shipped
CT-1816-RCG,LOT-73297905,PKG-62641891,Effort Capsule,2025-10-03,2027-10-04,Damaged,SU-274073,Delayed
CT-7487-KNX,LOT-90900846,PKG-36465306,Contain Solution,2025-05-17,2026-03-28,Damaged,SU-121743,Delivered
CT-9781-BYC,LOT-50305764,PKG-78930450,Compare Tablet,2025-09-20,2025-11-05,Available,SU-547707,Shipped
CT-9781-BYC,LOT-50305764,PKG-58046487,Compare Tablet,2025-08-28,2025-11-05,Available,SU-313568,Delayed
CT-8970-PLO,LOT-74101873,PKG-61044749,Range Solution,2025-08-10,2025-10-17,Available,SU-887816,Delayed
CT-7484-BIH,LOT-26012891,PKG-11863875,Hundred Solution,2025-05-28,2026-02-19,Dispensed,SU-692515,Shipped
CT-7484-BIH,LOT-26012891,PKG-95925508,Hundred Solution,2025-07-27,2026-02-19,Damaged,SU-261543,Planning
CT-7484-BIH,LOT-26012891,PKG-14625488,Hundred Solution,2025-07-12,2026-02-19,Damaged,SU-673556,Planning
CT-7484-BIH,LOT-26012891,PKG-91959844,Hundred Solution,2025-10-08,2026-02-19,Quarantined,SU-386231,Shipped
CT-3472-PNG,LOT-89268420,PKG-27459564,Floor Patch,2025-05-21,2026-12-16,Available,SU-180510,Shipped
CT-5806-JWO,LOT-70504064,PKG-61105170,Shake Tablet,2025-08-29,2027-01-09,Damaged,SU-354906,Delivered
CT-6592-IDY,LOT-66123852,PKG-61544334,Able Patch,2025-09-07,2028-07-06,Dispensed,SU-690234,Delayed
CT-6592-IDY,LOT-66123852,PKG-84942607,Able Patch,2025-06-10,2028-07-06,Available,SU-419403,Shipped
CT-6592-IDY,LOT-66123852,PKG-22572064,Able Patch,2025-07-18,2028-07-06,Quarantined,SU-194206,Shipped
CT-6592-IDY,LOT-66123852,PKG-24092433,Able Patch,2025-08-23,2028-07-06,Dispensed,SU-565008,Shipped
CT-8015-GMQ,LOT-21570201,PKG-36359000,Memory Solution,2025-09-05,2026-12-22,Damaged,SU-587504,Shipped
CT-8015-GMQ,LOT-21570201,PKG-24589150,Memory Solution,2025-10-11,2026-12-22,Damaged,SU-297013,Delayed
CT-9781-BYC,LOT-72341875,PKG-64021361,Compare Tablet,2025-10-08,2025-12-10,Damaged,SU-603426,Delayed
CT-9781-BYC,LOT-72341875,PKG-70456023,Compare Tablet,2025-05-21,2025-12-10,Quarantined,SU-376195,Planning
CT-8970-PLO,LOT-91814441,PKG-76312649,Artist Solution,2025-07-20,2026-02-14,Dispensed,SU-932990,Ready
CT-7487-KNX,LOT-90900846,PKG-13837730,Contain Solution,2025-09-19,2026-03-28,Available,SU-128204,Shipped
CT-1816-RCG,LOT-60968631,PKG-92089550,Effort Capsule,2025-09-20,2026-10-17,Dispensed,SU-151431,Planning
CT-1816-RCG,LOT-60968631,PKG-41162732,Effort Capsule,2025-07-29,2026-10-17,Dispensed,SU-884050,Planning
CT-1816-RCG,LOT-60968631,PKG-11021752,Effort Capsule,2025-08-28,2026-10-17,Damaged,SU-508994,Delayed
CT-8015-GMQ,LOT-49095565,PKG-68276964,Memory Solution,2025-06-22,2026-06-14,Quarantined,SU-586783,Delayed
CT-3472-PNG,LOT-22463904,PKG-74088406,Speech Patch,2025-08-09,2025-09-22,Quarantined,SU-149118,Planning
CT-3472-PNG,LOT-22463904,PKG-75664489,Speech Patch,2025-07-04,2025-09-22,Dispensed,SU-586390,Delivered
CT-3472-PNG,LOT-22463904,PKG-72500307,Speech Patch,2025-06-01,2025-09-22,Damaged,SU-880419,Shipped
CT-3472-PNG,LOT-22463904,PKG-12435602,Speech Patch,2025-08-18,2025-09-22,Quarantined,SU-410448,Delayed
CT-3395-UCM,LOT-52789053,PKG-25812400,Reduce Solution,2025-09-29,2026-04-29,Dispensed,SU-929428,Planning
CT-3395-UCM,LOT-52789053,PKG-79404223,Reduce Solution,2025-08-14,2026-04-29,Dispensed,SU-187009,Planning
CT-3395-UCM,LOT-52789053,PKG-47126307,Reduce Solution,2025-07-11,2026-04-29,Quarantined,SU-611128,Shipped
CT-3636-AVP,LOT-41301239,PKG-35775722,Though Solution,2025-07-05,2025-12-18,Quarantined,SU-759159,Shipped
CT-8015-GMQ,LOT-21570201,PKG-63898818,Memory Solution,2025-06-05,2026-12-22,Dispensed,SU-254109,Shipped
CT-4229-AWU,LOT-66136964,PKG-86740675,Pull Patch,2025-05-29,2026-11-16,Quarantined,SU-861470,Delayed
CT-4229-AWU,LOT-66136964,PKG-62183990,Pull Patch,2025-08-30,2026-11-16,Available,SU-364527,Shipped
CT-4229-AWU,LOT-66136964,PKG-37880167,Pull Patch,2025-09-18,2026-11-16,Damaged,SU-783724,Shipped
CT-3472-PNG,LOT-21437748,PKG-58695867,Floor Patch,2025-10-06,2026-06-27,Available,SU-826541,Ready
CT-3472-PNG,LOT-21437748,PKG-88617770,Floor Patch,2025-07-25,2026-06-27,Damaged,SU-414033,Planning
CT-3472-PNG,LOT-21437748,PKG-23121320,Floor Patch,2025-07-20,2026-06-27,Quarantined,SU-602092,Ready
CT-8015-GMQ,LOT-21570201,PKG-55639931,Memory Solution,2025-09-29,2026-12-22,Dispensed,SU-523566,Delayed
CT-8015-GMQ,LOT-21570201,PKG-16193264,Memory Solution,2025-08-04,2026-12-22,Damaged,SU-578912,Delivered
CT-8015-GMQ,LOT-21570201,PKG-10672750,Memory Solution,2025-08-04,2026-12-22,Dispensed,SU-605695,Planning
CT-8015-GMQ,LOT-21570201,PKG-11118853,Memory Solution,2025-09-19,2026-12-22,Dispensed,SU-477577,Delayed
CT-9781-BYC,LOT-96443919,PKG-48145663,Trouble Capsule,2025-07-25,2026-12-26,Dispensed,SU-802023,Delivered
CT-9781-BYC,LOT-96443919,PKG-68388486,Trouble Capsule,2025-05-17,2026-12-26,Available,SU-998858,Planning
CT-9781-BYC,LOT-96443919,PKG-43369498,Trouble Capsule,2025-09-25,2026-12-26,Available,SU-830165,Shipped
CT-1696-SCY,LOT-44491067,PKG-65466965,Expect Tablet,2025-09-20,2028-06-07,Damaged,SU-512549,Planning
CT-1696-SCY,LOT-44491067,PKG-19699893,Expect Tablet,2025-10-13,2028-06-07,Available,SU-672378,Shipped
CT-1696-SCY,LOT-44491067,PKG-40039099,Expect Tablet,2025-09-22,2028-06-07,Dispensed,SU-981305,Delayed
CT-7484-BIH,LOT-65547337,PKG-52752191,Great Patch,2025-07-20,2026-04-22,Dispensed,SU-239441,Delivered
CT-7484-BIH,LOT-65547337,PKG-94803961,Great Patch,2025-06-02,2026-04-22,Damaged,SU-416688,Delivered
CT-7484-BIH,LOT-65547337,PKG-63442045,Great Patch,2025-09-17,2026-04-22,Dispensed,SU-351821,Planning
CT-9831-IEW,LOT-82476241,PKG-35949946,Stock Patch,2025-08-23,2025-06-26,Damaged,SU-286941,Ready
CT-9831-IEW,LOT-82476241,PKG-57047293,Stock Patch,2025-09-05,2025-06-26,Quarantined,SU-405798,Delivered
CT-9831-IEW,LOT-82476241,PKG-72454139,Stock Patch,2025-08-04,2025-06-26,Quarantined,SU-117570,Shipped
CT-2004-PSX,LOT-68153288,PKG-92540651,Common Patch,2025-09-29,2027-09-07,Quarantined,SU-489859,Planning
CT-2004-PSX,LOT-68153288,PKG-73477798,Common Patch,2025-07-26,2027-09-07,Dispensed,SU-152384,Delayed
CT-2004-PSX,LOT-68153288,PKG-77118138,Common Patch,2025-07-20,2027-09-07,Quarantined,SU-638147,Delivered
CT-2004-PSX,LOT-68153288,PKG-84374484,Common Patch,2025-07-07,2027-09-07,Quarantined,SU-219067,Planning
CT-6910-RDE,LOT-34198332,PKG-74997571,Win Injection,2025-09-29,2026-11-08,Available,SU-191537,Ready
CT-6910-RDE,LOT-34198332,PKG-46790063,Win Injection,2025-08-22,2026-11-08,Damaged,SU-226965,Shipped
CT-6109-EDZ,LOT-57559766,PKG-98989498,Should Tablet,2025-10-07,2025-09-05,Dispensed,SU-641035,Ready
CT-6109-EDZ,LOT-57559766,PKG-71190231,Should Tablet,2025-07-17,2025-09-05,Available,SU-820965,Delivered
CT-9771-CZL,LOT-73505709,PKG-81646416,Us Solution,2025-07-13,2027-09-26,Damaged,SU-325938,Ready
CT-3228-ZKT,LOT-56689918,PKG-51688397,Cold Injection,2025-07-12,2027-02-21,Dispensed,SU-793073,Ready
CT-3228-ZKT,LOT-56689918,PKG-36616941,Cold Injection,2025-09-06,2027-02-21,Quarantined,SU-107068,Shipped
CT-8742-ECD,LOT-99482219,PKG-46822017,Side Capsule,2025-05-21,2027-01-22,Available,SU-381184,Delayed
CT-8742-ECD,LOT-99482219,PKG-49168178,Side Capsule,2025-08-11,2027-01-22,Available,SU-652002,Delivered
CT-8742-ECD,LOT-99482219,PKG-44850040,Side Capsule,2025-06-22,2027-01-22,Damaged,SU-845611,Delivered
CT-8742-ECD,LOT-99482219,PKG-29648169,Side Capsule,2025-08-17,2027-01-22,Damaged,SU-601015,Delivered
CT-7487-KNX,LOT-90900846,PKG-11401591,Contain Solution,2025-09-14,2026-03-28,Quarantined,SU-895612,Shipped
CT-7487-KNX,LOT-90900846,PKG-55467951,Contain Solution,2025-07-05,2026-03-28,Available,SU-930041,Shipped
CT-8872-GKR,LOT-92214561,PKG-14309275,Step Solution,2025-07-05,2027-10-18,Damaged,SU-140167,Delayed
CT-8872-GKR,LOT-92214561,PKG-71690950,Step Solution,2025-09-19,2027-10-18,Quarantined,SU-762942,Delivered
CT-8872-GKR,LOT-92214561,PKG-32609145,Step Solution,2025-09-05,2027-10-18,Available,SU-120757,Planning
CT-8872-GKR,LOT-92214561,PKG-85295712,Step Solution,2025-10-10,2027-10-18,Damaged,SU-965115,Delayed
CT-5806-JWO,LOT-89350866,PKG-90173416,Set Solution,2025-07-28,2025-02-07,Quarantined,SU-302891,Planning
CT-1816-RCG,LOT-73297905,PKG-51962744,Effort Capsule,2025-09-20,2027-10-04,Dispensed,SU-599250,Planning
CT-1816-RCG,LOT-73297905,PKG-24362342,Effort Capsule,2025-06-07,2027-10-04,Damaged,SU-431191,Delivered
CT-1816-RCG,LOT-73297905,PKG-90331973,Effort Capsule,2025-07-08,2027-10-04,Dispensed,SU-981405,Shipped
CT-1816-RCG,LOT-73297905,PKG-78123001,Effort Capsule,2025-08-14,2027-10-04,Damaged,SU-407834,Delayed
CT-9781-BYC,LOT-60226706,PKG-32411687,Compare Tablet,2025-05-29,2026-10-02,Dispensed,SU-878448,Delivered
CT-6910-RDE,LOT-16824774,PKG-49513230,Dog Patch,2025-08-14,2025-09-28,Available,SU-145892,Ready
CT-6910-RDE,LOT-16824774,PKG-21155534,Dog Patch,2025-05-23,2025-09-28,Dispensed,SU-605840,Shipped
CT-9781-BYC,LOT-76547161,PKG-26599374,Positive Injection,2025-10-03,2027-05-21,Damaged,SU-618096,Planning
CT-2004-PSX,LOT-39007987,PKG-45653153,Offer Tablet,2025-09-09,2027-02-22,Dispensed,SU-623925,Delayed
CT-2004-PSX,LOT-39007987,PKG-32077825,Offer Tablet,2025-09-22,2027-02-22,Damaged,SU-266935,Delayed
CT-9771-CZL,LOT-16473868,PKG-63287378,Us Solution,2025-05-26,2027-01-28,Dispensed,SU-223413,Planning
CT-9771-CZL,LOT-16473868,PKG-12852556,Us Solution,2025-08-11,2027-01-28,Quarantined,SU-772797,Shipped
CT-9771-CZL,LOT-16473868,PKG-99392837,Us Solution,2025-10-04,2027-01-28,Quarantined,SU-596298,Delayed
CT-9771-CZL,LOT-16473868,PKG-86177087,Us Solution,2025-07-28,2027-01-28,Damaged,SU-667458,Ready
CT-8015-GMQ,LOT-21570201,PKG-17827965,Memory Solution,2025-07-13,2026-12-22,Dispensed,SU-243376,Shipped
CT-8015-GMQ,LOT-21570201,PKG-97060845,Memory Solution,2025-08-28,2026-12-22,Dispensed,SU-123671,Shipped
CT-3636-AVP,LOT-27778437,PKG-96299870,Agency Injection,2025-10-08,2025-04-09,Damaged,SU-998747,Planning
CT-3636-AVP,LOT-27778437,PKG-37380412,Agency Injection,2025-05-23,2025-04-09,Available,SU-133658,Planning
CT-3636-AVP,LOT-27778437,PKG-10640111,Agency Injection,2025-07-03,2025-04-09,Damaged,SU-695426,Delivered
CT-7487-KNX,LOT-25529234,PKG-28914587,Contain Solution,2025-06-13,2025-04-14,Available,SU-519703,Shipped
CT-7487-KNX,LOT-25529234,PKG-57566149,Contain Solution,2025-05-20,2025-04-14,Available,SU-107613,Shipped
CT-7487-KNX,LOT-25529234,PKG-40241768,Contain Solution,2025-07-03,2025-04-14,Damaged,SU-557332,Ready
CT-9771-CZL,LOT-16473868,PKG-64340632,Us Solution,2025-06-06,2027-01-28,Quarantined,SU-913623,Shipped
CT-9771-CZL,LOT-16473868,PKG-35570653,Us Solution,2025-07-06,2027-01-28,Available,SU-127605,Shipped
CT-9771-CZL,LOT-16473868,PKG-82350983,Us Solution,2025-08-18,2027-01-28,Quarantined,SU-378266,Shipped
CT-9771-CZL,LOT-16473868,PKG-37303377,Us Solution,2025-09-01,2027-01-28,Available,SU-797033,Ready
CT-3395-UCM,LOT-30151730,PKG-63354435,Keep Capsule,2025-08-25,2027-03-31,Quarantined,SU-932548,Shipped
CT-6551-IBW,LOT-20749320,PKG-19145586,Cell Tablet,2025-08-17,2027-03-24,Quarantined,SU-893205,Shipped
