order_id,order_type,trial_alias,order_status,fing_batch,ly_number,fing_material,pcn,bom_item_category,bom_item_p,bom_item_b,bom_item_l,unit,order_quantity,single_panel_qty,booklet_panel_qty,package_form,qty_planned,qty_delivered,mrp_controller,purchase_document_number,mrp_group_desc,order_start_confirm,order_start_planned,planned_end_date,planned_enddate_qa_disposition_date,order_start_days_off,order_complete_days_off,order_delivery_day_off,start_delivery_date,booklet_label,plant,planned_or_process,plant_desc,operation_number,qa_disposition_date,date_of_last_change,recipe_id,supply_type,vendor_id,vendor_name,ud_change_date,ud_code,ud_code_use_date,teco_flag,shop_order,start_day_off,first_goods_receipt_date,delivery_type,deliver_date,actual_goods_issue_date,shared_across
C87DA7B5-D02,ZPP2,CT-6910-RDE,Completed,LOT-14364098,LY9925929,MAT-93657,PCN-31765,Employee,Simple,Decide,Can,EA,92,410,173,PK-312483,95,88,MRP-109,9913031787,G2 Commercial,Continue,2025-01-07,2025-02-18,2024-08-23,2,1,2024-05-21,2026-05-25,Garden,AP03,Man,AP03 Manufacturing,OP22,2023-12-26,2025-09-19,RC2943,Primary,V335644,Morales-Perez Pharma,2026-06-22,hb-9140,2024-05-29,No,SO-983494,2024-01-17,2025-01-24,Standard,2025-02-13,2025-01-20,Study Only
502EC192-A84,ZPP2,CT-3472-PNG,Released,LOT-59019698,LY8394502,MAT-22152,PCN-92052,Growth,Matter,Organization,Program,EA,63,119,496,PK-423070,58,58,MRP-129,2522569202,G1 Clinical,Job,2025-05-11,2025-06-15,2025-03-30,27,9,2026-05-03,2025-08-17,Ready,US01,Option,US01 Manufacturing,OP54,2026-03-20,2025-12-17,RC2142,Backup,V924475,"Reese, Castaneda and Schwartz Pharma",2026-10-16,OX-0674,2026-09-16,No,SO-463380,2026-02-18,2025-05-22,Standard,2025-06-06,2025-05-21,Global
D30AB6AE-A77,ZPP2,CT-8970-PLO,In Progress,LOT-91814441,LY1677238,MAT-85304,PCN-36942,Near,Bad,Difference,A,EA,90,257,312,PK-856832,91,86,MRP-117,6815640373,G1 Clinical,Exist,2025-09-20,2025-10-30,2024-09-27,3,2,2025-05-04,2026-08-09,Low,AP03,Law,AP03 Manufacturing,OP95,2026-05-29,2024-03-06,RC8498,Primary,V622368,Castro-Skinner Pharma,2026-05-04,Cg-7613,2023-12-28,No,SO-598223,2026-01-10,2025-10-08,Express,2025-10-23,2025-10-10,Global
93E2AB3B-625,ZPP2,CT-6109-EDZ,Completed,LOT-17958339,LY9655969,MAT-86168,PCN-64436,Baby,Foot,Reach,Parent,EA,223,294,68,PK-289131,223,222,MRP-119,7131663435,G1 Clinical,Majority,2025-05-28,2025-07-11,2024-05-22,20,5,2025-12-10,2024-07-02,Ask,AP03,Store,AP03 Manufacturing,OP20,2026-02-02,2026-10-24,RC7755,Primary,V557334,Rose Inc Pharma,2024-03-20,Bw-2160,2024-08-08,No,SO-964584,2024-02-12,2025-06-17,Express,2025-07-02,2025-06-09,Study Only
49D908EC-D19,ZPP2,CT-8742-ECD,Closed,LOT-54560092,LY8080024,MAT-15875,PCN-34033,Trouble,Agree,Physical,Stage,EA,139,243,24,PK-699846,141,139,MRP-138,9922318067,G2 Commercial,Theory,2025-06-12,2025-07-17,2024-10-09,23,28,2026-04-24,2025-06-24,Night,EU02,Alone,EU02 Manufacturing,OP70,2024-10-01,2026-02-15,RC1734,Backup,V970386,Howe-Khan Pharma,2025-11-24,JW-3128,2025-03-29,Yes,SO-637607,2025-04-30,2025-07-01,Standard,2025-07-12,2025-06-25,Global
7F8EA55C-605,ZPP2,CT-6910-RDE,Created,LOT-79555656,LY2005433,MAT-33689,PCN-60386,Might,Wide,Town,Evidence,EA,140,108,407,PK-913037,137,137,MRP-116,1775723670,G1 Clinical,Put,2024-12-03,2025-01-18,2024-02-24,20,2,2026-03-26,2025-07-13,Security,EU02,Agent,EU02 Manufacturing,OP85,2025-02-16,2026-01-30,RC8281,Backup,V968991,Hopkins-Leblanc Pharma,2026-04-08,Xp-5377,2026-04-27,Yes,SO-426458,2024-04-29,2024-12-23,Standard,2025-01-03,2024-12-17,Global
AB2CA71A-47C,ZPP1,CT-5014-EEP,Created,LOT-35809899,LY9115720,MAT-39627,PCN-71715,Reality,Enough,Later,Conference,EA,262,305,458,PK-144518,265,259,MRP-123,7158511840,G2 Commercial,Mouth,2024-12-01,2025-01-11,2026-08-22,17,18,2026-09-18,2025-09-28,Side,LAT04,Cup,LAT04 Manufacturing,OP97,2025-10-01,2025-06-22,RC6058,Backup,V659954,Johnson-Scott Pharma,2024-01-12,ly-9093,2025-04-26,No,SO-956211,2025-12-15,2024-12-15,Standard,2025-01-01,2024-12-14,Study Only
EA3FBE37-E91,ZPP1,CT-2004-PSX,Completed,LOT-45953393,LY4176564,MAT-60599,PCN-29622,Upon,Today,Employee,Idea,EA,25,21,222,PK-857838,24,24,MRP-113,9481834403,G3 Pilot,Wonder,2025-01-22,2025-03-02,2024-11-30,14,12,2025-11-16,2024-09-10,Yeah,EU02,Energy,EU02 Manufacturing,OP92,2026-08-14,2024-02-08,RC1288,Primary,V969362,Walker-Patel Pharma,2025-12-14,vA-3206,2025-11-28,No,SO-744010,2026-04-04,2025-02-04,Standard,2025-02-11,2025-02-02,Study Only
C2863B49-6B7,ZPP2,CT-9831-IEW,Released,LOT-57874485,LY2824830,MAT-16078,PCN-64387,Guy,Find,Wrong,Author,EA,290,160,342,PK-287821,298,285,MRP-139,9542799610,G3 Pilot,Large,2025-03-07,2025-04-14,2026-08-04,25,27,2026-01-09,2025-06-04,Entire,LAT04,Nice,LAT04 Manufacturing,OP14,2026-10-31,2026-04-05,RC7884,Backup,V179483,Jones PLC Pharma,2025-01-21,Jm-9620,2024-01-13,Yes,SO-222191,2025-12-12,2025-03-19,Standard,2025-04-08,2025-03-16,Regional
7EA3E715-4EB,ZPP1,CT-7484-BIH,Created,LOT-31439488,LY8269208,MAT-66374,PCN-94140,Speak,Use,Look,Region,EA,31,313,3,PK-161395,31,27,MRP-135,4212272280,G3 Pilot,Free,2025-10-13,2025-12-02,2024-03-18,30,12,2026-06-01,2024-05-20,Though,AP03,White,AP03 Manufacturing,OP39,2023-11-22,2025-06-29,RC8211,Primary,V172910,Martin-Cameron Pharma,2024-03-10,wK-8339,2025-07-29,Yes,SO-778032,2024-06-27,2025-10-28,Standard,2025-11-21,2025-10-31,Study Only
F52B62BD-E91,ZDOM,CT-3395-UCM,Created,LOT-62442527,LY3486062,MAT-40706,PCN-86834,Foreign,Leave,Region,And,EA,122,388,186,PK-840671,118,121,MRP-103,9123967471,G1 Clinical,Economic,2025-04-16,2025-06-06,2024-09-09,5,9,2026-10-11,2024-10-14,Safe,US01,Indicate,US01 Manufacturing,OP16,2025-04-18,2024-12-31,RC1658,Backup,V432998,Ross PLC Pharma,2026-10-24,jX-4070,2026-04-03,No,SO-867323,2023-11-19,2025-05-02,Express,2025-05-18,2025-05-06,Study Only
D465FA61-668,ZPP2,CT-1696-SCY,Closed,LOT-46656333,LY7726303,MAT-78401,PCN-68394,Group,Glass,Live,Network,EA,197,349,66,PK-318312,205,193,MRP-103,7158037148,G1 Clinical,Officer,2025-02-12,2025-03-16,2025-06-15,10,4,2023-12-21,2024-07-21,Share,US01,Family,US01 Manufacturing,OP37,2025-05-29,2026-09-13,RC2766,Primary,V156800,Watson-Harris Pharma,2024-01-13,zG-8054,2026-09-01,No,SO-838919,2025-09-28,2025-02-28,Standard,2025-03-01,2025-02-24,Global
BAFF899E-7D4,ZDOM,CT-6592-IDY,Closed,LOT-66123852,LY4096230,MAT-49508,PCN-78836,Write,Letter,Than,Sign,EA,12,477,286,PK-119187,8,11,MRP-116,9472016249,G1 Clinical,Road,2024-11-04,2024-12-22,2024-08-31,22,23,2025-01-27,2025-12-26,Peace,LAT04,Forget,LAT04 Manufacturing,OP55,2024-04-08,2026-08-18,RC3597,Backup,V447288,Lewis-Maynard Pharma,2024-06-18,rU-4552,2024-05-05,Yes,SO-767038,2025-11-22,2024-11-23,Express,2024-12-08,2024-11-23,Study Only
082EC977-749,ZPP2,CT-3472-PNG,Closed,LOT-59019698,LY5658813,MAT-22152,PCN-30685,Collection,Training,Could,Always,EA,242,400,61,PK-964719,247,237,MRP-129,4312568223,G3 Pilot,Defense,2025-08-20,2025-10-07,2025-03-29,22,2,2026-10-21,2024-02-21,Cup,US01,List,US01 Manufacturing,OP19,2024-07-08,2024-03-25,RC7844,Backup,V736183,"Melendez, Warren and Sullivan Pharma",2024-12-12,Vt-2580,2024-03-12,Yes,SO-860490,2025-05-24,2025-09-06,Standard,2025-10-01,2025-09-07,Regional
1DE4A4D7-80D,ZPP2,CT-8742-ECD,Released,LOT-54560092,LY1552087,MAT-15875,PCN-44657,Economic,Need,Likely,Value,EA,171,279,491,PK-494710,173,169,MRP-138,7872932817,G1 Clinical,Camera,2025-10-08,2025-11-29,2026-06-25,19,4,2023-11-19,2025-07-28,Radio,EU02,Design,EU02 Manufacturing,OP60,2024-01-30,2025-07-30,RC1478,Primary,V632391,Carson Inc Pharma,2024-01-08,IT-1726,2025-08-25,Yes,SO-312648,2025-04-07,2025-10-26,Standard,2025-11-10,2025-10-23,Study Only
4FFC728A-450,ZPP2,CT-7487-KNX,In Progress,LOT-31152831,LY8976188,MAT-59372,PCN-69050,Together,International,Hotel,Girl,EA,23,52,493,PK-449143,22,19,MRP-126,7900198067,G3 Pilot,Call,2025-09-24,2025-10-22,2026-10-19,30,25,2024-05-07,2025-07-01,Daughter,US01,Cultural,US01 Manufacturing,OP21,2024-01-01,2026-01-02,RC7450,Primary,V564248,Fernandez-Hensley Pharma,2026-09-14,WC-9661,2024-08-18,Yes,SO-752249,2026-01-28,2025-10-04,Express,2025-10-15,2025-10-09,Regional
BE0807F8-705,ZPP2,CT-6551-IBW,Released,LOT-89806740,LY2304854,MAT-79992,PCN-26590,From,Say,Follow,View,EA,175,182,32,PK-897376,185,171,MRP-115,3376188239,G3 Pilot,Father,2025-03-27,2025-05-11,2026-02-23,4,12,2025-03-10,2026-05-17,People,EU02,Continue,EU02 Manufacturing,OP34,2024-10-31,2026-02-10,RC3249,Backup,V178919,Klein LLC Pharma,2026-06-28,Wj-1300,2025-02-17,Yes,SO-432452,2025-05-25,2025-04-13,Standard,2025-04-27,2025-04-10,Global
C863EED3-4DE,ZPP2,CT-9781-BYC,Created,LOT-91403277,LY9991166,MAT-31615,PCN-18014,Each,Benefit,Take,Station,EA,107,254,225,PK-822895,116,107,MRP-122,5767150076,G2 Commercial,Common,2025-02-13,2025-04-07,2026-10-09,8,12,2025-06-28,2025-09-02,Reason,EU02,End,EU02 Manufacturing,OP37,2026-09-02,2024-08-27,RC6480,Primary,V340406,Scott-Thomas Pharma,2025-12-06,By-0065,2024-10-25,Yes,SO-139301,2023-11-21,2025-02-26,Express,2025-03-26,2025-02-26,Regional
1591A2AC-D6F,ZPP2,CT-9831-IEW,Released,LOT-46257312,LY6578105,MAT-49651,PCN-98569,Institution,Bill,Behavior,Run,EA,16,170,171,PK-489753,13,14,MRP-112,9357894587,G1 Clinical,Six,2024-12-18,2025-01-31,2024-04-09,15,29,2025-10-05,2026-05-03,Anything,AP03,Forward,AP03 Manufacturing,OP25,2025-06-05,2026-09-25,RC9705,Backup,V670844,Brown-Graves Pharma,2025-04-08,FQ-3652,2025-05-01,No,SO-419633,2025-05-03,2025-01-04,Standard,2025-01-22,2024-12-31,Study Only
805781A7-E1A,ZPP1,CT-7484-BIH,Completed,LOT-26012891,LY8807714,MAT-66257,PCN-31687,Me,Difficult,Enter,Think,EA,229,459,116,PK-689925,234,228,MRP-133,7010085879,G1 Clinical,Car,2025-04-02,2025-05-11,2026-10-01,12,23,2025-08-15,2024-06-12,Effect,LAT04,Position,LAT04 Manufacturing,OP43,2024-03-29,2025-12-04,RC1004,Backup,V101162,Smith LLC Pharma,2024-02-10,tP-5228,2026-05-18,No,SO-829434,2025-01-13,2025-04-16,Express,2025-05-06,2025-04-15,Study Only
13D53FD1-2EA,ZPP2,CT-8742-ECD,In Progress,LOT-45571743,LY4794226,MAT-16848,PCN-21044,However,Term,Something,Sense,EA,20,255,22,PK-172461,24,18,MRP-106,7614252132,G3 Pilot,Knowledge,2025-09-14,2025-10-26,2026-04-12,28,20,2024-11-16,2026-04-21,Work,LAT04,Agreement,LAT04 Manufacturing,OP52,2026-04-22,2024-02-14,RC9457,Primary,V158514,Brown PLC Pharma,2025-06-28,QR-7265,2026-02-01,Yes,SO-871072,2025-12-22,2025-09-30,Express,2025-10-12,2025-10-01,Regional
354C0CEF-9FF,ZPP1,CT-3230-HFO,Completed,LOT-10539218,LY5136202,MAT-73628,PCN-88843,Order,Personal,Left,Whatever,EA,67,452,62,PK-123257,65,62,MRP-138,7239764711,G1 Clinical,Value,2025-03-07,2025-04-17,2025-03-03,18,22,2025-01-10,2026-03-22,Society,US01,Effort,US01 Manufacturing,OP50,2026-06-09,2024-12-19,RC8802,Backup,V290503,Gallegos Group Pharma,2024-03-21,SH-3068,2026-02-13,No,SO-614734,2024-02-25,2025-03-20,Standard,2025-04-03,2025-03-19,Study Only
48F49FFF-6F5,ZPP1,CT-8742-ECD,Released,LOT-61778837,LY2068947,MAT-15875,PCN-27489,Alone,Check,Street,Others,EA,79,477,23,PK-854183,74,77,MRP-138,6236302108,G1 Clinical,Data,2024-12-07,2025-01-14,2025-02-12,19,25,2024-11-04,2024-11-12,Current,EU02,Want,EU02 Manufacturing,OP76,2024-01-17,2026-02-10,RC2538,Backup,V286480,Chambers Group Pharma,2024-12-06,LI-2916,2024-03-30,Yes,SO-538236,2025-01-22,2024-12-20,Standard,2025-01-01,2024-12-17,Global
37399508-4AE,ZPP2,CT-2004-PSX,Closed,LOT-75185716,LY9735910,MAT-97442,PCN-83672,Cause,Capital,Such,When,EA,237,311,393,PK-758740,234,233,MRP-101,4962532383,G3 Pilot,Lawyer,2025-10-05,2025-11-11,2026-10-09,13,28,2024-03-12,2026-01-31,Near,EU02,Bed,EU02 Manufacturing,OP51,2024-10-29,2024-10-19,RC8837,Backup,V674175,Ramsey-Hernandez Pharma,2026-02-13,fM-6725,2023-11-26,Yes,SO-631159,2023-11-22,2025-10-25,Express,2025-11-01,2025-10-20,Regional
9CBEBD35-414,ZPP2,CT-8970-PLO,Created,LOT-24616505,LY4181902,MAT-86920,PCN-40270,Spring,Generation,Everything,Result,EA,190,427,470,PK-868662,187,187,MRP-105,5193254388,G1 Clinical,Significant,2025-03-10,2025-04-05,2025-09-15,24,15,2025-11-06,2024-02-06,Cultural,US01,Gas,US01 Manufacturing,OP71,2024-04-04,2024-03-12,RC8271,Primary,V661634,"Kent, Turner and Garcia Pharma",2024-07-21,tX-9413,2025-03-23,Yes,SO-226144,2026-10-05,2025-03-27,Express,2025-03-28,2025-03-21,Regional
0559EAA9-2EA,ZPP1,CT-6910-RDE,In Progress,LOT-34166590,LY7054835,MAT-22108,PCN-90501,History,Quite,Foreign,Country,EA,54,26,232,PK-835154,56,52,MRP-102,7245536160,G1 Clinical,Century,2025-03-19,2025-05-01,2024-06-09,2,26,2026-04-02,2026-07-29,Human,US01,Never,US01 Manufacturing,OP15,2023-12-31,2026-06-25,RC2423,Backup,V324977,Beck Inc Pharma,2024-03-08,jv-8174,2025-06-07,Yes,SO-131837,2025-01-05,2025-03-30,Standard,2025-04-24,2025-04-05,Study Only
AAD7229E-CD6,ZPP2,CT-8742-ECD,Created,LOT-83111741,LY2647164,MAT-47254,PCN-11612,Hour,Suddenly,Something,Professor,EA,212,418,200,PK-396904,211,209,MRP-136,2495324796,G1 Clinical,Simple,2024-12-10,2025-01-30,2024-03-05,13,13,2024-08-28,2025-09-21,Send,EU02,Control,EU02 Manufacturing,OP61,2024-01-21,2025-05-16,RC5787,Primary,V161824,Foster Ltd Pharma,2025-02-02,PE-2310,2024-10-10,Yes,SO-804586,2025-07-21,2024-12-26,Standard,2025-01-12,2024-12-19,Study Only
7ECBBF33-951,ZPP2,CT-3636-AVP,Closed,LOT-27778437,LY2901726,MAT-54383,PCN-71230,Effort,Someone,Economy,Entire,EA,98,346,323,PK-989767,103,96,MRP-108,2649215652,G2 Commercial,Already,2025-01-17,2025-02-25,2025-01-07,28,16,2024-05-22,2026-06-30,Information,EU02,Ask,EU02 Manufacturing,OP81,2026-02-11,2024-08-31,RC6673,Backup,V410587,"Gomez, Johnson and Stewart Pharma",2024-06-17,EF-2733,2025-04-14,No,SO-368965,2024-05-06,2025-01-25,Standard,2025-02-15,2025-01-26,Global
F892BADA-B88,ZPP2,CT-6551-IBW,In Progress,LOT-28144033,LY5808459,MAT-75647,PCN-39621,Close,Speech,All,Process,EA,177,264,139,PK-408378,172,176,MRP-124,7067243911,G3 Pilot,Mr,2025-07-02,2025-08-12,2025-04-29,3,14,2024-07-22,2026-02-13,Opportunity,EU02,Move,EU02 Manufacturing,OP56,2026-02-12,2024-10-21,RC1987,Backup,V296596,Johnson PLC Pharma,2025-04-22,tD-3460,2026-01-30,Yes,SO-249149,2024-12-28,2025-07-09,Standard,2025-07-23,2025-07-11,Study Only
216A0628-CE4,ZPP2,CT-8015-GMQ,Closed,LOT-49095565,LY3180391,MAT-74459,PCN-41509,Its,Direction,Bit,Ten,EA,268,398,335,PK-652874,268,266,MRP-114,9402113613,G1 Clinical,Serve,2025-06-10,2025-07-16,2025-07-23,25,25,2025-06-17,2023-12-18,Probably,US01,Church,US01 Manufacturing,OP36,2024-01-19,2024-05-20,RC8180,Primary,V846796,Welch Group Pharma,2023-12-11,XD-1282,2024-12-15,No,SO-330614,2026-07-17,2025-07-03,Standard,2025-07-05,2025-06-28,Global
661396B5-BE2,ZDOM,CT-3472-PNG,Released,LOT-36766763,LY4803523,MAT-22152,PCN-86064,Smile,Push,Road,Join,EA,269,53,393,PK-237197,267,269,MRP-129,6702715615,G3 Pilot,Mention,2025-05-08,2025-06-12,2025-10-18,1,29,2025-04-18,2024-03-07,Power,US01,Significant,US01 Manufacturing,OP49,2024-10-09,2025-04-26,RC2530,Primary,V666277,Watson-Brandt Pharma,2023-11-19,ba-6724,2024-07-11,No,SO-130597,2024-08-05,2025-05-21,Express,2025-05-24,2025-05-19,Global
C1EDEFA4-014,ZDOM,CT-3636-AVP,Completed,LOT-86551756,LY7566100,MAT-54383,PCN-20493,Culture,Land,Certainly,City,EA,237,298,277,PK-416974,235,233,MRP-108,8108200574,G2 Commercial,Certain,2025-10-25,2025-12-11,2024-03-01,5,13,2026-03-27,2026-08-07,Business,EU02,Hot,EU02 Manufacturing,OP77,2023-11-13,2026-06-15,RC6528,Primary,V165028,"Harvey, Goodwin and Phillips Pharma",2024-07-30,Yy-1728,2026-03-28,Yes,SO-458211,2025-06-15,2025-11-09,Express,2025-11-26,2025-11-06,Study Only
6779AAB3-F3B,ZPP2,CT-5014-EEP,Released,LOT-35809899,LY8838172,MAT-39627,PCN-82396,Why,Base,Right,Discover,EA,149,71,6,PK-829195,158,145,MRP-123,4571179066,G1 Clinical,Find,2025-07-30,2025-09-22,2024-08-24,16,3,2024-07-07,2025-05-26,Such,LAT04,Manage,LAT04 Manufacturing,OP85,2026-06-23,2026-01-07,RC9793,Primary,V262014,Manning and Sons Pharma,2025-02-26,vw-2047,2025-01-06,Yes,SO-190881,2025-12-03,2025-08-16,Express,2025-09-05,2025-08-12,Study Only
C39FF96A-D71,ZPP2,CT-5014-EEP,Released,LOT-27803441,LY6383499,MAT-53554,PCN-45371,Never,Democrat,Employee,Standard,EA,182,351,26,PK-449351,177,179,MRP-103,5339489712,G2 Commercial,Mention,2025-05-01,2025-05-27,2026-07-14,1,5,2026-03-12,2023-12-07,Popular,LAT04,Agency,LAT04 Manufacturing,OP54,2025-08-20,2026-04-09,RC4480,Backup,V583735,Hudson-Brown Pharma,2026-05-25,kj-9015,2025-06-12,Yes,SO-461776,2024-12-30,2025-05-21,Standard,2025-05-21,2025-05-19,Regional
23447E8F-F1B,ZPP1,CT-6551-IBW,Created,LOT-11280930,LY8801578,MAT-75647,PCN-98366,Blood,Off,Into,Race,EA,133,238,454,PK-731955,138,130,MRP-124,4194811553,G3 Pilot,Resource,2025-07-07,2025-08-12,2024-07-29,2,14,2024-11-14,2025-07-12,Whatever,EU02,Behind,EU02 Manufacturing,OP43,2025-03-12,2026-09-08,RC6608,Backup,V541867,"Ross, Ward and Stevenson Pharma",2024-12-07,Sp-4682,2025-05-25,Yes,SO-379941,2026-07-16,2025-07-19,Express,2025-07-26,2025-07-21,Regional
D620F7F5-660,ZDOM,CT-6592-IDY,Created,LOT-28252003,LY2227328,MAT-49508,PCN-27477,Director,He,Senior,Kid,EA,263,111,232,PK-720738,273,259,MRP-116,4136941879,G1 Clinical,However,2025-03-12,2025-04-21,2025-01-27,20,18,2024-12-23,2024-11-28,War,LAT04,Scene,LAT04 Manufacturing,OP51,2025-01-26,2025-12-02,RC7865,Primary,V839759,"Gutierrez, Sherman and Peterson Pharma",2025-12-15,CT-1317,2026-01-06,Yes,SO-364072,2026-01-07,2025-03-28,Standard,2025-04-16,2025-03-27,Study Only
9D1D8DAF-160,ZPP2,CT-6551-IBW,In Progress,LOT-89806740,LY5543216,MAT-79992,PCN-16924,Clear,Security,These,Song,EA,168,414,75,PK-930799,176,163,MRP-115,3412795102,G3 Pilot,Right,2024-12-09,2025-01-18,2025-04-17,24,28,2026-01-29,2026-01-04,Skill,EU02,Structure,EU02 Manufacturing,OP33,2025-12-27,2025-05-16,RC9838,Primary,V779435,Gomez-Cole Pharma,2024-11-27,KI-4980,2024-08-04,No,SO-206525,2024-03-06,2024-12-25,Express,2025-01-07,2024-12-30,Study Only
CCD65B39-FFB,ZPP1,CT-3228-ZKT,Created,LOT-38707248,LY3569832,MAT-58266,PCN-29609,Sit,Politics,Maybe,Later,EA,36,363,141,PK-298713,31,31,MRP-114,4344250050,G1 Clinical,Whatever,2024-12-01,2025-01-31,2025-07-19,29,26,2024-08-04,2025-04-07,Case,EU02,Fly,EU02 Manufacturing,OP41,2026-05-09,2025-12-05,RC2394,Primary,V803526,Gomez-Mejia Pharma,2024-08-04,Xz-8756,2025-03-07,No,SO-739325,2026-05-27,2024-12-16,Express,2025-01-13,2024-12-20,Global
D9F20807-A58,ZDOM,CT-1696-SCY,Created,LOT-46656333,LY5373779,MAT-78401,PCN-55419,Positive,Run,National,Local,EA,110,186,361,PK-501250,111,105,MRP-103,3023782638,G2 Commercial,Industry,2025-03-10,2025-04-07,2024-06-30,23,2,2024-01-07,2024-05-09,Law,US01,Total,US01 Manufacturing,OP34,2025-04-26,2026-09-26,RC3792,Backup,V442804,Dominguez-Hunter Pharma,2025-08-23,wE-4220,2026-10-11,Yes,SO-895851,2023-12-19,2025-03-24,Standard,2025-03-28,2025-03-20,Global
053A9347-DD8,ZPP2,CT-3636-AVP,Completed,LOT-41301239,LY3350586,MAT-46171,PCN-19081,Tend,Participant,Turn,Raise,EA,114,464,287,PK-250011,124,110,MRP-136,8742192722,G1 Clinical,Trial,2025-01-24,2025-03-02,2025-01-05,8,17,2024-12-30,2026-07-20,Physical,AP03,Power,AP03 Manufacturing,OP54,2024-08-25,2025-04-17,RC1562,Backup,V652584,Elliott-Green Pharma,2023-11-21,Lm-8818,2025-01-08,Yes,SO-471504,2024-10-22,2025-02-14,Express,2025-02-24,2025-02-11,Global
33A5606D-712,ZPP1,CT-6910-RDE,Released,LOT-34198332,LY5659407,MAT-22108,PCN-27271,Fall,Water,Source,Different,EA,254,192,137,PK-804472,260,252,MRP-102,6487233526,G3 Pilot,Operation,2025-05-03,2025-06-21,2025-03-17,16,25,2026-08-24,2024-03-11,Wear,US01,Camera,US01 Manufacturing,OP48,2025-02-21,2025-05-06,RC4183,Backup,V931471,"Jones, Brown and Kidd Pharma",2024-12-09,rc-2872,2026-10-08,Yes,SO-750322,2026-11-04,2025-05-17,Express,2025-06-16,2025-05-20,Global
EC2064DF-354,ZPP2,CT-9771-CZL,Released,LOT-83383410,LY5403222,MAT-22610,PCN-22279,Thousand,Success,Person,Unit,EA,230,446,76,PK-965208,227,229,MRP-108,5594264928,G2 Commercial,Father,2024-11-27,2024-12-26,2025-05-06,25,2,2025-10-10,2023-12-02,Manage,LAT04,Receive,LAT04 Manufacturing,OP97,2024-02-26,2025-04-09,RC1073,Primary,V549911,"Rhodes, Byrd and Simmons Pharma",2024-08-01,Wi-6090,2024-07-13,No,SO-455302,2026-04-03,2024-12-16,Express,2024-12-10,2024-12-10,Global
C061C212-E16,ZDOM,CT-3230-HFO,In Progress,LOT-32873081,LY9938067,MAT-73628,PCN-23767,Term,She,Week,Action,EA,291,49,470,PK-397361,301,288,MRP-138,6625119073,G1 Clinical,Natural,2025-08-09,2025-09-16,2025-01-30,18,23,2025-12-22,2023-12-31,According,US01,Street,US01 Manufacturing,OP20,2024-12-09,2025-12-01,RC9359,Backup,V485908,"Malone, Pratt and Smith Pharma",2024-06-15,ZD-8153,2026-10-09,Yes,SO-871954,2026-02-05,2025-09-01,Standard,2025-08-30,2025-08-27,Study Only
333F654A-085,ZPP2,CT-7487-KNX,Closed,LOT-31152831,LY4436905,MAT-59372,PCN-90943,Have,About,Hear,Cup,EA,45,326,433,PK-772304,43,42,MRP-126,4190146286,G1 Clinical,Take,2025-07-14,2025-08-24,2026-09-12,29,9,2024-04-04,2026-07-07,Firm,US01,Foot,US01 Manufacturing,OP63,2024-02-15,2026-10-19,RC5293,Primary,V945186,Griffith Ltd Pharma,2024-03-17,oi-6151,2025-07-23,Yes,SO-784284,2024-05-12,2025-07-24,Express,2025-08-06,2025-07-26,Global
91976714-574,ZDOM,CT-6910-RDE,Created,LOT-34198332,LY3145764,MAT-22108,PCN-77449,Foreign,Watch,Only,Explain,EA,235,282,94,PK-817846,240,232,MRP-102,1023734342,G3 Pilot,Remain,2025-07-11,2025-09-03,2026-08-04,29,7,2024-12-24,2026-07-05,Up,US01,Character,US01 Manufacturing,OP67,2026-09-21,2026-10-08,RC5382,Primary,V111536,"Lawrence, Wright and Kidd Pharma",2026-01-31,EE-8154,2026-10-09,Yes,SO-126850,2025-12-13,2025-08-01,Express,2025-08-14,2025-07-30,Study Only
43A721B6-D4D,ZPP1,CT-8872-GKR,Released,LOT-60549611,LY5726068,MAT-66331,PCN-84367,Score,Country,Although,Billion,EA,248,429,11,PK-177826,246,244,MRP-111,5059237352,G2 Commercial,Type,2025-09-15,2025-10-23,2024-07-24,22,30,2025-07-23,2026-03-30,Clearly,LAT04,Size,LAT04 Manufacturing,OP42,2026-04-22,2026-04-25,RC3924,Primary,V992138,Lopez-Williams Pharma,2025-02-21,xa-7054,2026-09-01,Yes,SO-709255,2025-06-06,2025-10-04,Express,2025-10-13,2025-09-28,Global
CDED8377-18B,ZDOM,CT-3472-PNG,In Progress,LOT-14377768,LY4064120,MAT-45907,PCN-56456,So,General,Yeah,Administration,EA,186,98,19,PK-262236,189,181,MRP-115,5066648986,G2 Commercial,Better,2025-06-23,2025-08-16,2024-12-17,11,18,2025-08-27,2023-11-26,Consumer,LAT04,Include,LAT04 Manufacturing,OP82,2024-09-08,2024-03-25,RC8653,Primary,V406381,Sullivan PLC Pharma,2024-12-08,Um-2532,2026-02-27,No,SO-166130,2026-04-28,2025-07-10,Express,2025-07-29,2025-07-02,Regional
E1DECF3D-AD6,ZPP1,CT-7487-KNX,Closed,LOT-17450919,LY9722544,MAT-18458,PCN-67012,Animal,Risk,Trade,Want,EA,202,382,278,PK-647666,201,202,MRP-102,7311242560,G1 Clinical,Probably,2025-03-08,2025-04-30,2025-05-06,20,6,2025-04-03,2026-01-13,Hope,EU02,Difficult,EU02 Manufacturing,OP68,2026-03-13,2024-09-16,RC5482,Backup,V409017,Fox Inc Pharma,2024-10-16,PG-7044,2026-02-14,No,SO-211482,2026-07-17,2025-03-23,Standard,2025-04-16,2025-03-20,Study Only
F5EA0FB0-86D,ZDOM,CT-3230-HFO,Closed,LOT-32873081,LY9522592,MAT-73628,PCN-40542,Dog,Threat,Sister,Break,EA,148,250,295,PK-370438,155,146,MRP-138,1503297124,G3 Pilot,Take,2025-03-22,2025-04-26,2026-04-07,4,10,2026-03-27,2026-06-09,Hair,US01,Herself,US01 Manufacturing,OP90,2026-07-28,2024-12-25,RC1163,Primary,V598922,"Roberts, Franco and Rice Pharma",2026-05-19,gM-7007,2025-11-22,No,SO-399791,2024-02-11,2025-04-06,Standard,2025-04-18,2025-04-08,Global
A66ABC3D-ED8,ZPP1,CT-9831-IEW,In Progress,LOT-46257312,LY7322964,MAT-49651,PCN-88678,Own,Trouble,Player,Party,EA,172,60,218,PK-167294,176,171,MRP-112,9452795218,G1 Clinical,Central,2025-10-08,2025-11-09,2026-04-14,6,16,2026-09-21,2025-04-01,Baby,AP03,Sit,AP03 Manufacturing,OP29,2025-07-04,2024-10-11,RC7112,Primary,V696842,Johnson LLC Pharma,2023-12-15,Lg-7576,2025-02-05,No,SO-773929,2025-10-15,2025-10-21,Express,2025-10-22,2025-10-19,Regional
95696318-323,ZPP2,CT-3228-ZKT,Created,LOT-63418468,LY4075779,MAT-61362,PCN-80520,Foot,Full,Provide,Response,EA,123,295,345,PK-637404,130,123,MRP-134,2511724141,G3 Pilot,Minute,2024-12-23,2025-02-16,2025-02-13,5,24,2025-07-09,2025-07-10,Election,US01,Stand,US01 Manufacturing,OP51,2025-04-28,2025-08-10,RC1437,Primary,V770239,Ward Inc Pharma,2026-03-23,Ph-7032,2026-03-11,Yes,SO-419576,2026-06-13,2025-01-11,Standard,2025-01-30,2025-01-07,Study Only
A7AEB7DC-2CF,ZPP1,CT-5014-EEP,In Progress,LOT-29384973,LY8960368,MAT-53554,PCN-79677,Daughter,Responsibility,Take,Sign,EA,208,14,115,PK-213463,207,207,MRP-103,3887754615,G2 Commercial,Political,2025-07-07,2025-08-09,2025-04-19,4,28,2025-09-06,2024-08-27,They,LAT04,Future,LAT04 Manufacturing,OP65,2024-11-30,2024-09-27,RC9948,Primary,V536902,"Holland, Clarke and Baird Pharma",2026-08-24,HE-0478,2025-03-16,Yes,SO-636590,2025-02-14,2025-07-16,Standard,2025-07-21,2025-07-22,Global
D4D67F91-29D,ZDOM,CT-9831-IEW,Released,LOT-82476241,LY7996053,MAT-16078,PCN-79505,Picture,Reason,Nothing,Direction,EA,98,145,500,PK-787444,100,96,MRP-139,5019225150,G3 Pilot,House,2025-02-18,2025-04-06,2025-03-28,27,5,2025-01-06,2026-05-09,New,LAT04,Exist,LAT04 Manufacturing,OP98,2025-11-07,2024-12-15,RC3114,Primary,V964130,Lee LLC Pharma,2026-06-24,kO-8797,2024-06-22,No,SO-224144,2024-06-03,2025-03-05,Express,2025-03-24,2025-02-28,Study Only
06816510-E5D,ZDOM,CT-8970-PLO,Closed,LOT-43759862,LY1266319,MAT-84265,PCN-98594,Scene,Media,Above,Above,EA,98,430,121,PK-952872,99,94,MRP-137,8940575719,G1 Clinical,Father,2025-07-24,2025-09-02,2026-06-23,24,12,2024-09-24,2025-01-03,What,EU02,Republican,EU02 Manufacturing,OP67,2026-03-26,2025-01-15,RC5669,Primary,V836988,"Stevens, Clark and Chavez Pharma",2024-08-07,Gw-9596,2025-05-29,No,SO-491640,2025-05-16,2025-08-12,Express,2025-08-20,2025-08-05,Regional
1466B603-499,ZPP1,CT-8015-GMQ,Released,LOT-23670572,LY6470950,MAT-91309,PCN-62138,Century,Challenge,Series,Leg,EA,229,218,429,PK-152801,225,224,MRP-118,4728535456,G2 Commercial,Former,2024-11-27,2025-01-10,2024-09-07,11,18,2024-10-04,2024-09-24,Face,LAT04,Happy,LAT04 Manufacturing,OP51,2025-05-10,2025-08-14,RC9312,Primary,V140839,Herman LLC Pharma,2024-08-26,SH-8500,2026-07-26,Yes,SO-461981,2025-12-26,2024-12-06,Standard,2024-12-23,2024-12-08,Global
092A544D-1B7,ZPP1,CT-9781-BYC,Completed,LOT-37532398,LY3568692,MAT-98864,PCN-16741,Recognize,Western,Five,City,EA,282,409,1,PK-664520,290,280,MRP-119,6096204812,G2 Commercial,Development,2025-03-01,2025-04-12,2025-10-05,4,10,2023-11-24,2024-04-27,Generation,AP03,Member,AP03 Manufacturing,OP20,2025-02-20,2026-09-25,RC4314,Backup,V786892,George-Henderson Pharma,2026-10-03,XR-6553,2023-11-19,Yes,SO-123137,2025-11-08,2025-03-13,Express,2025-03-24,2025-03-14,Regional
D991D9F7-CFE,ZPP1,CT-7487-KNX,Released,LOT-70758392,LY4411735,MAT-56157,PCN-49414,Few,Hotel,Southern,Black,EA,206,131,45,PK-567216,215,203,MRP-116,6233550564,G1 Clinical,Finish,2025-07-03,2025-08-27,2024-06-15,9,30,2025-11-25,2025-08-21,Miss,EU02,Social,EU02 Manufacturing,OP32,2024-10-19,2026-04-14,RC8208,Backup,V684959,Leblanc-Ward Pharma,2026-02-06,su-6999,2024-08-07,Yes,SO-184754,2024-06-26,2025-07-23,Express,2025-08-10,2025-07-24,Regional
79E2FD5B-55E,ZDOM,CT-8742-ECD,Created,LOT-97576608,LY6280746,MAT-47140,PCN-35393,Detail,Deep,Practice,Keep,EA,37,118,411,PK-505892,42,32,MRP-111,5710989289,G1 Clinical,Enough,2025-10-09,2025-11-01,2026-01-22,3,6,2024-05-01,2024-12-21,Yet,US01,Agent,US01 Manufacturing,OP91,2024-09-12,2024-11-01,RC5978,Primary,V596652,Scott LLC Pharma,2025-08-29,Dd-6940,2024-10-24,Yes,SO-267533,2024-10-24,2025-10-24,Standard,2025-10-23,2025-10-22,Regional
B8C67610-950,ZPP2,CT-9771-CZL,Released,LOT-83383410,LY1165054,MAT-22610,PCN-65189,Oil,Plan,Player,Travel,EA,259,337,14,PK-526852,257,259,MRP-108,4480060077,G3 Pilot,Clearly,2025-06-04,2025-08-01,2026-02-06,13,21,2025-06-20,2025-03-03,Recently,LAT04,Main,LAT04 Manufacturing,OP47,2024-05-23,2026-03-22,RC2836,Primary,V354768,Dixon Inc Pharma,2024-09-03,Vl-7608,2023-12-23,Yes,SO-530354,2024-10-05,2025-06-22,Standard,2025-07-12,2025-06-18,Global
9E01693A-016,ZPP1,CT-3472-PNG,Completed,LOT-89268420,LY5098310,MAT-84153,PCN-51373,Ago,Area,Building,Process,EA,250,479,163,PK-422544,247,250,MRP-118,2182922465,G2 Commercial,Attention,2025-07-16,2025-08-20,2025-02-18,30,16,2023-12-26,2024-05-31,Try,US01,None,US01 Manufacturing,OP48,2025-03-20,2025-01-07,RC5016,Primary,V291970,"Lawrence, Thomas and Williams Pharma",2025-09-25,Gq-0042,2026-10-08,Yes,SO-994044,2024-04-02,2025-07-27,Express,2025-08-11,2025-07-27,Regional
6C1C5C9C-E11,ZDOM,CT-5806-JWO,Closed,LOT-26730959,LY9431912,MAT-81584,PCN-84777,Yeah,Yeah,To,Television,EA,21,161,351,PK-202964,17,21,MRP-136,6403153807,G2 Commercial,Research,2025-07-26,2025-09-04,2024-11-08,14,20,2024-07-20,2025-06-23,Tv,US01,Never,US01 Manufacturing,OP26,2026-08-07,2026-01-15,RC4144,Backup,V366606,Wells-Walsh Pharma,2025-10-28,tI-1342,2025-09-19,No,SO-788294,2026-01-28,2025-08-06,Standard,2025-08-19,2025-08-06,Regional
43F442CA-654,ZPP1,CT-7487-KNX,Closed,LOT-31152831,LY7811742,MAT-59372,PCN-70645,Research,Pattern,Agree,White,EA,291,270,235,PK-252132,288,289,MRP-126,9226128762,G3 Pilot,Away,2025-01-20,2025-02-14,2025-12-27,20,30,2025-12-22,2024-12-31,Central,US01,Line,US01 Manufacturing,OP98,2024-07-06,2025-11-03,RC7233,Backup,V837828,Mccormick-Martinez Pharma,2024-05-09,TS-4873,2024-03-13,No,SO-147171,2024-10-13,2025-02-01,Express,2025-02-02,2025-01-31,Study Only
19165D8C-A56,ZPP2,CT-5806-JWO,Created,LOT-26730959,LY4694640,MAT-81584,PCN-61721,Region,Option,Side,Section,EA,119,25,406,PK-666795,129,118,MRP-136,9275209647,G3 Pilot,Party,2025-01-08,2025-02-19,2024-09-21,30,2,2025-03-02,2025-05-13,Point,US01,Speak,US01 Manufacturing,OP46,2026-10-25,2025-02-12,RC8185,Backup,V944919,Miller LLC Pharma,2023-12-19,hV-3575,2025-01-24,Yes,SO-631868,2026-01-11,2025-01-18,Standard,2025-02-08,2025-01-17,Regional
84747643-3B7,ZPP1,CT-5014-EEP,Created,LOT-35809899,LY4840901,MAT-39627,PCN-62087,Those,Box,Design,Education,EA,27,255,241,PK-147412,29,27,MRP-123,8224488868,G3 Pilot,Interesting,2025-09-09,2025-10-13,2025-06-13,2,2,2026-09-20,2023-11-14,Whatever,LAT04,Range,LAT04 Manufacturing,OP96,2025-03-28,2023-12-02,RC6322,Backup,V645502,Cruz-French Pharma,2026-04-14,Sr-0633,2024-09-09,No,SO-785711,2023-11-17,2025-09-20,Standard,2025-10-07,2025-09-22,Regional
1237E7EE-E08,ZDOM,CT-5014-EEP,Created,LOT-27803441,LY2810416,MAT-53554,PCN-83052,Central,House,Letter,Social,EA,30,194,305,PK-764677,29,29,MRP-103,6711726889,G1 Clinical,There,2025-03-19,2025-04-26,2024-09-10,4,22,2023-12-11,2024-03-30,Bag,LAT04,Arm,LAT04 Manufacturing,OP65,2024-09-06,2024-04-25,RC9029,Primary,V461816,Huynh Group Pharma,2026-06-10,Ch-8738,2026-02-25,Yes,SO-866371,2026-01-01,2025-04-02,Express,2025-04-12,2025-03-28,Study Only
423FCCAC-9C3,ZPP1,CT-3395-UCM,Released,LOT-62442527,LY7022547,MAT-40706,PCN-32514,Year,Affect,Hand,Recent,EA,38,62,270,PK-265861,41,33,MRP-103,3539950106,G1 Clinical,Follow,2024-12-02,2025-01-03,2025-12-02,11,11,2025-04-23,2024-07-12,Around,US01,Network,US01 Manufacturing,OP71,2025-08-19,2024-08-19,RC5398,Primary,V418321,Zavala-Wiley Pharma,2024-04-07,VL-0832,2023-12-18,Yes,SO-512864,2026-04-25,2024-12-18,Express,2024-12-20,2024-12-15,Global
9313CC9E-3F2,ZDOM,CT-4229-AWU,Closed,LOT-12068529,LY6049848,MAT-47986,PCN-18759,Cost,Stand,Me,Thought,EA,61,77,1,PK-618075,61,58,MRP-130,3817961698,G2 Commercial,Pretty,2024-12-01,2025-01-11,2025-04-29,19,13,2024-11-27,2024-04-17,Network,AP03,Finally,AP03 Manufacturing,OP19,2025-08-05,2025-04-09,RC3773,Backup,V424505,"Jones, Price and Kim Pharma",2024-02-28,nr-9132,2024-07-01,No,SO-662441,2024-11-16,2024-12-16,Express,2025-01-06,2024-12-21,Regional
6EDC0958-393,ZDOM,CT-7047-GQC,Released,LOT-66613397,LY7487286,MAT-18097,PCN-76808,Hot,Policy,Able,Spend,EA,189,100,362,PK-671149,184,187,MRP-114,8073572177,G3 Pilot,Ten,2025-01-15,2025-02-20,2025-10-20,25,2,2024-01-24,2024-11-08,Mind,AP03,Another,AP03 Manufacturing,OP47,2024-11-24,2025-03-20,RC7009,Primary,V928923,Andrews-Hudson Pharma,2025-04-23,Kj-6298,2024-10-09,Yes,SO-427448,2024-12-12,2025-02-06,Express,2025-02-13,2025-01-30,Global
3927BB78-AC5,ZDOM,CT-6592-IDY,In Progress,LOT-69596629,LY9819439,MAT-49508,PCN-62608,Figure,Around,Show,Near,EA,233,417,245,PK-908954,243,228,MRP-116,5471639154,G2 Commercial,Student,2025-03-14,2025-04-08,2023-12-11,9,10,2024-06-22,2025-09-16,Sort,LAT04,Nothing,LAT04 Manufacturing,OP40,2025-03-14,2026-07-19,RC4292,Backup,V674661,Proctor and Sons Pharma,2025-08-21,Du-2171,2026-05-05,No,SO-482806,2024-09-16,2025-03-31,Express,2025-04-01,2025-03-25,Regional
71D8D50F-7AE,ZPP1,CT-9831-IEW,Closed,LOT-26376337,LY1546492,MAT-33775,PCN-26037,Such,Collection,Majority,Rather,EA,195,42,136,PK-718960,197,195,MRP-113,5983296403,G1 Clinical,Learn,2025-06-14,2025-08-05,2026-05-16,19,30,2026-01-22,2025-01-21,Travel,LAT04,Service,LAT04 Manufacturing,OP94,2024-12-08,2026-03-24,RC1074,Backup,V778895,Velazquez Group Pharma,2025-08-05,SB-0217,2024-02-10,No,SO-741985,2024-09-29,2025-07-01,Express,2025-07-24,2025-07-04,Global
16279966-43F,ZPP2,CT-3230-HFO,Completed,LOT-58463446,LY4886175,MAT-54713,PCN-37283,Arrive,Car,Recently,Raise,EA,154,213,389,PK-455281,158,153,MRP-134,3004639710,G3 Pilot,State,2024-11-20,2024-12-28,2024-06-18,29,4,2026-10-01,2024-09-12,Behavior,AP03,Suggest,AP03 Manufacturing,OP76,2024-03-16,2024-11-26,RC4549,Backup,V513362,Matthews LLC Pharma,2024-06-30,ws-2666,2025-09-15,No,SO-725528,2025-07-01,2024-12-02,Standard,2024-12-20,2024-12-03,Study Only
3B0FDA9F-884,ZPP2,CT-9831-IEW,In Progress,LOT-82476241,LY1978128,MAT-16078,PCN-21630,Picture,Prevent,With,Public,EA,253,468,212,PK-798087,254,250,MRP-139,2135679635,G1 Clinical,Cup,2025-07-20,2025-08-29,2026-02-13,2,7,2026-04-10,2025-03-24,Rest,LAT04,See,LAT04 Manufacturing,OP60,2026-02-19,2025-04-30,RC6787,Backup,V183836,"Roberts, Hill and Brewer Pharma",2025-03-19,pS-8737,2025-07-17,Yes,SO-946312,2026-03-17,2025-08-03,Standard,2025-08-18,2025-08-02,Study Only
A7510327-2D1,ZPP1,CT-3636-AVP,Created,LOT-27778437,LY6174712,MAT-54383,PCN-71729,Best,Together,Window,Difference,EA,168,288,316,PK-474645,167,164,MRP-108,8118027227,G1 Clinical,Something,2025-05-16,2025-06-19,2025-08-26,25,16,2026-05-13,2025-07-31,Much,EU02,Law,EU02 Manufacturing,OP93,2025-10-10,2023-11-15,RC1259,Backup,V289245,Hoffman-Perry Pharma,2023-11-23,Eh-5090,2024-04-04,Yes,SO-937817,2024-04-18,2025-05-24,Standard,2025-06-02,2025-05-26,Global
CE77A960-CDA,ZPP1,CT-7047-GQC,Completed,LOT-73100049,LY2446003,MAT-58634,PCN-58787,Beautiful,Course,Color,Eat,EA,283,8,382,PK-794625,282,283,MRP-109,9262005068,G2 Commercial,Small,2025-04-15,2025-05-19,2026-02-02,26,16,2025-01-01,2025-05-03,Kind,EU02,Challenge,EU02 Manufacturing,OP40,2026-05-21,2024-03-14,RC5545,Backup,V802989,Martin-Avila Pharma,2024-02-27,qr-7617,2024-01-09,Yes,SO-597725,2026-01-24,2025-04-30,Standard,2025-05-12,2025-04-28,Global
13D23ECC-032,ZDOM,CT-4229-AWU,Closed,LOT-85774109,LY8215858,MAT-22354,PCN-34978,Attorney,Special,Light,Cell,EA,258,419,298,PK-997417,264,256,MRP-135,9744752250,G1 Clinical,Girl,2025-09-14,2025-10-22,2025-10-06,12,2,2025-12-03,2024-04-30,Pm,LAT04,Many,LAT04 Manufacturing,OP78,2024-08-28,2025-03-13,RC9052,Backup,V194324,Bush-Hernandez Pharma,2024-07-29,LN-9936,2024-05-21,Yes,SO-303684,2024-11-02,2025-09-22,Express,2025-10-02,2025-09-22,Global
DB096D51-BDC,ZPP2,CT-3228-ZKT,Closed,LOT-63567190,LY9051758,MAT-30703,PCN-15255,Speech,Cause,Only,Try,EA,216,49,147,PK-999770,219,214,MRP-124,6835952350,G3 Pilot,Eight,2025-09-20,2025-11-02,2025-09-21,17,26,2026-04-27,2025-07-13,Never,AP03,Night,AP03 Manufacturing,OP17,2026-05-27,2026-01-10,RC4221,Primary,V914028,"Steele, Skinner and Alexander Pharma",2025-11-29,RF-9618,2024-10-27,Yes,SO-564011,2024-08-05,2025-10-01,Standard,2025-10-25,2025-10-06,Global
5B47E6AA-FAF,ZDOM,CT-5014-EEP,Created,LOT-27803441,LY9074621,MAT-53554,PCN-51752,Dog,Similar,Manage,Lawyer,EA,220,220,140,PK-654188,224,220,MRP-103,6320653560,G2 Commercial,Issue,2025-08-12,2025-09-16,2026-05-13,21,11,2024-07-03,2026-09-28,Century,LAT04,Writer,LAT04 Manufacturing,OP48,2024-11-24,2026-07-16,RC9221,Primary,V504081,Williams and Sons Pharma,2023-11-21,Lh-4181,2024-06-06,Yes,SO-660883,2026-05-19,2025-09-02,Standard,2025-09-05,2025-08-28,Study Only
ECA8CBD1-E04,ZDOM,CT-6551-IBW,In Progress,LOT-34574127,LY1141666,MAT-79992,PCN-48504,Whom,Raise,Tree,Picture,EA,299,427,263,PK-423340,302,298,MRP-115,2417381348,G3 Pilot,Trade,2024-11-04,2024-12-22,2024-09-02,4,26,2024-02-17,2026-11-11,Decade,EU02,Dinner,EU02 Manufacturing,OP96,2024-04-04,2026-07-11,RC3906,Backup,V355576,"Thomas, Meza and Wright Pharma",2025-01-13,Zy-7910,2026-03-24,Yes,SO-158820,2024-04-26,2024-11-20,Express,2024-12-14,2024-11-20,Study Only
D5E639AD-82A,ZPP2,CT-7487-KNX,Released,LOT-31152831,LY4980581,MAT-59372,PCN-96082,Many,Soldier,Strategy,Wind,EA,251,105,32,PK-445562,252,251,MRP-126,1745843004,G1 Clinical,Hundred,2025-05-06,2025-06-09,2024-05-14,22,5,2024-01-17,2024-02-16,Enough,US01,Few,US01 Manufacturing,OP44,2025-02-22,2026-05-15,RC4459,Backup,V675202,Jones-Thompson Pharma,2025-11-11,lh-3941,2023-12-27,No,SO-483145,2026-08-20,2025-05-18,Standard,2025-05-22,2025-05-14,Study Only
7C05434F-BD5,ZPP1,CT-2004-PSX,In Progress,LOT-75185716,LY8562346,MAT-97442,PCN-62429,Available,Until,It,A,EA,78,221,316,PK-319068,88,74,MRP-101,1491454640,G1 Clinical,Theory,2025-02-21,2025-03-24,2024-06-04,30,6,2025-03-07,2024-11-21,This,EU02,Away,EU02 Manufacturing,OP28,2026-07-30,2025-03-05,RC3793,Primary,V896418,"Duarte, Delgado and Clark Pharma",2024-12-15,aR-7531,2025-04-12,Yes,SO-714867,2024-03-13,2025-03-07,Express,2025-03-16,2025-03-07,Study Only
75038E9B-BA2,ZPP1,CT-3395-UCM,Completed,LOT-30151730,LY9633578,MAT-40706,PCN-24762,Size,Figure,Safe,Computer,EA,90,455,450,PK-321629,94,88,MRP-103,1063982172,G3 Pilot,Nation,2024-11-11,2025-01-04,2024-04-18,17,14,2024-01-28,2024-04-06,Score,US01,Time,US01 Manufacturing,OP62,2026-04-14,2023-12-13,RC2491,Backup,V891108,"Mitchell, Lopez and Hughes Pharma",2024-10-27,MI-3472,2024-01-16,No,SO-194522,2026-05-08,2024-11-28,Standard,2024-12-21,2024-11-27,Study Only
60F22C34-AA2,ZDOM,CT-5014-EEP,In Progress,LOT-35809899,LY9613831,MAT-39627,PCN-16004,Car,Believe,Job,Learn,EA,197,347,347,PK-221315,197,195,MRP-123,1025698816,G2 Commercial,Number,2025-10-16,2025-12-02,2024-02-09,11,24,2025-01-14,2025-08-03,Marriage,LAT04,House,LAT04 Manufacturing,OP81,2024-06-29,2025-04-16,RC5093,Backup,V164701,Wilson LLC Pharma,2024-07-22,fU-8015,2025-03-03,Yes,SO-139164,2024-09-17,2025-10-25,Express,2025-11-13,2025-10-25,Study Only
44597FDE-ED2,ZDOM,CT-2004-PSX,Completed,LOT-39555641,LY4712347,MAT-32011,PCN-86665,Or,Itself,Whole,Protect,EA,104,397,340,PK-452460,104,103,MRP-134,1206000507,G3 Pilot,Might,2025-06-08,2025-07-19,2025-09-22,3,8,2024-07-08,2024-02-26,Nor,EU02,Better,EU02 Manufacturing,OP96,2024-10-28,2024-08-06,RC3784,Backup,V835632,"Bass, Ramirez and Brown Pharma",2024-04-25,qb-6640,2025-02-22,Yes,SO-879805,2025-08-03,2025-06-20,Express,2025-07-07,2025-06-22,Global
9853B6AB-C01,ZPP1,CT-6109-EDZ,Released,LOT-70811881,LY1756545,MAT-86168,PCN-49080,Commercial,Public,Build,Civil,EA,270,2,308,PK-294813,273,269,MRP-119,8839644778,G2 Commercial,Security,2025-06-16,2025-07-28,2025-02-22,17,17,2024-05-03,2025-05-28,Foreign,AP03,Support,AP03 Manufacturing,OP30,2024-11-27,2025-04-21,RC2138,Backup,V503242,"Reynolds, Taylor and Becker Pharma",2025-12-28,Vr-1871,2024-11-24,No,SO-442078,2024-03-02,2025-06-28,Express,2025-07-14,2025-06-24,Global
2D1D3AF0-A99,ZDOM,CT-8015-GMQ,Released,LOT-21570201,LY1766747,MAT-74459,PCN-54722,Discussion,Current,Fund,Animal,EA,269,256,489,PK-325446,265,267,MRP-114,4501006910,G3 Pilot,Yeah,2025-09-22,2025-10-27,2026-06-03,17,3,2026-10-29,2025-07-01,Report,US01,Still,US01 Manufacturing,OP21,2024-10-26,2026-05-29,RC8207,Backup,V881846,Taylor Ltd Pharma,2025-11-18,Ya-1252,2025-03-27,No,SO-383988,2024-07-24,2025-10-11,Standard,2025-10-20,2025-10-08,Global
19B119B0-986,ZPP1,CT-2004-PSX,In Progress,LOT-32180264,LY3129519,MAT-60599,PCN-46623,Include,During,Professor,Energy,EA,111,50,56,PK-830161,111,107,MRP-113,1581244871,G2 Commercial,Important,2025-06-21,2025-07-26,2026-01-01,11,24,2024-06-19,2024-04-12,See,EU02,Deep,EU02 Manufacturing,OP90,2026-02-05,2024-07-25,RC6921,Backup,V155706,Thompson-Salinas Pharma,2025-08-21,ka-4244,2025-09-09,Yes,SO-694608,2025-03-22,2025-07-05,Standard,2025-07-11,2025-07-03,Regional
8733D49D-751,ZDOM,CT-9781-BYC,Completed,LOT-27880910,LY6587180,MAT-98864,PCN-30429,Simply,Know,Plant,Relate,EA,88,400,308,PK-288851,84,85,MRP-119,1628134109,G1 Clinical,Market,2025-06-24,2025-08-15,2026-06-20,25,20,2024-05-07,2025-10-05,Large,AP03,Parent,AP03 Manufacturing,OP93,2025-07-24,2026-01-16,RC2113,Primary,V206960,Harris Group Pharma,2026-01-29,pY-7449,2024-06-16,No,SO-960280,2025-12-04,2025-07-10,Standard,2025-08-04,2025-07-16,Global
DC77B20F-464,ZDOM,CT-6109-EDZ,Created,LOT-49441641,LY3324158,MAT-86168,PCN-27466,Indeed,Himself,Kid,Western,EA,135,53,176,PK-735881,138,132,MRP-119,1882647458,G1 Clinical,Or,2025-04-26,2025-06-09,2024-06-11,21,14,2024-01-23,2025-04-11,Though,AP03,Visit,AP03 Manufacturing,OP46,2024-02-10,2025-03-28,RC7899,Backup,V830308,Martinez PLC Pharma,2023-11-29,Bc-9982,2024-06-14,Yes,SO-382466,2026-06-09,2025-05-04,Standard,2025-05-30,2025-05-09,Study Only
7BB74C9C-D85,ZPP2,CT-3395-UCM,Released,LOT-10817867,LY5893877,MAT-34899,PCN-58801,Couple,Always,Exist,Pm,EA,40,310,19,PK-394534,38,35,MRP-107,1011506597,G1 Clinical,Area,2025-03-23,2025-05-08,2026-06-30,6,24,2024-08-08,2024-02-19,Game,US01,Else,US01 Manufacturing,OP82,2026-03-14,2025-09-11,RC9825,Primary,V470745,Powell Group Pharma,2024-09-30,fB-8679,2024-08-23,Yes,SO-849132,2025-01-05,2025-04-06,Standard,2025-04-25,2025-04-02,Study Only
3FCA798E-FD6,ZPP1,CT-9781-BYC,Released,LOT-27880910,LY3891252,MAT-98864,PCN-92746,Thus,Never,Moment,Choice,EA,50,474,203,PK-980820,45,47,MRP-119,5472230410,G1 Clinical,Fast,2025-10-08,2025-11-22,2026-07-16,12,15,2025-06-23,2026-01-20,Mr,AP03,Chance,AP03 Manufacturing,OP39,2026-03-06,2025-04-05,RC6154,Primary,V824814,Torres PLC Pharma,2024-01-11,Go-8733,2026-08-03,No,SO-975437,2026-01-12,2025-10-23,Standard,2025-11-12,2025-10-20,Regional
B83CFAB5-B68,ZDOM,CT-1696-SCY,Closed,LOT-46656333,LY9910609,MAT-78401,PCN-86774,Space,Issue,Bag,Range,EA,260,198,289,PK-544657,265,255,MRP-103,5439751206,G2 Commercial,Population,2025-02-26,2025-04-27,2023-12-02,26,5,2024-06-03,2025-12-27,Certainly,US01,Then,US01 Manufacturing,OP71,2026-02-09,2024-05-21,RC6516,Backup,V470454,"Turner, Barnes and Blair Pharma",2026-10-28,nH-9497,2025-05-16,Yes,SO-392790,2025-12-26,2025-03-17,Standard,2025-04-07,2025-03-15,Study Only
6BF20FDB-A43,ZDOM,CT-8872-GKR,Closed,LOT-51166600,LY7053221,MAT-23246,PCN-98638,Probably,Today,Store,Main,EA,66,217,428,PK-289688,74,63,MRP-119,9424454536,G1 Clinical,Shake,2025-03-27,2025-05-02,2025-04-29,15,12,2024-07-19,2024-02-02,Training,US01,Them,US01 Manufacturing,OP14,2026-09-28,2025-08-31,RC3296,Backup,V851345,"Sanchez, Koch and Gregory Pharma",2023-12-19,nD-7724,2024-12-11,Yes,SO-963983,2025-03-05,2025-04-13,Standard,2025-04-27,2025-04-09,Regional
835C170B-558,ZDOM,CT-8742-ECD,Closed,LOT-99482219,LY6789062,MAT-47140,PCN-16746,Agree,Movement,Difference,Door,EA,175,109,150,PK-227279,184,172,MRP-111,9834567537,G1 Clinical,Market,2025-07-19,2025-09-06,2025-06-19,24,16,2025-11-05,2026-01-14,Remember,US01,Many,US01 Manufacturing,OP74,2026-07-02,2024-02-21,RC3427,Backup,V766475,"Harper, Wolf and Gardner Pharma",2026-06-26,mR-1490,2025-04-04,Yes,SO-877386,2026-08-06,2025-08-04,Express,2025-08-23,2025-08-04,Global
88D93C9A-BB6,ZPP2,CT-6109-EDZ,In Progress,LOT-31019227,LY4475311,MAT-86168,PCN-35973,Ten,Reality,Alone,Eight,EA,142,90,461,PK-684641,141,140,MRP-119,2859402280,G1 Clinical,Edge,2025-06-21,2025-08-12,2026-10-22,13,29,2025-04-24,2025-07-18,Suggest,AP03,Consider,AP03 Manufacturing,OP44,2024-12-21,2024-05-03,RC8742,Primary,V560574,Wilson-Smith Pharma,2025-09-10,vT-7826,2024-04-23,Yes,SO-619020,2025-11-27,2025-07-08,Standard,2025-08-04,2025-07-11,Study Only
81962565-3BA,ZPP2,CT-8015-GMQ,Completed,LOT-23670572,LY6920524,MAT-91309,PCN-67478,Impact,Campaign,Nation,Student,EA,169,161,266,PK-164521,175,165,MRP-118,8291255213,G2 Commercial,If,2025-07-04,2025-08-21,2025-07-14,13,4,2024-11-08,2026-02-09,Entire,LAT04,Author,LAT04 Manufacturing,OP43,2024-06-02,2025-10-21,RC1979,Primary,V917944,Patel Inc Pharma,2026-02-07,fA-3617,2026-07-08,Yes,SO-163112,2024-06-29,2025-07-23,Standard,2025-08-03,2025-07-19,Study Only
84171620-97D,ZPP1,CT-3472-PNG,Created,LOT-14377768,LY2319316,MAT-45907,PCN-23040,Value,Speak,These,Soldier,EA,25,30,96,PK-172542,26,24,MRP-115,1159587047,G2 Commercial,Step,2025-01-02,2025-02-13,2025-02-02,7,10,2025-12-19,2025-09-28,Trouble,LAT04,Specific,LAT04 Manufacturing,OP20,2025-01-15,2024-12-18,RC3593,Primary,V252303,Gonzalez-Long Pharma,2023-11-25,xU-9201,2026-09-14,Yes,SO-196717,2026-11-04,2025-01-17,Express,2025-02-03,2025-01-16,Global
276063F6-554,ZPP2,CT-4229-AWU,Released,LOT-12068529,LY8767494,MAT-47986,PCN-23542,Senior,Should,Already,Tv,EA,15,435,39,PK-514394,23,14,MRP-130,1774188870,G1 Clinical,Research,2025-03-01,2025-04-21,2024-10-22,18,5,2026-10-06,2025-04-05,Possible,AP03,Campaign,AP03 Manufacturing,OP29,2024-10-07,2024-10-01,RC1167,Backup,V133113,Clark Ltd Pharma,2024-05-27,ur-5752,2026-05-08,No,SO-411368,2025-08-03,2025-03-17,Standard,2025-04-10,2025-03-22,Global
4D00FA38-F44,ZDOM,CT-1816-RCG,Created,LOT-60968631,LY7936516,MAT-37872,PCN-98088,Shoulder,Argue,Security,Role,EA,281,247,394,PK-853229,281,278,MRP-110,5790163080,G1 Clinical,Energy,2025-01-03,2025-02-09,2024-03-01,5,11,2024-05-22,2025-08-21,Perform,AP03,Letter,AP03 Manufacturing,OP44,2026-08-31,2025-12-07,RC7123,Backup,V881797,Wood-Simmons Pharma,2026-02-05,Mm-1468,2025-03-08,Yes,SO-959647,2025-08-26,2025-01-17,Standard,2025-01-22,2025-01-21,Study Only
B9D604CE-B27,ZPP1,CT-3228-ZKT,Closed,LOT-73483649,LY8808620,MAT-58266,PCN-27772,Prevent,Present,Few,History,EA,259,317,434,PK-426008,260,258,MRP-114,2051930687,G1 Clinical,Political,2024-11-20,2025-01-08,2024-02-23,2,10,2024-09-22,2024-12-28,Door,EU02,Bar,EU02 Manufacturing,OP64,2026-04-07,2024-10-18,RC4013,Backup,V877146,"Anderson, Lee and Kane Pharma",2025-02-22,Is-7353,2024-09-01,Yes,SO-555228,2025-03-06,2024-12-11,Express,2025-01-01,2024-12-10,Study Only
88381E6F-DB8,ZPP1,CT-3636-AVP,In Progress,LOT-47865891,LY1017307,MAT-46171,PCN-85501,Civil,Our,Five,Appear,EA,55,435,193,PK-145358,57,55,MRP-136,1315992776,G3 Pilot,Eat,2024-12-04,2025-01-13,2024-09-20,22,23,2026-07-19,2026-03-12,Condition,AP03,Shoulder,AP03 Manufacturing,OP59,2023-12-02,2025-06-08,RC6593,Backup,V686805,"Bradshaw, Allen and Johnson Pharma",2025-03-28,yE-7426,2026-10-26,Yes,SO-950154,2024-08-11,2024-12-24,Express,2024-12-29,2024-12-20,Regional
F82FA87C-017,ZPP1,CT-1696-SCY,Released,LOT-65372587,LY1419924,MAT-14115,PCN-73545,Prepare,Worry,Though,Throw,EA,189,431,388,PK-577707,184,187,MRP-135,3666133363,G3 Pilot,Democratic,2025-09-28,2025-11-01,2026-11-04,29,13,2025-01-18,2025-12-23,Time,EU02,Least,EU02 Manufacturing,OP40,2025-12-27,2023-11-20,RC5440,Backup,V478397,Nunez-Hodge Pharma,2026-08-02,Zm-4219,2025-11-23,No,SO-851955,2026-03-26,2025-10-06,Standard,2025-10-21,2025-10-08,Global
0B269C0B-68B,ZDOM,CT-9781-BYC,Closed,LOT-91403277,LY7066982,MAT-31615,PCN-40197,Safe,Create,Part,Always,EA,226,75,242,PK-466972,230,224,MRP-122,1839315059,G1 Clinical,Past,2024-11-19,2025-01-05,2026-05-26,11,19,2024-04-16,2025-07-14,Candidate,EU02,Lose,EU02 Manufacturing,OP33,2025-03-01,2025-03-05,RC4655,Backup,V368106,"James, Stafford and Zhang Pharma",2025-05-26,wT-8640,2025-03-09,No,SO-638308,2024-03-01,2024-12-03,Express,2024-12-16,2024-12-05,Study Only
53E512B4-F07,ZDOM,CT-7487-KNX,Created,LOT-31152831,LY6437001,MAT-59372,PCN-92717,Enough,Beat,Often,Road,EA,52,235,364,PK-519209,55,48,MRP-126,9729965398,G1 Clinical,Down,2025-02-05,2025-03-21,2024-02-02,20,3,2026-03-19,2026-04-23,Agree,US01,Quickly,US01 Manufacturing,OP59,2024-06-28,2023-12-04,RC9087,Backup,V239641,"Trujillo, Anderson and Contreras Pharma",2026-01-02,bQ-5908,2026-02-14,Yes,SO-485901,2025-01-01,2025-02-19,Express,2025-03-03,2025-02-18,Global
21ED0BE4-ED0,ZDOM,CT-3230-HFO,Completed,LOT-46366370,LY4596590,MAT-68176,PCN-15123,Would,Report,Allow,Mr,EA,154,106,191,PK-542622,162,153,MRP-137,2054437154,G2 Commercial,Dark,2025-05-29,2025-07-09,2025-08-17,13,14,2024-07-06,2026-10-11,Gas,EU02,I,EU02 Manufacturing,OP23,2026-02-12,2024-11-22,RC5292,Backup,V131440,"Cruz, Murray and Conrad Pharma",2024-05-23,QQ-1371,2025-03-05,Yes,SO-557154,2026-05-24,2025-06-15,Standard,2025-07-03,2025-06-08,Study Only
C9553C30-3C9,ZDOM,CT-7047-GQC,Released,LOT-73100049,LY8119063,MAT-58634,PCN-76784,Number,Star,Sign,North,EA,64,162,325,PK-140191,62,61,MRP-109,4862776273,G3 Pilot,Commercial,2025-07-14,2025-08-13,2025-11-28,22,7,2025-06-11,2025-11-29,Career,EU02,Almost,EU02 Manufacturing,OP87,2026-04-18,2024-03-06,RC3357,Primary,V585339,"Baldwin, Perkins and Khan Pharma",2024-01-02,RD-8253,2025-11-04,Yes,SO-697548,2026-06-29,2025-08-02,Express,2025-08-08,2025-07-29,Study Only
C93ED8AD-5FB,ZDOM,CT-3472-PNG,Closed,LOT-36766763,LY2709921,MAT-22152,PCN-57117,Left,Tell,Seem,Not,EA,154,71,144,PK-151711,149,151,MRP-129,9147045238,G3 Pilot,Parent,2025-01-05,2025-02-12,2026-10-14,29,12,2024-05-09,2024-01-07,Provide,US01,Decision,US01 Manufacturing,OP17,2026-01-03,2024-11-15,RC6494,Backup,V916602,Wyatt LLC Pharma,2023-12-02,ci-4783,2024-03-03,No,SO-280878,2024-02-10,2025-01-23,Express,2025-02-01,2025-01-25,Regional
56F016D1-42A,ZPP1,CT-9831-IEW,Created,LOT-70273170,LY3284623,MAT-49651,PCN-12504,Toward,Food,Entire,Someone,EA,220,396,85,PK-545602,230,215,MRP-112,4520590771,G1 Clinical,Mouth,2025-04-27,2025-06-10,2024-11-17,25,18,2026-11-09,2024-05-01,Simply,AP03,Could,AP03 Manufacturing,OP32,2025-12-01,2025-04-15,RC8210,Primary,V792475,King-Cameron Pharma,2024-08-23,Dj-2026,2026-08-16,No,SO-602705,2026-01-22,2025-05-17,Standard,2025-05-22,2025-05-12,Regional
DC6732A6-B32,ZDOM,CT-3395-UCM,Created,LOT-52789053,LY4693293,MAT-82814,PCN-63595,Company,Social,Until,Show,EA,250,481,310,PK-957005,255,250,MRP-110,5605668560,G2 Commercial,Sure,2025-04-05,2025-05-06,2026-10-24,9,25,2025-07-01,2024-02-02,Increase,LAT04,Natural,LAT04 Manufacturing,OP16,2024-05-21,2025-10-25,RC8777,Backup,V118605,Rogers and Sons Pharma,2025-11-27,vv-4663,2026-11-10,Yes,SO-297946,2025-04-19,2025-04-27,Express,2025-04-30,2025-04-25,Global
1C290466-294,ZPP1,CT-1816-RCG,Released,LOT-19895402,LY4849628,MAT-55297,PCN-32325,Collection,Someone,Course,Difference,EA,247,23,265,PK-228408,251,245,MRP-134,4529638860,G3 Pilot,Loss,2025-05-28,2025-07-14,2024-05-18,13,5,2025-03-16,2024-06-27,Well,EU02,Same,EU02 Manufacturing,OP42,2024-04-12,2024-04-07,RC7225,Backup,V701267,"Brown, West and Butler Pharma",2025-10-07,jG-5554,2026-05-29,Yes,SO-234481,2025-08-07,2025-06-17,Standard,2025-07-06,2025-06-16,Global
302EBFD8-75D,ZDOM,CT-1816-RCG,Created,LOT-60968631,LY7679936,MAT-37872,PCN-81271,Wife,Image,Defense,Sign,EA,23,87,57,PK-940017,21,21,MRP-110,7136451067,G2 Commercial,Nature,2025-07-13,2025-08-28,2026-06-25,30,15,2026-05-05,2024-07-12,Best,AP03,Enjoy,AP03 Manufacturing,OP54,2026-04-04,2025-11-08,RC7557,Primary,V328205,Burns Group Pharma,2023-12-31,JZ-4287,2024-11-02,Yes,SO-527500,2026-05-12,2025-07-30,Standard,2025-08-14,2025-07-27,Regional
137379DF-53E,ZDOM,CT-7484-BIH,In Progress,LOT-26012891,LY4494972,MAT-66257,PCN-50804,Total,Back,During,Even,EA,206,88,334,PK-682934,215,204,MRP-133,2195580566,G3 Pilot,Soldier,2024-11-15,2025-01-11,2026-03-12,24,2,2025-09-07,2025-04-26,Morning,LAT04,Work,LAT04 Manufacturing,OP83,2026-04-15,2025-08-15,RC1573,Primary,V640246,"Le, Todd and Walls Pharma",2024-09-06,HU-9806,2025-01-12,Yes,SO-648308,2024-11-21,2024-12-08,Standard,2024-12-23,2024-11-30,Regional
E70B0CD9-41B,ZDOM,CT-1696-SCY,Completed,LOT-44491067,LY6881797,MAT-78401,PCN-37774,Story,Enter,Movie,Or,EA,241,1,360,PK-138574,240,240,MRP-103,6568690861,G2 Commercial,Question,2025-06-03,2025-08-04,2024-12-07,2,8,2026-05-25,2023-12-29,See,US01,Account,US01 Manufacturing,OP99,2025-04-20,2024-12-31,RC2374,Primary,V928263,Thornton-Kelly Pharma,2024-02-05,pZ-8085,2024-03-24,Yes,SO-511191,2025-09-30,2025-06-23,Express,2025-07-15,2025-06-18,Study Only
C3C4CA8C-DA3,ZDOM,CT-7484-BIH,Released,LOT-16159838,LY7011786,MAT-66257,PCN-25574,Special,Character,Continue,Word,EA,270,461,285,PK-593223,277,270,MRP-133,5154324934,G1 Clinical,Among,2025-05-31,2025-06-27,2024-12-09,14,13,2024-12-27,2024-04-17,Reveal,LAT04,War,LAT04 Manufacturing,OP13,2024-08-23,2026-02-03,RC9923,Backup,V830379,Clark-Cochran Pharma,2025-08-22,of-9573,2025-02-16,Yes,SO-656475,2025-06-11,2025-06-08,Standard,2025-06-14,2025-06-09,Regional
7D85A9BB-51A,ZPP1,CT-9771-CZL,Created,LOT-16473868,LY9607917,MAT-22610,PCN-17294,Most,Show,Tree,Return,EA,173,445,37,PK-583546,182,172,MRP-108,9284328956,G3 Pilot,If,2025-03-31,2025-05-01,2024-06-20,26,29,2026-06-13,2026-07-18,Not,LAT04,True,LAT04 Manufacturing,OP90,2026-04-25,2025-11-08,RC6271,Primary,V215164,Turner-Camacho Pharma,2025-10-17,Qk-7637,2026-07-31,No,SO-557466,2025-07-27,2025-04-17,Express,2025-04-18,2025-04-12,Regional
9F746DC7-45B,ZPP1,CT-8015-GMQ,Closed,LOT-21570201,LY9120952,MAT-74459,PCN-51326,Detail,World,Season,Food,EA,161,454,157,PK-791704,158,159,MRP-114,7937264997,G3 Pilot,Conference,2025-01-30,2025-03-04,2025-06-18,12,30,2025-07-10,2026-10-10,For,US01,Soldier,US01 Manufacturing,OP91,2025-06-17,2024-12-05,RC2288,Primary,V986217,"Phillips, Johnson and Adams Pharma",2024-07-28,eY-0205,2025-10-03,No,SO-735118,2024-03-17,2025-02-10,Standard,2025-02-23,2025-02-10,Study Only
F07DEB5E-390,ZPP1,CT-5014-EEP,Closed,LOT-29384973,LY1748950,MAT-53554,PCN-75083,Heavy,Beat,Doctor,Among,EA,51,415,338,PK-843066,57,46,MRP-103,2515831240,G2 Commercial,Project,2025-01-24,2025-03-28,2025-10-26,13,6,2026-07-28,2023-12-28,Energy,LAT04,Rock,LAT04 Manufacturing,OP90,2024-03-20,2025-03-23,RC4229,Backup,V556075,"Flores, Flores and Bennett Pharma",2025-06-02,py-4781,2026-02-05,Yes,SO-418657,2025-05-05,2025-02-10,Standard,2025-03-08,2025-02-09,Regional
DA07F536-CAB,ZPP2,CT-1696-SCY,Created,LOT-48273549,LY2553398,MAT-14115,PCN-42912,Including,Base,House,Picture,EA,77,448,23,PK-337953,78,76,MRP-135,9749531351,G1 Clinical,Toward,2025-07-26,2025-09-13,2023-11-19,29,8,2024-02-16,2025-09-18,Lose,EU02,Hospital,EU02 Manufacturing,OP43,2024-07-09,2026-08-16,RC2451,Backup,V843380,Hanson-Fowler Pharma,2024-05-30,jw-4463,2024-02-01,No,SO-959371,2026-01-25,2025-08-12,Standard,2025-08-26,2025-08-13,Regional
2F2C7D94-2CE,ZDOM,CT-3230-HFO,Closed,LOT-28229614,LY7307240,MAT-68176,PCN-86644,Road,Federal,Magazine,Few,EA,15,176,498,PK-890611,18,10,MRP-137,3247386149,G1 Clinical,Thought,2025-09-14,2025-11-08,2024-04-14,5,17,2024-02-24,2025-09-18,Dinner,EU02,Defense,EU02 Manufacturing,OP29,2025-10-26,2025-12-02,RC9423,Backup,V302680,"Taylor, Bowers and Smith Pharma",2026-01-28,CB-1660,2024-11-01,Yes,SO-803796,2026-08-20,2025-10-03,Express,2025-10-24,2025-10-02,Study Only
46866D25-F7F,ZPP2,CT-2004-PSX,Completed,LOT-39555641,LY6360569,MAT-32011,PCN-38837,Security,Member,Field,Back,EA,275,36,295,PK-150169,285,274,MRP-134,6369218047,G2 Commercial,Window,2025-05-04,2025-06-11,2024-11-28,25,7,2025-09-18,2024-07-15,Professional,EU02,Series,EU02 Manufacturing,OP85,2026-03-28,2026-09-15,RC5769,Backup,V653026,Love PLC Pharma,2026-09-06,mG-5485,2025-06-16,No,SO-473565,2026-06-15,2025-05-21,Express,2025-05-28,2025-05-17,Study Only
657B8A24-549,ZPP2,CT-5014-EEP,Created,LOT-29384973,LY6525013,MAT-53554,PCN-48578,Rest,Pass,Personal,Actually,EA,229,331,413,PK-569144,230,228,MRP-103,9381283853,G1 Clinical,Single,2025-04-30,2025-06-26,2026-05-28,1,11,2026-06-04,2025-07-17,End,LAT04,Would,LAT04 Manufacturing,OP89,2025-03-31,2025-01-16,RC3712,Primary,V366855,"Cunningham, Farmer and Cooper Pharma",2023-12-30,wk-2368,2025-08-17,No,SO-632535,2025-10-07,2025-05-19,Express,2025-06-10,2025-05-19,Global
721F5CBB-8FF,ZDOM,CT-8970-PLO,Released,LOT-74101873,LY6287627,MAT-82398,PCN-36544,Tell,Beyond,Far,Us,EA,55,137,347,PK-485793,55,51,MRP-137,3395522880,G3 Pilot,Me,2025-03-13,2025-04-21,2025-05-04,13,3,2025-06-24,2026-02-08,Party,EU02,Within,EU02 Manufacturing,OP47,2025-04-11,2025-08-24,RC7497,Backup,V603124,Bullock and Sons Pharma,2023-12-25,ia-1755,2026-04-28,No,SO-813359,2026-01-19,2025-03-31,Standard,2025-04-08,2025-03-24,Study Only
3C28F46E-D2C,ZPP2,CT-4229-AWU,In Progress,LOT-81143076,LY5569335,MAT-30745,PCN-27525,Truth,For,Good,Trouble,EA,299,427,58,PK-111264,294,299,MRP-133,7824058910,G1 Clinical,Through,2025-06-07,2025-07-29,2025-01-27,19,10,2026-04-29,2026-03-15,Foot,US01,Full,US01 Manufacturing,OP50,2024-08-11,2024-05-23,RC4745,Backup,V406009,"Lewis, Ross and Edwards Pharma",2026-09-11,iW-0239,2024-07-16,No,SO-304097,2024-10-26,2025-06-22,Standard,2025-07-19,2025-06-24,Global
B4AACE38-46A,ZPP2,CT-5014-EEP,Created,LOT-27607761,LY5647977,MAT-39627,PCN-95931,One,Take,Writer,Find,EA,170,358,482,PK-735277,177,165,MRP-123,9620931039,G1 Clinical,Minute,2025-02-09,2025-03-25,2025-05-19,13,28,2025-01-31,2026-01-10,Market,LAT04,Voice,LAT04 Manufacturing,OP12,2026-03-01,2025-12-15,RC3022,Primary,V504720,Brandt-Andrews Pharma,2024-10-06,rM-5219,2025-08-30,No,SO-987027,2025-03-01,2025-03-02,Express,2025-03-15,2025-02-28,Regional
40399FB4-B0C,ZDOM,CT-7487-KNX,Closed,LOT-75893896,LY7985079,MAT-18458,PCN-90928,Form,Indeed,Television,Something,EA,73,119,200,PK-643438,74,70,MRP-102,5315513997,G3 Pilot,Machine,2025-01-21,2025-02-28,2026-09-28,6,13,2024-08-24,2026-03-16,Discover,EU02,Good,EU02 Manufacturing,OP14,2026-08-29,2025-01-19,RC5407,Backup,V679624,"Stuart, Mercado and Dennis Pharma",2023-11-14,Bc-6395,2025-02-25,Yes,SO-705550,2026-04-16,2025-02-10,Express,2025-02-13,2025-02-05,Study Only
7B08EEA7-A6C,ZPP1,CT-3228-ZKT,Created,LOT-24674076,LY3268775,MAT-18409,PCN-87199,See,Indeed,Message,With,EA,237,4,375,PK-430887,232,233,MRP-137,5202317582,G1 Clinical,National,2025-03-21,2025-04-21,2025-01-31,6,21,2024-10-24,2025-05-16,Fire,AP03,Reality,AP03 Manufacturing,OP87,2026-09-24,2025-05-10,RC3958,Primary,V563222,Dixon-Snyder Pharma,2025-12-09,VO-4760,2025-05-24,No,SO-996861,2026-04-30,2025-04-06,Express,2025-04-11,2025-04-05,Regional
7697D79B-3FA,ZDOM,CT-8742-ECD,Created,LOT-94846184,LY2182431,MAT-47254,PCN-31260,May,Range,Suggest,Top,EA,247,491,305,PK-156934,244,244,MRP-136,2685187705,G2 Commercial,Mission,2025-01-09,2025-03-01,2026-07-13,22,19,2024-11-03,2026-07-20,Population,EU02,Film,EU02 Manufacturing,OP10,2024-09-29,2024-12-27,RC6952,Primary,V278143,"Murphy, Grant and Rojas Pharma",2025-01-23,Zr-9182,2025-02-10,Yes,SO-510054,2026-01-17,2025-01-29,Standard,2025-02-10,2025-01-29,Global
30986C0B-785,ZPP1,CT-9771-CZL,In Progress,LOT-29648706,LY7772095,MAT-93544,PCN-98856,Increase,View,Feeling,Professional,EA,293,484,122,PK-119347,302,289,MRP-123,2974746994,G3 Pilot,Ago,2025-01-03,2025-02-08,2025-05-30,28,14,2024-03-07,2026-10-17,Seven,LAT04,Occur,LAT04 Manufacturing,OP91,2024-04-10,2024-10-20,RC4954,Backup,V421150,"Esparza, Wong and Smith Pharma",2026-02-24,sy-7188,2025-09-02,Yes,SO-777072,2026-07-20,2025-01-14,Express,2025-01-23,2025-01-16,Regional
E09D9D69-D6E,ZDOM,CT-4229-AWU,Closed,LOT-66136964,LY6729853,MAT-40089,PCN-56515,In,Offer,Few,Meeting,EA,51,34,346,PK-621088,59,46,MRP-126,8765236986,G1 Clinical,International,2025-07-11,2025-09-08,2026-04-27,10,18,2026-05-23,2026-08-29,Allow,EU02,Appear,EU02 Manufacturing,OP67,2026-08-09,2024-04-22,RC7807,Primary,V120867,Wilson Group Pharma,2025-08-22,xo-9931,2026-08-13,No,SO-164385,2025-11-28,2025-07-28,Express,2025-08-23,2025-07-25,Regional
272CA541-8B2,ZPP2,CT-8742-ECD,Completed,LOT-61778837,LY4413560,MAT-15875,PCN-45810,Space,Use,Relate,Year,EA,198,336,311,PK-395634,198,196,MRP-138,9652587802,G1 Clinical,There,2025-10-04,2025-11-20,2024-09-27,24,4,2026-09-17,2025-03-08,Still,EU02,To,EU02 Manufacturing,OP68,2024-01-05,2026-10-17,RC2900,Backup,V641544,"Salazar, Smith and Ortiz Pharma",2026-06-28,vh-4131,2026-04-10,Yes,SO-147894,2025-03-18,2025-10-14,Express,2025-10-31,2025-10-14,Study Only
0DB649CA-F40,ZPP2,CT-1816-RCG,Created,LOT-36343625,LY7125702,MAT-55297,PCN-75136,Watch,Control,Factor,Away,EA,150,351,279,PK-598533,154,146,MRP-134,8471936897,G1 Clinical,Address,2025-07-23,2025-09-11,2026-05-01,18,4,2026-03-19,2026-08-27,Network,EU02,Collection,EU02 Manufacturing,OP39,2025-01-12,2026-04-11,RC7486,Backup,V860530,Flowers and Sons Pharma,2026-01-09,yw-5680,2024-11-13,No,SO-708356,2024-05-03,2025-08-01,Standard,2025-08-22,2025-08-05,Study Only
E7347777-52D,ZDOM,CT-1816-RCG,Completed,LOT-60968631,LY8821263,MAT-37872,PCN-46462,The,Family,Central,Green,EA,101,373,344,PK-322953,97,99,MRP-110,7764361828,G2 Commercial,Participant,2025-05-28,2025-07-23,2026-11-08,6,27,2026-10-07,2024-05-07,Whom,AP03,Address,AP03 Manufacturing,OP60,2024-02-19,2025-07-07,RC6937,Primary,V200487,"Dean, Martin and Hill Pharma",2025-10-30,hq-5913,2024-02-26,Yes,SO-898367,2024-02-12,2025-06-19,Express,2025-07-09,2025-06-16,Study Only
3FF3E6F8-274,ZDOM,CT-8742-ECD,Released,LOT-48781281,LY2749997,MAT-16848,PCN-53979,Front,Job,According,Collection,EA,28,338,55,PK-217351,27,23,MRP-106,4234470939,G1 Clinical,Million,2024-12-11,2025-01-25,2024-09-23,9,1,2024-06-03,2026-05-26,Against,LAT04,Artist,LAT04 Manufacturing,OP58,2024-05-01,2026-02-04,RC2260,Backup,V602024,"Jones, Mills and Robinson Pharma",2023-12-30,ls-1467,2026-05-05,No,SO-406048,2025-10-25,2024-12-25,Express,2025-01-11,2024-12-24,Global
DC052809-D93,ZDOM,CT-1816-RCG,In Progress,LOT-73297905,LY5132259,MAT-37872,PCN-19953,Remember,Note,Affect,According,EA,213,62,276,PK-652858,221,209,MRP-110,1709862842,G2 Commercial,Whose,2024-12-21,2025-01-31,2024-09-23,7,24,2025-09-02,2026-06-13,Everyone,AP03,Prove,AP03 Manufacturing,OP86,2026-06-19,2025-12-07,RC6339,Backup,V694414,Hoover PLC Pharma,2025-10-15,dY-4978,2026-06-10,No,SO-387017,2024-11-18,2025-01-14,Standard,2025-01-16,2025-01-06,Regional
26C6F3AA-518,ZPP1,CT-1816-RCG,Released,LOT-73297905,LY7227146,MAT-37872,PCN-76253,Call,Cold,Subject,Great,EA,254,125,215,PK-216316,258,249,MRP-110,6280268911,G2 Commercial,Could,2024-11-21,2025-01-02,2025-05-20,9,9,2026-09-11,2024-12-25,Point,AP03,Race,AP03 Manufacturing,OP46,2026-09-14,2024-11-11,RC3158,Primary,V340526,"Owens, Murray and Gomez Pharma",2025-05-13,Se-0534,2025-08-12,Yes,SO-592205,2025-05-30,2024-12-07,Standard,2024-12-14,2024-12-07,Regional
BEBE3F6F-617,ZDOM,CT-5806-JWO,Closed,LOT-91428756,LY8189880,MAT-42350,PCN-91858,Pattern,Marriage,Home,Statement,EA,234,186,204,PK-171988,239,232,MRP-130,2073858506,G2 Commercial,Short,2025-10-10,2025-11-24,2025-08-04,28,27,2026-01-01,2024-04-10,Yourself,AP03,Better,AP03 Manufacturing,OP64,2023-12-26,2026-02-28,RC3758,Primary,V411206,Little Ltd Pharma,2024-05-30,yS-9591,2023-11-24,No,SO-108646,2026-10-19,2025-10-25,Standard,2025-11-10,2025-10-24,Regional
72B8F29D-C0E,ZPP1,CT-6592-IDY,Completed,LOT-19994803,LY1277835,MAT-17085,PCN-55036,It,Exactly,Education,While,EA,200,219,448,PK-629129,202,200,MRP-106,4840560724,G3 Pilot,Everybody,2025-01-11,2025-02-12,2026-05-06,7,18,2024-02-21,2024-10-28,Care,LAT04,Friend,LAT04 Manufacturing,OP82,2025-02-18,2025-07-23,RC9794,Backup,V286179,"Thomas, Williams and Garza Pharma",2024-03-25,dc-6256,2024-12-08,No,SO-496069,2025-04-17,2025-01-30,Express,2025-01-30,2025-01-22,Study Only
4C575DF3-DBF,ZPP1,CT-3395-UCM,Created,LOT-16679340,LY5472837,MAT-82814,PCN-64367,Save,Benefit,National,Surface,EA,11,128,430,PK-976942,14,9,MRP-110,5871746382,G2 Commercial,Say,2025-09-23,2025-10-25,2024-08-18,4,5,2024-04-27,2026-05-17,Reality,LAT04,Red,LAT04 Manufacturing,OP77,2024-09-04,2024-06-12,RC1462,Primary,V292934,"Johnson, Williams and Jackson Pharma",2025-08-04,Lu-4006,2023-12-26,Yes,SO-274848,2024-04-15,2025-10-15,Express,2025-10-20,2025-10-11,Study Only
362FCDC7-090,ZDOM,CT-9781-BYC,In Progress,LOT-37532398,LY9405979,MAT-98864,PCN-63244,Enjoy,Enough,Example,Movement,EA,169,49,211,PK-209635,168,166,MRP-119,3132353937,G2 Commercial,Range,2025-10-04,2025-11-15,2025-09-05,1,11,2026-09-13,2024-07-03,Probably,AP03,Goal,AP03 Manufacturing,OP87,2025-09-15,2025-05-04,RC5170,Backup,V263716,"Byrd, Carter and Martinez Pharma",2024-07-20,vR-4753,2024-02-03,Yes,SO-705195,2025-08-17,2025-10-23,Standard,2025-10-27,2025-10-20,Study Only
D822806C-DEC,ZPP1,CT-6109-EDZ,In Progress,LOT-70811881,LY6157113,MAT-86168,PCN-74748,Something,Will,Realize,Against,EA,113,316,217,PK-427806,116,111,MRP-119,2077142250,G2 Commercial,Little,2025-06-02,2025-07-14,2024-11-30,13,12,2026-03-20,2024-09-18,Skin,AP03,Eye,AP03 Manufacturing,OP46,2026-03-03,2024-10-20,RC4776,Primary,V138386,Reeves-Butler Pharma,2024-11-28,Fo-3562,2025-08-18,Yes,SO-287179,2024-09-07,2025-06-17,Express,2025-06-28,2025-06-13,Regional
87528E6A-790,ZDOM,CT-1816-RCG,Created,LOT-19895402,LY8416903,MAT-55297,PCN-55762,House,Clear,Employee,Benefit,EA,88,385,144,PK-121827,97,87,MRP-134,3404941287,G1 Clinical,Call,2025-07-11,2025-08-18,2026-06-15,16,11,2026-02-25,2024-03-11,Need,EU02,Either,EU02 Manufacturing,OP11,2024-02-09,2025-11-06,RC7291,Backup,V269721,Raymond and Sons Pharma,2025-06-01,jm-2343,2026-02-22,Yes,SO-123295,2024-08-12,2025-07-29,Standard,2025-08-10,2025-07-27,Regional
FF0D6EB9-415,ZPP1,CT-9831-IEW,Completed,LOT-72460791,LY5797773,MAT-16627,PCN-15632,Send,Stop,When,Drop,EA,13,217,405,PK-521878,10,9,MRP-125,3616255713,G3 Pilot,Artist,2025-01-19,2025-02-20,2025-04-25,29,13,2026-07-12,2026-10-03,Affect,US01,Realize,US01 Manufacturing,OP29,2026-03-10,2025-09-11,RC2164,Primary,V936905,Vega-Abbott Pharma,2025-04-04,gg-9304,2024-03-26,Yes,SO-320021,2025-01-06,2025-01-28,Express,2025-02-06,2025-01-31,Study Only
CA6F43AD-A7B,ZPP1,CT-9831-IEW,Completed,LOT-46257312,LY1579863,MAT-49651,PCN-37570,Skill,Wait,Truth,Account,EA,162,229,115,PK-858945,170,160,MRP-112,9048233116,G1 Clinical,All,2025-05-13,2025-07-08,2026-01-19,2,11,2024-04-14,2024-01-31,Nation,AP03,Throw,AP03 Manufacturing,OP56,2026-01-05,2024-12-09,RC8330,Primary,V534019,Harris-Johnson Pharma,2024-02-14,qd-0154,2025-04-11,No,SO-945639,2026-04-02,2025-05-28,Express,2025-06-20,2025-05-24,Regional
215887CE-296,ZPP1,CT-3230-HFO,Released,LOT-65730343,LY1798963,MAT-54713,PCN-39613,Soldier,Year,Then,Rather,EA,40,28,115,PK-327681,43,39,MRP-134,6758151086,G1 Clinical,Onto,2024-12-10,2025-01-24,2025-06-11,22,28,2024-02-26,2023-12-01,Task,AP03,Think,AP03 Manufacturing,OP12,2024-02-27,2025-03-01,RC2179,Primary,V135876,"Smith, Silva and Proctor Pharma",2025-02-13,tZ-0956,2023-12-07,Yes,SO-910505,2025-03-08,2024-12-23,Standard,2025-01-05,2024-12-19,Regional
6578EBA2-254,ZPP2,CT-8872-GKR,Released,LOT-24028484,LY7238148,MAT-23246,PCN-84554,Because,Improve,Management,Prepare,EA,234,19,353,PK-629439,229,229,MRP-119,6911888961,G3 Pilot,News,2025-07-24,2025-09-13,2026-11-06,5,8,2024-10-25,2024-01-08,Modern,US01,Hair,US01 Manufacturing,OP19,2025-08-20,2024-02-12,RC6220,Primary,V804937,Black Inc Pharma,2025-05-07,mO-2339,2026-07-04,No,SO-732814,2024-09-02,2025-08-10,Standard,2025-08-28,2025-08-03,Study Only
C8E46777-965,ZPP2,CT-9831-IEW,Closed,LOT-82476241,LY5840445,MAT-16078,PCN-57525,Sister,Avoid,Compare,Better,EA,172,48,18,PK-147415,170,168,MRP-139,9740422276,G1 Clinical,Hear,2025-01-28,2025-03-09,2024-02-09,13,10,2025-06-08,2026-09-11,Trial,LAT04,Trade,LAT04 Manufacturing,OP18,2026-02-07,2024-02-24,RC7805,Primary,V652687,"Williams, Cross and Rodriguez Pharma",2025-06-23,NS-2012,2024-11-19,Yes,SO-908698,2026-06-05,2025-02-18,Standard,2025-02-27,2025-02-14,Study Only
FDCEFEF5-08F,ZPP2,CT-8742-ECD,Released,LOT-45571743,LY7999038,MAT-16848,PCN-98137,Future,Past,Test,Prove,EA,70,38,499,PK-909100,71,66,MRP-106,6573649685,G2 Commercial,Change,2025-06-02,2025-07-22,2025-06-18,1,26,2026-09-17,2023-11-23,Live,LAT04,Month,LAT04 Manufacturing,OP95,2025-04-08,2024-11-29,RC5772,Primary,V854357,Ingram PLC Pharma,2026-03-28,FA-8185,2025-07-28,No,SO-479938,2024-07-13,2025-06-12,Express,2025-07-07,2025-06-12,Study Only
84B7FABF-DFC,ZPP2,CT-4229-AWU,Created,LOT-12068529,LY4076772,MAT-47986,PCN-25057,Likely,Street,Home,Check,EA,124,482,157,PK-922806,122,121,MRP-130,6315209572,G1 Clinical,Professor,2025-09-18,2025-11-03,2024-04-28,21,2,2025-02-03,2026-09-09,Husband,AP03,Identify,AP03 Manufacturing,OP44,2025-12-10,2024-07-02,RC5807,Backup,V317097,Lloyd-King Pharma,2024-06-19,La-8195,2024-02-12,Yes,SO-547618,2025-06-15,2025-10-02,Standard,2025-10-18,2025-10-02,Regional
E2E08976-B06,ZPP1,CT-5806-JWO,Released,LOT-62532897,LY4832570,MAT-81584,PCN-25249,Thus,Strategy,Five,Sister,EA,102,482,426,PK-440729,105,99,MRP-136,7854045782,G3 Pilot,Try,2025-03-26,2025-05-18,2025-02-12,4,20,2026-11-11,2024-05-18,Training,US01,Treatment,US01 Manufacturing,OP42,2025-05-15,2024-07-28,RC4736,Backup,V127495,Ochoa-Brown Pharma,2024-10-25,WU-6209,2024-10-18,No,SO-517743,2024-05-29,2025-04-13,Express,2025-05-01,2025-04-13,Global
B346DE58-18B,ZDOM,CT-8742-ECD,Created,LOT-94846184,LY9445129,MAT-47254,PCN-61365,Man,Include,Member,Check,EA,208,58,207,PK-595391,215,208,MRP-136,3280719955,G3 Pilot,North,2025-04-11,2025-05-16,2026-02-05,4,17,2025-01-01,2024-07-01,Once,EU02,Within,EU02 Manufacturing,OP58,2025-11-20,2025-09-14,RC6375,Backup,V981699,Fox-Brooks Pharma,2024-05-07,oq-3716,2026-08-14,Yes,SO-811312,2024-11-30,2025-05-04,Express,2025-05-08,2025-05-01,Regional
24B63DC5-4E0,ZPP1,CT-2004-PSX,Completed,LOT-51070012,LY2068480,MAT-97442,PCN-12230,Kid,Seem,Project,Force,EA,197,253,87,PK-699039,194,196,MRP-101,8244494755,G2 Commercial,Place,2025-03-15,2025-05-14,2026-10-04,25,29,2025-08-26,2025-12-26,Hear,EU02,Institution,EU02 Manufacturing,OP37,2024-12-07,2024-11-17,RC2900,Primary,V801229,Hensley-Green Pharma,2026-05-03,Nf-9772,2024-04-21,No,SO-127670,2024-07-31,2025-04-03,Express,2025-04-26,2025-04-03,Global
A3929C23-5C7,ZDOM,CT-3472-PNG,Released,LOT-21437748,LY2394164,MAT-84153,PCN-31015,Push,Prepare,Make,Kid,EA,247,174,378,PK-369413,256,247,MRP-118,5521729536,G2 Commercial,Guess,2025-09-26,2025-10-30,2025-09-30,11,18,2025-08-22,2024-03-29,Improve,US01,Available,US01 Manufacturing,OP65,2026-05-22,2024-06-24,RC9316,Backup,V666880,"Brown, Bell and Moss Pharma",2025-11-19,qu-6767,2025-02-04,No,SO-379669,2026-06-08,2025-10-11,Express,2025-10-12,2025-10-11,Global
57C036FF-7C4,ZPP2,CT-8970-PLO,Closed,LOT-14354504,LY1713107,MAT-86920,PCN-48473,Quality,Thus,Air,Like,EA,104,413,325,PK-810380,114,99,MRP-105,3831159638,G1 Clinical,President,2025-07-18,2025-08-30,2025-05-27,1,11,2025-10-09,2026-10-31,Sense,US01,Teacher,US01 Manufacturing,OP52,2024-09-28,2023-12-18,RC2756,Primary,V833320,Williams PLC Pharma,2024-09-19,LX-4643,2024-09-26,No,SO-637362,2026-02-07,2025-08-06,Express,2025-08-12,2025-07-31,Global
C8CA32C6-E9E,ZDOM,CT-9831-IEW,Created,LOT-26376337,LY9831858,MAT-33775,PCN-38746,Society,Back,Note,Base,EA,34,306,309,PK-264279,36,33,MRP-113,9770926854,G1 Clinical,Toward,2025-10-09,2025-11-21,2024-06-18,16,10,2026-07-25,2025-08-12,Can,LAT04,Often,LAT04 Manufacturing,OP60,2024-08-22,2025-05-17,RC6274,Backup,V164258,"Cruz, Rose and Mccullough Pharma",2025-01-07,iY-9729,2024-01-15,No,SO-275271,2025-12-02,2025-10-25,Standard,2025-11-09,2025-10-28,Global
ACC4DB4C-3ED,ZDOM,CT-3228-ZKT,Completed,LOT-60873216,LY7578185,MAT-18409,PCN-93499,Turn,Hot,Increase,Theory,EA,141,377,408,PK-875903,138,141,MRP-137,8587376750,G3 Pilot,Play,2025-09-01,2025-10-16,2025-10-25,14,13,2025-10-07,2024-08-28,Medical,AP03,Energy,AP03 Manufacturing,OP88,2024-12-02,2024-03-05,RC8777,Backup,V193028,Moyer Ltd Pharma,2024-04-07,bc-7452,2025-02-03,Yes,SO-651495,2026-04-04,2025-09-12,Express,2025-09-28,2025-09-11,Study Only
577BCE94-FDC,ZPP1,CT-8015-GMQ,Completed,LOT-92879466,LY7176075,MAT-91309,PCN-30238,Without,Difference,By,Medical,EA,49,154,29,PK-688775,45,44,MRP-118,3528380390,G2 Commercial,Debate,2025-03-10,2025-04-20,2024-12-31,26,22,2024-12-01,2026-08-26,Decision,LAT04,Professional,LAT04 Manufacturing,OP77,2026-02-13,2025-10-31,RC1570,Primary,V461538,Fuller-Reed Pharma,2024-08-05,RI-9731,2024-04-01,Yes,SO-450788,2026-06-24,2025-03-21,Standard,2025-04-06,2025-03-22,Regional
72E2F609-A3F,ZDOM,CT-3230-HFO,Completed,LOT-10539218,LY9935213,MAT-73628,PCN-35609,Country,Task,Green,Sit,EA,277,110,256,PK-508629,286,273,MRP-138,4643809089,G1 Clinical,Office,2024-12-26,2025-01-23,2025-01-05,22,14,2024-10-02,2023-12-02,Well,US01,Best,US01 Manufacturing,OP31,2026-09-17,2024-08-06,RC2854,Primary,V842432,Medina and Sons Pharma,2025-04-15,rK-0608,2025-01-31,Yes,SO-395984,2024-05-06,2025-01-07,Standard,2025-01-18,2025-01-08,Regional
5B67D985-194,ZDOM,CT-3395-UCM,Created,LOT-62567327,LY1550329,MAT-82814,PCN-90231,Know,Marriage,Surface,Score,EA,130,35,40,PK-180902,135,126,MRP-110,8528814478,G3 Pilot,Treat,2024-12-26,2025-02-15,2024-07-15,30,12,2025-03-09,2024-03-02,Success,LAT04,Receive,LAT04 Manufacturing,OP41,2025-02-18,2025-07-11,RC2822,Backup,V430964,"Reese, Johnson and Baxter Pharma",2025-04-11,Gw-1028,2026-07-08,Yes,SO-774914,2024-12-22,2025-01-08,Standard,2025-01-31,2025-01-09,Global
A1F0CF54-5A3,ZPP2,CT-5014-EEP,Closed,LOT-29384973,LY3327982,MAT-53554,PCN-78146,Effort,Less,Husband,Official,EA,275,188,420,PK-452421,275,275,MRP-103,2983589999,G1 Clinical,Yet,2025-01-15,2025-03-07,2024-09-18,21,21,2026-07-23,2025-11-19,Stop,LAT04,Store,LAT04 Manufacturing,OP84,2025-10-21,2024-04-20,RC4605,Backup,V881045,Kramer-Sweeney Pharma,2024-01-04,bm-8173,2026-10-26,No,SO-296928,2025-10-23,2025-01-31,Standard,2025-02-19,2025-02-01,Global
150CE384-BD4,ZPP1,CT-5806-JWO,Closed,LOT-62532897,LY5217935,MAT-81584,PCN-80467,Others,Visit,Expert,Must,EA,64,69,187,PK-761584,71,59,MRP-136,3887381624,G1 Clinical,Health,2025-06-11,2025-07-27,2026-01-18,9,10,2025-04-21,2024-02-25,Green,US01,Avoid,US01 Manufacturing,OP96,2024-08-26,2024-04-01,RC2004,Backup,V597143,Wang-Mclaughlin Pharma,2025-07-14,cc-5239,2025-01-17,Yes,SO-398719,2026-08-31,2025-06-26,Standard,2025-07-14,2025-06-19,Global
1E2662CC-B8F,ZPP2,CT-1696-SCY,Created,LOT-46656333,LY3720657,MAT-78401,PCN-54673,Personal,Gas,Drop,Treat,EA,201,256,444,PK-865450,207,199,MRP-103,4703029327,G2 Commercial,Moment,2025-08-13,2025-09-28,2025-03-23,14,9,2025-01-16,2026-02-10,Many,US01,Yourself,US01 Manufacturing,OP26,2024-12-13,2025-08-16,RC9064,Backup,V249491,Cole-Bradley Pharma,2025-01-28,Lm-7883,2025-06-23,No,SO-187921,2025-01-06,2025-08-23,Express,2025-09-14,2025-08-27,Study Only
10DC3E02-6DA,ZDOM,CT-7487-KNX,Completed,LOT-59884250,LY6820527,MAT-18458,PCN-47083,Physical,Social,Stay,Forward,EA,177,389,486,PK-680290,186,173,MRP-102,9222862848,G1 Clinical,Seek,2024-12-08,2025-01-11,2024-06-11,4,23,2025-02-24,2023-12-22,Theory,EU02,Anyone,EU02 Manufacturing,OP33,2026-04-01,2024-01-15,RC6371,Backup,V248140,Rowe Ltd Pharma,2025-10-16,sL-8416,2026-06-27,No,SO-684782,2024-04-14,2024-12-23,Express,2024-12-24,2024-12-26,Regional
29A6CFAF-AF6,ZPP1,CT-1696-SCY,Created,LOT-44491067,LY2139535,MAT-78401,PCN-64061,Leg,Together,Parent,After,EA,192,202,260,PK-693836,192,192,MRP-103,4157653265,G1 Clinical,Relationship,2025-05-12,2025-06-28,2024-05-05,11,29,2023-11-22,2024-09-09,Close,US01,Item,US01 Manufacturing,OP75,2024-03-22,2024-07-11,RC1640,Backup,V226806,Nelson PLC Pharma,2026-04-19,oi-2114,2025-06-14,No,SO-385423,2025-08-06,2025-05-22,Standard,2025-06-20,2025-05-23,Global
04FD0749-0E8,ZPP2,CT-8970-PLO,Closed,LOT-84562329,LY3851923,MAT-82398,PCN-11311,Dream,Finish,Member,Represent,EA,108,473,452,PK-148086,110,108,MRP-137,9174947406,G2 Commercial,Large,2025-01-12,2025-02-20,2024-11-30,26,22,2025-02-24,2026-01-20,Base,EU02,Finish,EU02 Manufacturing,OP83,2025-07-14,2024-02-21,RC1174,Backup,V951694,Alvarez-Garrison Pharma,2025-03-05,Cc-4367,2026-01-09,Yes,SO-123482,2026-09-03,2025-01-24,Standard,2025-02-04,2025-01-21,Global
18BE1300-48F,ZPP1,CT-8970-PLO,Closed,LOT-14354504,LY6692170,MAT-86920,PCN-24937,Wall,Former,Per,Interest,EA,111,301,248,PK-787292,106,110,MRP-105,3659685072,G1 Clinical,Amount,2025-01-28,2025-03-22,2025-08-11,9,20,2025-05-28,2024-07-07,Writer,US01,High,US01 Manufacturing,OP10,2026-08-10,2025-02-19,RC8328,Backup,V120852,Lee Inc Pharma,2024-10-28,mi-7012,2024-01-21,Yes,SO-142105,2025-07-21,2025-02-10,Standard,2025-03-06,2025-02-08,Regional
2A431C19-BD6,ZDOM,CT-6551-IBW,Released,LOT-20749320,LY4827777,MAT-52579,PCN-12735,Price,Attorney,Imagine,Lead,EA,111,440,440,PK-310802,120,107,MRP-109,8107006875,G1 Clinical,Actually,2024-12-26,2025-01-31,2024-10-24,16,5,2023-12-26,2026-04-10,Unit,US01,Old,US01 Manufacturing,OP79,2024-03-29,2025-09-13,RC6761,Primary,V374492,Smith Inc Pharma,2024-09-22,Ub-4048,2026-08-31,Yes,SO-469890,2023-11-20,2025-01-13,Express,2025-01-18,2025-01-14,Study Only
B91ED3F0-13C,ZDOM,CT-6109-EDZ,Closed,LOT-70811881,LY3151274,MAT-86168,PCN-55335,Heavy,Concern,Answer,Wish,EA,199,318,482,PK-528855,205,195,MRP-119,8383501356,G1 Clinical,Determine,2024-11-08,2024-12-28,2025-08-11,17,19,2024-05-28,2026-04-25,Player,AP03,Step,AP03 Manufacturing,OP25,2024-03-10,2025-11-21,RC6339,Backup,V636589,Gonzalez-Oconnor Pharma,2026-02-16,sq-1919,2025-10-12,No,SO-364640,2024-08-23,2024-11-26,Express,2024-12-13,2024-11-23,Regional
E9DC4109-30B,ZDOM,CT-1816-RCG,Created,LOT-73297905,LY3873795,MAT-37872,PCN-32738,Year,Social,Cultural,Base,EA,171,365,16,PK-157680,166,166,MRP-110,9384440981,G3 Pilot,After,2025-03-13,2025-04-25,2024-05-29,16,19,2024-09-16,2026-07-22,Black,AP03,Project,AP03 Manufacturing,OP59,2025-07-08,2025-07-10,RC4220,Primary,V275067,"Bautista, Reed and James Pharma",2024-04-10,yG-1844,2024-01-17,No,SO-859635,2026-07-09,2025-03-29,Express,2025-04-06,2025-03-24,Global
654F1F56-570,ZPP2,CT-7487-KNX,Closed,LOT-90900846,LY6001808,MAT-56157,PCN-84785,Yeah,Public,News,Attention,EA,89,305,262,PK-924169,98,89,MRP-116,3818886689,G3 Pilot,Agent,2025-05-16,2025-06-14,2026-04-27,4,23,2025-11-03,2023-12-31,Information,EU02,Series,EU02 Manufacturing,OP84,2025-02-23,2025-05-13,RC6601,Backup,V547085,"Powell, Wright and Medina Pharma",2025-11-22,PJ-8407,2026-06-21,No,SO-102037,2024-08-13,2025-06-02,Standard,2025-06-09,2025-05-28,Regional
ADA890D8-F3F,ZPP2,CT-9781-BYC,In Progress,LOT-50305764,LY8074538,MAT-96156,PCN-27007,Difficult,Chair,Since,Put,EA,295,77,410,PK-363686,305,291,MRP-110,9979608375,G3 Pilot,Month,2025-07-15,2025-09-03,2025-12-23,5,14,2026-08-05,2024-04-19,Indeed,AP03,Same,AP03 Manufacturing,OP59,2026-04-21,2025-08-28,RC1318,Backup,V964272,Brown Ltd Pharma,2025-11-11,wt-3933,2025-09-11,Yes,SO-403330,2024-06-01,2025-07-25,Standard,2025-08-27,2025-07-28,Study Only
ECE5617D-411,ZDOM,CT-8970-PLO,Created,LOT-74101873,LY1116054,MAT-82398,PCN-77368,Week,Sport,Move,Detail,EA,32,417,490,PK-525186,33,30,MRP-137,5462726991,G2 Commercial,His,2024-12-22,2025-02-17,2025-08-23,21,19,2026-02-24,2024-02-28,Property,EU02,Population,EU02 Manufacturing,OP28,2026-03-23,2025-08-23,RC7060,Backup,V466570,"Turner, Wilson and Schmidt Pharma",2024-03-10,bA-8488,2026-09-16,No,SO-951064,2026-10-16,2025-01-03,Express,2025-02-01,2025-01-02,Study Only
044D2FC6-0A1,ZDOM,CT-7484-BIH,Completed,LOT-26012891,LY9835139,MAT-66257,PCN-52656,Miss,Half,Without,Senior,EA,119,225,190,PK-965261,115,115,MRP-133,9287185434,G3 Pilot,Here,2025-09-25,2025-11-15,2026-09-06,6,21,2025-04-29,2025-10-17,Blood,LAT04,A,LAT04 Manufacturing,OP26,2024-03-11,2026-10-13,RC8712,Primary,V186689,Miranda Ltd Pharma,2024-11-30,YX-1440,2026-04-21,Yes,SO-250953,2026-06-17,2025-10-15,Standard,2025-10-30,2025-10-08,Global
954B5F54-FC0,ZPP2,CT-3472-PNG,Completed,LOT-89268420,LY9618664,MAT-84153,PCN-60139,Mrs,City,Want,Level,EA,233,248,7,PK-701783,228,228,MRP-118,1848269861,G1 Clinical,Expect,2024-12-25,2025-01-28,2026-09-25,20,8,2026-03-06,2025-05-25,Run,US01,Degree,US01 Manufacturing,OP32,2025-05-30,2025-09-26,RC1519,Primary,V805971,"Rivera, Rodriguez and Smith Pharma",2024-06-05,Dc-9731,2025-01-16,No,SO-339783,2024-12-28,2025-01-06,Express,2025-01-14,2025-01-07,Study Only
41D466A6-21E,ZDOM,CT-5806-JWO,Released,LOT-70504064,LY7432554,MAT-26378,PCN-52568,Garden,Network,Speech,Himself,EA,166,461,35,PK-736889,171,166,MRP-126,5604696112,G3 Pilot,You,2025-10-18,2025-12-09,2024-10-06,27,6,2025-09-25,2025-05-19,Modern,AP03,I,AP03 Manufacturing,OP94,2026-04-25,2025-03-12,RC7315,Primary,V998163,Mcclain Ltd Pharma,2024-06-15,Hb-2311,2026-03-21,Yes,SO-600359,2026-09-11,2025-10-31,Standard,2025-11-25,2025-10-27,Regional
7C1A47DE-DD1,ZPP2,CT-6592-IDY,Created,LOT-66123852,LY5382908,MAT-49508,PCN-97045,Hundred,Tv,Different,Keep,EA,54,432,320,PK-360031,54,51,MRP-116,5133744846,G1 Clinical,Message,2025-01-19,2025-02-18,2025-08-06,30,20,2024-09-09,2026-01-22,Certain,LAT04,End,LAT04 Manufacturing,OP67,2024-02-05,2025-09-21,RC8476,Primary,V125531,Washington and Sons Pharma,2025-11-02,gP-1375,2026-09-21,No,SO-451352,2026-06-01,2025-02-04,Standard,2025-02-09,2025-01-30,Study Only
694E96DC-2A6,ZPP2,CT-8015-GMQ,Closed,LOT-21570201,LY7767231,MAT-74459,PCN-39389,Skin,Leg,Fight,About,EA,71,284,251,PK-425261,67,67,MRP-114,6774927075,G2 Commercial,Name,2025-05-03,2025-07-04,2026-08-19,27,1,2025-03-15,2026-01-02,Top,US01,Campaign,US01 Manufacturing,OP13,2024-11-08,2024-03-29,RC8816,Primary,V626527,Woods-Spears Pharma,2025-08-21,Fg-3868,2026-03-21,Yes,SO-385437,2024-02-13,2025-05-20,Express,2025-06-16,2025-05-19,Study Only
41760EC3-898,ZPP2,CT-9781-BYC,Completed,LOT-72341875,LY7857400,MAT-96156,PCN-71205,Cut,Edge,Until,Born,EA,296,1,399,PK-522628,306,295,MRP-110,5543362494,G3 Pilot,Exist,2024-12-26,2025-02-25,2026-08-14,26,21,2024-04-05,2024-01-31,Control,AP03,Cultural,AP03 Manufacturing,OP55,2024-05-31,2025-12-09,RC6800,Primary,V427054,Griffith Ltd Pharma,2026-01-07,lM-3104,2025-10-12,Yes,SO-656452,2026-01-26,2025-01-14,Express,2025-02-08,2025-01-12,Study Only
CCFEC4B3-889,ZPP1,CT-8970-PLO,Created,LOT-91814441,LY1764975,MAT-85304,PCN-75608,Whole,Off,Over,Religious,EA,13,45,60,PK-392464,19,12,MRP-117,4327386498,G3 Pilot,Draw,2025-10-05,2025-11-08,2024-03-22,7,29,2026-03-26,2025-12-05,Parent,AP03,Where,AP03 Manufacturing,OP88,2025-08-15,2024-01-10,RC3321,Backup,V831908,Zuniga-Buckley Pharma,2024-07-21,yZ-1013,2026-03-11,Yes,SO-824704,2026-04-15,2025-10-25,Express,2025-10-30,2025-10-20,Global
603EDC76-89F,ZDOM,CT-7487-KNX,Closed,LOT-90900846,LY2341808,MAT-56157,PCN-69461,School,Tree,Environment,Success,EA,293,401,168,PK-418498,300,292,MRP-116,5574403927,G1 Clinical,General,2025-08-02,2025-09-16,2025-10-05,12,7,2025-12-01,2025-02-07,Company,EU02,Establish,EU02 Manufacturing,OP76,2026-02-26,2023-12-10,RC4034,Backup,V333208,Sanchez-Mosley Pharma,2024-01-22,DP-6307,2024-01-11,No,SO-821488,2025-10-08,2025-08-15,Standard,2025-09-01,2025-08-16,Study Only
535A2ABA-732,ZPP1,CT-1816-RCG,Created,LOT-60968631,LY4838634,MAT-37872,PCN-92908,Economy,Want,Affect,Degree,EA,249,259,432,PK-153287,253,248,MRP-110,2343895333,G3 Pilot,How,2025-04-09,2025-05-25,2026-02-20,7,2,2023-11-22,2026-05-11,Your,AP03,Your,AP03 Manufacturing,OP75,2025-11-10,2026-01-25,RC4866,Backup,V903850,Rodriguez LLC Pharma,2024-05-20,Nc-8139,2025-02-14,No,SO-496515,2025-08-04,2025-04-30,Standard,2025-05-11,2025-04-25,Global
060D2D29-5FD,ZDOM,CT-8015-GMQ,Created,LOT-49095565,LY8964232,MAT-74459,PCN-89464,Live,Draw,Capital,Bit,EA,214,167,295,PK-908414,213,211,MRP-114,8019496391,G1 Clinical,Recent,2025-10-24,2025-11-27,2024-08-27,15,29,2025-08-11,2024-12-03,Measure,US01,Third,US01 Manufacturing,OP32,2024-02-04,2026-01-30,RC3564,Primary,V957493,Carney Inc Pharma,2025-08-21,jd-5506,2026-08-23,No,SO-630704,2025-11-14,2025-11-04,Express,2025-11-17,2025-11-05,Regional
29C1FE4B-0BF,ZPP2,CT-3472-PNG,Completed,LOT-22463904,LY3182170,MAT-45907,PCN-76566,Continue,But,Material,Grow,EA,160,316,285,PK-922378,167,160,MRP-115,6896251285,G1 Clinical,Help,2025-03-14,2025-04-12,2026-03-17,22,3,2025-07-25,2024-03-14,Statement,LAT04,Ahead,LAT04 Manufacturing,OP80,2025-05-20,2026-03-21,RC7157,Backup,V399866,Mccullough Ltd Pharma,2026-10-30,ct-5239,2025-05-09,Yes,SO-322198,2026-07-25,2025-03-30,Express,2025-03-25,2025-03-25,Study Only
CD20E168-B67,ZPP2,CT-3395-UCM,Closed,LOT-52789053,LY8433021,MAT-82814,PCN-90156,Community,Ask,Push,Team,EA,65,194,458,PK-727765,71,64,MRP-110,2599881602,G2 Commercial,Job,2025-09-13,2025-10-14,2026-11-08,26,17,2024-07-22,2026-03-01,Church,LAT04,How,LAT04 Manufacturing,OP25,2026-05-19,2025-06-27,RC9094,Backup,V639407,"Wright, Nunez and Clay Pharma",2026-02-03,yw-4696,2026-01-18,Yes,SO-772224,2024-06-09,2025-10-01,Express,2025-10-09,2025-10-01,Global
F810F57F-82C,ZPP2,CT-3636-AVP,Created,LOT-41301239,LY3641626,MAT-46171,PCN-21225,Example,Low,Thank,Various,EA,131,180,399,PK-671115,133,129,MRP-136,8680276516,G2 Commercial,Ground,2025-01-23,2025-03-10,2024-03-08,29,18,2025-12-19,2025-12-27,Career,AP03,Science,AP03 Manufacturing,OP69,2024-10-08,2024-11-12,RC8338,Primary,V259270,Garza-Powell Pharma,2025-06-12,bf-0883,2024-07-17,Yes,SO-637244,2024-10-05,2025-02-10,Express,2025-02-25,2025-02-10,Study Only
F58F8FB7-75D,ZPP1,CT-8015-GMQ,Completed,LOT-21570201,LY7948159,MAT-74459,PCN-24077,Language,Area,Two,Cut,EA,196,82,335,PK-101149,191,194,MRP-114,8448822070,G2 Commercial,Issue,2025-02-05,2025-03-18,2024-06-14,14,8,2025-01-06,2026-03-08,It,US01,Still,US01 Manufacturing,OP41,2026-08-28,2025-07-05,RC5155,Primary,V403850,Abbott Group Pharma,2024-10-28,Fo-5213,2026-02-22,No,SO-444160,2025-02-21,2025-02-17,Express,2025-03-02,2025-02-17,Global
A8BF7403-DA8,ZDOM,CT-4229-AWU,Released,LOT-66136964,LY8820601,MAT-40089,PCN-85962,A,Decide,Language,Including,EA,97,130,197,PK-193869,94,92,MRP-126,7884197314,G2 Commercial,Provide,2025-05-08,2025-07-02,2024-11-22,5,22,2024-03-10,2026-10-19,Time,EU02,No,EU02 Manufacturing,OP80,2025-01-05,2025-12-18,RC2631,Primary,V278723,Yates-Watson Pharma,2023-12-06,Np-8549,2023-12-27,No,SO-239414,2026-08-08,2025-06-01,Standard,2025-06-16,2025-05-26,Global
22D3A96C-CE5,ZPP2,CT-3472-PNG,Released,LOT-21437748,LY5275852,MAT-84153,PCN-94247,Guy,Exactly,We,Push,EA,171,363,275,PK-256498,170,168,MRP-118,1994017297,G2 Commercial,Minute,2025-05-03,2025-06-05,2026-04-10,2,17,2026-03-09,2026-03-24,Experience,US01,Form,US01 Manufacturing,OP37,2024-06-26,2025-10-25,RC3936,Backup,V347561,Anderson-Delacruz Pharma,2025-07-02,KG-7517,2025-04-01,No,SO-828376,2024-03-13,2025-05-17,Express,2025-05-31,2025-05-13,Global
6BBDED17-78C,ZDOM,CT-8015-GMQ,Created,LOT-21570201,LY6498637,MAT-74459,PCN-35022,Party,Age,For,How,EA,227,175,463,PK-711420,225,222,MRP-114,5202928945,G2 Commercial,Company,2024-11-18,2025-01-01,2026-08-15,10,10,2026-10-09,2026-03-19,Stand,US01,Prevent,US01 Manufacturing,OP32,2026-09-21,2024-03-14,RC7775,Backup,V228750,Flores-Carson Pharma,2026-07-20,fc-9319,2025-10-18,No,SO-615163,2025-03-27,2024-12-13,Standard,2024-12-27,2024-12-09,Study Only
D1C0BAB1-86B,ZDOM,CT-9781-BYC,Created,LOT-96443919,LY7580318,MAT-31615,PCN-14697,Them,Join,Ten,Knowledge,EA,225,314,463,PK-850639,223,222,MRP-122,8636468330,G2 Commercial,Here,2025-06-08,2025-07-31,2026-10-22,20,2,2025-04-16,2024-03-28,Hour,EU02,None,EU02 Manufacturing,OP49,2024-06-06,2026-05-16,RC9880,Backup,V451074,Fletcher Inc Pharma,2026-05-13,nx-0723,2025-12-22,No,SO-860213,2024-08-15,2025-07-03,Express,2025-07-24,2025-06-25,Global
7E8BFE7E-71C,ZPP2,CT-1696-SCY,Created,LOT-44491067,LY7182959,MAT-78401,PCN-41751,Federal,Itself,Sense,Brother,EA,271,122,164,PK-894544,277,266,MRP-103,2714282547,G3 Pilot,North,2025-02-16,2025-03-29,2024-01-20,21,16,2025-03-20,2026-05-16,Term,US01,Finally,US01 Manufacturing,OP26,2026-04-06,2025-04-04,RC7196,Backup,V611749,"Stewart, Collins and Morrison Pharma",2024-10-25,eb-1720,2024-05-15,No,SO-309427,2024-10-09,2025-03-06,Express,2025-03-14,2025-03-04,Study Only
C8C1DDA2-376,ZDOM,CT-7484-BIH,Completed,LOT-65547337,LY6351401,MAT-74247,PCN-76053,If,Sea,Draw,Growth,EA,115,124,394,PK-811748,125,110,MRP-131,6976939943,G3 Pilot,Tax,2025-06-20,2025-07-30,2024-12-14,15,12,2024-02-26,2025-11-28,Leg,EU02,Mr,EU02 Manufacturing,OP10,2026-08-05,2025-09-22,RC2458,Primary,V111818,"Torres, Brown and Patel Pharma",2024-07-12,Jk-5916,2024-01-02,Yes,SO-533099,2025-12-14,2025-07-03,Express,2025-07-14,2025-07-06,Regional
F038C3DD-DF4,ZDOM,CT-9831-IEW,Closed,LOT-82476241,LY1870561,MAT-16078,PCN-23307,Result,Million,Middle,Assume,EA,204,185,107,PK-950089,204,204,MRP-139,2402222422,G3 Pilot,Attention,2024-11-22,2025-01-07,2026-07-29,22,20,2025-04-03,2024-05-01,Wonder,LAT04,Game,LAT04 Manufacturing,OP47,2026-03-08,2025-02-26,RC8485,Backup,V600127,"Owens, Weaver and Gonzalez Pharma",2026-05-06,dL-4484,2026-03-05,Yes,SO-612447,2026-03-12,2024-12-07,Standard,2024-12-22,2024-12-05,Regional
86905D6E-07A,ZPP1,CT-2004-PSX,Released,LOT-68153288,LY3833045,MAT-97442,PCN-83496,Sense,Treatment,Western,Year,EA,218,354,164,PK-128600,216,216,MRP-101,9032168953,G3 Pilot,Question,2025-04-12,2025-06-05,2026-05-08,2,4,2025-03-31,2026-09-03,Understand,EU02,View,EU02 Manufacturing,OP58,2025-08-24,2025-08-31,RC1646,Backup,V689044,Griffith-Chavez Pharma,2024-01-21,gJ-8668,2025-07-01,No,SO-581313,2025-01-14,2025-05-04,Standard,2025-05-17,2025-04-28,Global
974CD620-D0E,ZPP2,CT-6910-RDE,Closed,LOT-34198332,LY8214647,MAT-22108,PCN-83339,Cover,Final,Them,Arrive,EA,239,130,306,PK-239930,241,235,MRP-102,4645988244,G2 Commercial,Result,2025-10-20,2025-11-29,2024-02-08,8,22,2025-03-25,2024-12-30,Start,US01,Sense,US01 Manufacturing,OP58,2025-10-07,2025-03-17,RC9824,Backup,V952480,Kerr-Wells Pharma,2026-01-16,Tf-4706,2024-12-24,Yes,SO-357762,2026-07-16,2025-10-27,Express,2025-11-10,2025-11-01,Global
A124C449-F40,ZPP2,CT-6109-EDZ,Created,LOT-57559766,LY9139127,MAT-14039,PCN-27430,Live,Late,Yet,Speech,EA,284,331,2,PK-611784,293,279,MRP-115,5266148344,G2 Commercial,International,2025-06-19,2025-08-06,2024-04-12,20,28,2025-01-14,2026-09-24,Majority,EU02,East,EU02 Manufacturing,OP26,2024-06-18,2025-04-01,RC2357,Backup,V925805,"Martinez, Allen and Phillips Pharma",2024-09-13,dt-2581,2023-11-18,No,SO-275064,2025-05-17,2025-06-30,Express,2025-07-28,2025-07-05,Global
37B5CD9F-E09,ZPP2,CT-9771-CZL,In Progress,LOT-73505709,LY2900019,MAT-22610,PCN-52741,Science,Anyone,Upon,Late,EA,282,215,141,PK-198348,283,277,MRP-108,2453965513,G1 Clinical,Decade,2025-03-31,2025-05-24,2024-12-06,16,12,2023-12-22,2026-03-28,End,LAT04,Too,LAT04 Manufacturing,OP76,2024-05-24,2025-10-17,RC1614,Primary,V392918,"Rivers, Lowe and Johnson Pharma",2023-12-08,zW-5122,2025-07-27,Yes,SO-504991,2025-06-13,2025-04-21,Express,2025-05-10,2025-04-19,Global
99D24A00-746,ZPP1,CT-3228-ZKT,In Progress,LOT-56689918,LY7167969,MAT-30703,PCN-71585,Foot,Someone,Couple,All,EA,295,244,88,PK-283858,295,291,MRP-124,7319825723,G2 Commercial,Interesting,2025-06-05,2025-07-08,2025-09-06,7,1,2025-07-17,2025-01-28,Score,AP03,Election,AP03 Manufacturing,OP22,2024-02-26,2023-12-11,RC7854,Primary,V663804,Monroe-Lane Pharma,2024-04-25,ZU-9653,2024-05-14,No,SO-707756,2025-05-27,2025-06-19,Express,2025-06-27,2025-06-13,Regional
105D5698-13F,ZPP1,CT-8742-ECD,Created,LOT-99482219,LY6723077,MAT-47140,PCN-75801,Tv,Son,Special,Positive,EA,39,181,110,PK-100872,37,39,MRP-111,4318047249,G1 Clinical,However,2025-09-10,2025-10-21,2024-05-24,23,12,2024-12-02,2023-12-21,Event,US01,Important,US01 Manufacturing,OP48,2026-11-07,2025-04-21,RC3028,Primary,V779788,Jones-Porter Pharma,2026-08-24,MU-5102,2025-09-06,Yes,SO-715270,2024-06-27,2025-10-01,Express,2025-10-08,2025-09-26,Global
4C90F0B2-38C,ZPP2,CT-7487-KNX,Released,LOT-90900846,LY5066590,MAT-56157,PCN-48946,Contain,Article,Summer,Exist,EA,35,427,229,PK-467591,44,32,MRP-116,4108611034,G1 Clinical,Daughter,2025-01-29,2025-03-12,2026-01-24,3,23,2025-05-05,2025-08-19,Individual,EU02,Provide,EU02 Manufacturing,OP21,2025-08-12,2024-01-22,RC1349,Backup,V680279,"Davila, Hernandez and Butler Pharma",2025-12-01,qi-6708,2024-09-24,Yes,SO-450378,2025-07-22,2025-02-17,Standard,2025-02-21,2025-02-18,Global
D12FEB9C-3EF,ZPP1,CT-8872-GKR,Completed,LOT-92214561,LY8735298,MAT-66331,PCN-29912,Various,Represent,Entire,News,EA,293,93,229,PK-935453,289,293,MRP-111,9480558985,G1 Clinical,Arrive,2025-08-05,2025-08-30,2024-09-17,16,18,2025-07-15,2024-11-16,Trial,LAT04,Southern,LAT04 Manufacturing,OP21,2026-05-19,2024-02-13,RC9439,Primary,V498538,"Maxwell, Edwards and Watts Pharma",2026-05-12,hS-5840,2024-12-06,No,SO-695308,2024-10-23,2025-08-18,Express,2025-08-21,2025-08-21,Study Only
703C84BA-54F,ZPP2,CT-5806-JWO,Completed,LOT-89350866,LY6673318,MAT-81584,PCN-48068,Notice,Spend,Should,Never,EA,176,42,143,PK-826643,179,174,MRP-136,4347377304,G2 Commercial,Worry,2024-12-08,2025-01-15,2024-01-29,17,10,2026-04-30,2025-06-26,Ever,US01,Start,US01 Manufacturing,OP72,2026-02-20,2025-08-25,RC3540,Primary,V661887,"Foster, Campos and Hawkins Pharma",2025-08-21,dL-9776,2026-11-04,Yes,SO-798154,2025-01-03,2024-12-15,Standard,2025-01-08,2024-12-16,Global
6AA14615-5B4,ZPP1,CT-1816-RCG,In Progress,LOT-73297905,LY7103421,MAT-37872,PCN-17684,Ok,Skin,Bit,Relationship,EA,222,458,195,PK-101113,221,217,MRP-110,9137775645,G3 Pilot,Third,2025-05-11,2025-07-12,2024-11-23,16,2,2025-03-24,2025-12-15,Firm,AP03,Single,AP03 Manufacturing,OP14,2024-08-14,2024-06-07,RC5418,Primary,V630371,Jackson Ltd Pharma,2024-08-30,AE-7803,2026-10-28,No,SO-843213,2026-06-13,2025-05-30,Express,2025-06-24,2025-05-30,Global
79EDC353-4DF,ZPP2,CT-9781-BYC,Created,LOT-60226706,LY9832438,MAT-96156,PCN-27806,Concern,Either,Example,Big,EA,253,482,495,PK-167471,259,250,MRP-110,1281026940,G2 Commercial,Specific,2025-09-24,2025-10-18,2024-09-10,9,1,2023-11-22,2026-07-26,Why,AP03,Democratic,AP03 Manufacturing,OP71,2024-05-04,2025-07-17,RC5330,Backup,V372300,"Henry, Morales and Hale Pharma",2025-06-03,rE-3355,2026-01-26,No,SO-611521,2025-03-27,2025-10-14,Express,2025-10-09,2025-10-09,Regional
AD35DE4B-215,ZDOM,CT-6910-RDE,Completed,LOT-16824774,LY8269802,MAT-93657,PCN-35671,Upon,Republican,Especially,One,EA,240,325,406,PK-603131,238,235,MRP-109,1943864295,G1 Clinical,Writer,2025-02-08,2025-03-31,2026-04-18,23,23,2026-09-16,2026-11-04,Idea,AP03,Author,AP03 Manufacturing,OP86,2026-05-12,2024-05-16,RC2955,Primary,V697752,Palmer-Hughes Pharma,2025-05-01,nq-5625,2024-03-24,Yes,SO-849825,2024-08-16,2025-02-23,Express,2025-03-16,2025-02-24,Study Only
5BF6AB13-B1D,ZPP2,CT-9781-BYC,Closed,LOT-76547161,LY2181598,MAT-98864,PCN-53439,Strategy,Score,Between,Sometimes,EA,106,273,314,PK-169348,103,102,MRP-119,5869875123,G2 Commercial,Next,2025-10-15,2025-12-06,2025-05-24,29,10,2026-07-29,2026-11-12,While,AP03,Population,AP03 Manufacturing,OP86,2026-07-05,2026-09-19,RC5034,Primary,V878196,Martinez-Reed Pharma,2024-08-28,SA-3391,2024-11-28,No,SO-140655,2026-10-27,2025-10-30,Express,2025-11-25,2025-10-29,Regional
820B4015-B5D,ZPP2,CT-2004-PSX,Created,LOT-39007987,LY5887073,MAT-32011,PCN-56350,Impact,Keep,Then,Every,EA,29,56,35,PK-532834,35,28,MRP-134,5715063720,G2 Commercial,While,2025-09-15,2025-10-22,2025-07-31,15,8,2025-02-27,2026-09-17,Policy,EU02,Industry,EU02 Manufacturing,OP62,2026-04-11,2024-07-30,RC9941,Backup,V195917,Taylor Group Pharma,2026-01-15,Ah-7041,2026-02-17,Yes,SO-111159,2024-01-17,2025-10-01,Standard,2025-10-08,2025-10-02,Regional
CC4ACAE6-0A8,ZPP1,CT-9771-CZL,Released,LOT-16473868,LY8820038,MAT-22610,PCN-10461,In,Support,Traditional,Quality,EA,73,42,396,PK-557856,81,70,MRP-108,3593874243,G1 Clinical,Return,2024-12-24,2025-02-10,2024-08-30,9,3,2025-06-18,2026-07-26,Certainly,LAT04,Life,LAT04 Manufacturing,OP12,2025-02-20,2025-02-04,RC3485,Backup,V200569,"Sampson, Green and Conway Pharma",2026-02-08,hf-9630,2026-01-23,No,SO-996524,2025-10-25,2025-01-08,Express,2025-01-26,2025-01-07,Regional
420B1E11-8DA,ZDOM,CT-8015-GMQ,Closed,LOT-21570201,LY7159029,MAT-74459,PCN-80726,Health,Better,Use,Catch,EA,93,411,484,PK-991951,99,90,MRP-114,2478343144,G3 Pilot,Rather,2025-01-02,2025-02-21,2026-10-17,16,8,2025-01-27,2026-08-04,Child,US01,Boy,US01 Manufacturing,OP26,2026-07-03,2025-08-18,RC6238,Primary,V389764,Reed LLC Pharma,2024-01-26,Zz-5316,2024-09-02,No,SO-177227,2024-08-02,2025-01-13,Standard,2025-02-06,2025-01-19,Global
0ACC4422-7D1,ZPP2,CT-3636-AVP,Completed,LOT-27778437,LY8021426,MAT-54383,PCN-94865,Talk,Sing,Figure,Leader,EA,225,84,336,PK-864372,221,222,MRP-108,1146069696,G1 Clinical,Quickly,2025-03-25,2025-05-18,2025-11-20,22,25,2024-07-16,2025-03-23,Report,EU02,Feel,EU02 Manufacturing,OP55,2025-12-05,2024-04-14,RC2577,Primary,V448949,"Morgan, Gilbert and Jones Pharma",2023-12-03,UV-5354,2025-12-13,No,SO-143487,2025-05-23,2025-04-10,Express,2025-05-02,2025-04-08,Global
AED5210F-538,ZPP1,CT-7487-KNX,Created,LOT-25529234,LY5491604,MAT-56157,PCN-87845,Stuff,Security,Home,Create,EA,170,98,125,PK-909898,170,169,MRP-116,5452596019,G3 Pilot,Pass,2025-10-26,2025-12-22,2025-04-15,30,22,2026-08-02,2024-05-18,Its,EU02,Example,EU02 Manufacturing,OP74,2025-01-14,2025-02-02,RC2878,Backup,V323665,Fox-Anderson Pharma,2026-10-11,Ry-8922,2025-05-20,Yes,SO-384877,2026-07-02,2025-11-14,Standard,2025-12-03,2025-11-06,Regional
F2407184-2CE,ZPP1,CT-9771-CZL,Completed,LOT-16473868,LY7978609,MAT-22610,PCN-93116,Statement,Interest,Successful,Goal,EA,65,332,112,PK-736370,66,61,MRP-108,4028707076,G2 Commercial,Spend,2025-07-05,2025-08-08,2024-07-21,14,19,2024-12-27,2025-09-10,Whatever,LAT04,Table,LAT04 Manufacturing,OP55,2026-10-13,2026-08-15,RC6075,Primary,V384859,"Wilson, Martin and Little Pharma",2026-09-09,FV-6268,2026-09-05,Yes,SO-596357,2024-02-18,2025-07-12,Express,2025-07-29,2025-07-14,Global
38951FD6-B03,ZDOM,CT-3395-UCM,Completed,LOT-30151730,LY4746643,MAT-40706,PCN-85508,Important,Nice,Take,Indicate,EA,226,103,308,PK-680731,233,221,MRP-103,6927051974,G1 Clinical,Participant,2025-01-15,2025-03-03,2026-09-06,9,30,2025-07-25,2023-12-05,Admit,US01,Information,US01 Manufacturing,OP24,2025-11-29,2025-06-30,RC1987,Backup,V215234,Novak-Warren Pharma,2024-01-13,LX-5251,2026-06-22,Yes,SO-705388,2023-11-20,2025-02-05,Express,2025-02-14,2025-02-02,Regional
96B625BB-687,ZDOM,CT-6551-IBW,Completed,LOT-20749320,LY2141897,MAT-52579,PCN-44069,Assume,From,Apply,Focus,EA,154,365,362,PK-789758,160,151,MRP-109,8712907884,G2 Commercial,Individual,2025-06-20,2025-07-27,2025-12-15,3,23,2026-02-05,2026-03-22,Drive,US01,Fall,US01 Manufacturing,OP67,2025-09-21,2024-01-12,RC9122,Backup,V732221,"Simmons, Wood and Peterson Pharma",2024-11-08,sr-1052,2026-08-25,Yes,SO-708315,2024-12-17,2025-07-07,Standard,2025-07-20,2025-07-09,Study Only
