Trial Alias,Plant ID,Planning Plant,Material ID,Material,MRP element data,MRP element number,Abbreviation for MRP element,Account Number of Vendor or Creditor,Availability indicator,Calendar Day,Calendar Year,Calendar Year/Week,Customer name,Source number for order,Customer Number,Delivery/order finish date,Quantity received or quantity required,Issuing/Receiving Storage Location,Exception message number,Receipt/issue indicator,Receipt/Requirements date,Request Transaction Sequence Number,Rescheduling date,Start/release date,Storage Location,Tracking Number,Vendor name
CT-6910-RDE,AP03,AP03,MAT-93657,Dog Patch,Order,C87DA7B5-D02,MRP-58,66,Firm,2025-01-01,Detail,Sign,Lopez LLC,F038C3DD-DF4,4656212,2025-02-09,92,Enough,819430786,Particularly,2025-02-13,25907114,2025-09-11,2025-01-11,Officer,TRK61505227,Williams-James Pharma
CT-3472-PNG,US01,US01,MAT-22152,Culture Solution,Order,502EC192-A84,MRP-17,245,Check,2026-06-10,Fire,Design,Walsh LLC,95696318-323,8258376,2025-06-09,63,Activity,971052201,Child,2025-06-06,46707928,2024-03-15,2024-12-12,Environmental,TRK52631769,Sharp and Sons Pharma
CT-8970-PLO,AP03,AP03,MAT-85304,Artist Solution,Order,D30AB6AE-A77,MRP-14,423,She,2024-10-14,Somebody,Response,Austin Ltd,81962565-3BA,5497430,2025-10-23,90,If,501473804,Ago,2025-10-23,13983932,2023-12-30,2026-03-20,Financial,TRK59960780,"Mckenzie, Norman and Hansen Pharma"
CT-6109-EDZ,AP03,AP03,MAT-86168,Run Solution,Order,93E2AB3B-625,MRP-28,116,Relate,2024-10-24,Enjoy,Owner,Vega Ltd,1591A2AC-D6F,7237189,2025-06-28,223,Push,339175086,For,2025-07-02,18190808,2026-09-22,2024-02-11,Learn,TRK83333906,Landry-Sutton Pharma
CT-8742-ECD,EU02,EU02,MAT-15875,Happy Solution,Order,49D908EC-D19,MRP-51,177,Report,2024-05-02,Imagine,Argue,"Norris, Carlson and Mooney",661396B5-BE2,6056132,2025-07-10,139,Investment,784982101,Whom,2025-07-12,97900986,2025-07-13,2024-03-21,Central,TRK88156454,Phillips-Anderson Pharma
CT-6910-RDE,EU02,EU02,MAT-33689,South Capsule,Order,7F8EA55C-605,MRP-56,230,Design,2025-10-24,Bill,Environment,Barry LLC,C8CA32C6-E9E,8983437,2024-12-31,140,Song,214859282,They,2025-01-03,43954216,2025-12-12,2024-09-13,Someone,TRK58167826,Martin Ltd Pharma
CT-5014-EEP,LAT04,LAT04,MAT-39627,Fund Tablet,Order,AB2CA71A-47C,MRP-96,200,Simply,2025-10-30,Mouth,Ever,"Young, Lee and Anderson",E1DECF3D-AD6,9458908,2024-12-28,262,Page,664879866,Add,2025-01-01,87597730,2026-10-27,2024-10-12,Buy,TRK26489253,King Group Pharma
CT-2004-PSX,EU02,EU02,MAT-60599,Traditional Patch,Order,EA3FBE37-E91,MRP-78,367,Rather,2025-01-16,Those,Central,Ford LLC,A3929C23-5C7,9171593,2025-02-06,25,Sing,246513868,Behind,2025-02-11,97656114,2026-05-27,2024-03-12,Late,TRK59290821,Mahoney Ltd Pharma
CT-9831-IEW,LAT04,LAT04,MAT-16078,Stock Patch,Order,C2863B49-6B7,MRP-48,24,Leg,2025-11-01,Shoulder,Degree,"Duncan, Rivera and Morgan",A7AEB7DC-2CF,7471384,2025-04-06,290,Blue,185125876,Tonight,2025-04-08,79170485,2025-11-22,2025-06-19,Add,TRK48391538,"Evans, White and Lee Pharma"
CT-7484-BIH,AP03,AP03,MAT-66374,Oil Tablet,Order,7EA3E715-4EB,MRP-72,168,Office,2024-04-13,Per,Hot,Graham Ltd,A7510327-2D1,9203905,2025-11-20,31,Outside,306797828,Audience,2025-11-21,22106218,2024-01-15,2026-04-01,Build,TRK61582462,"King, Koch and Campbell Pharma"
CT-3395-UCM,US01,US01,MAT-40706,Keep Capsule,Order,F52B62BD-E91,MRP-71,293,Record,2025-05-23,Site,Wall,Gibson-Lopez,93E2AB3B-625,7643287,2025-05-13,122,Laugh,555077031,Network,2025-05-18,17670073,2025-01-02,2024-03-05,Major,TRK92020390,Mills-Gray Pharma
CT-1696-SCY,US01,US01,MAT-78401,Expect Tablet,Order,D465FA61-668,MRP-21,279,Different,2024-08-18,Within,Within,Smith-Jacobs,19B119B0-986,5812565,2025-03-04,197,Or,332454071,Bill,2025-03-01,60158205,2025-02-06,2026-08-03,Skin,TRK69613135,"Nolan, Smith and Barker Pharma"
CT-6592-IDY,LAT04,LAT04,MAT-49508,Able Patch,Order,BAFF899E-7D4,MRP-70,452,Vote,2023-12-12,Girl,Reveal,Spencer Group,A7510327-2D1,6724173,2024-12-06,12,Reveal,414005302,Language,2024-12-08,77931973,2025-03-04,2026-08-13,Course,TRK16044193,Patterson Group Pharma
CT-3472-PNG,US01,US01,MAT-22152,Culture Solution,Order,082EC977-749,MRP-10,172,Street,2024-01-16,Up,Manage,Chavez PLC,C9553C30-3C9,2217489,2025-09-27,242,Probably,175627244,Under,2025-10-01,24205793,2026-06-30,2023-12-09,Say,TRK26443086,"Castaneda, Kelley and Wilson Pharma"
CT-8742-ECD,EU02,EU02,MAT-15875,Happy Solution,Order,1DE4A4D7-80D,MRP-48,118,Describe,2025-10-17,Gas,Send,Hensley-Sims,092A544D-1B7,8381874,2025-11-13,171,Society,261945571,Owner,2025-11-10,35912719,2026-08-19,2025-11-27,Research,TRK66152699,George and Sons Pharma
CT-7487-KNX,US01,US01,MAT-59372,Issue Patch,Order,4FFC728A-450,MRP-69,178,Answer,2024-05-10,Hit,Activity,Hartman Group,F58F8FB7-75D,6859269,2025-10-16,23,Discussion,113837381,Arrive,2025-10-15,30170618,2024-10-26,2025-07-06,Any,TRK02309742,Moore-Villarreal Pharma
CT-6551-IBW,EU02,EU02,MAT-79992,Anyone Tablet,Order,BE0807F8-705,MRP-40,31,Record,2025-08-06,Travel,Couple,Berg Inc,603EDC76-89F,1384621,2025-04-23,175,Now,950998956,Power,2025-04-27,76053269,2026-10-03,2026-09-29,Nearly,TRK97184020,Ross-Powers Pharma
CT-9781-BYC,EU02,EU02,MAT-31615,Trouble Capsule,Order,C863EED3-4DE,MRP-27,124,Radio,2025-07-17,Strategy,Act,Lopez PLC,41D466A6-21E,5864208,2025-03-24,107,Outside,543815454,Break,2025-03-26,43136307,2026-09-05,2025-03-12,These,TRK63123203,Kelley-Jones Pharma
CT-9831-IEW,AP03,AP03,MAT-49651,High Injection,Order,1591A2AC-D6F,MRP-68,47,Century,2026-07-25,Record,Indeed,Grimes Inc,9F746DC7-45B,4525020,2025-01-18,16,Bag,906474688,Wish,2025-01-22,20135430,2026-06-14,2025-01-28,Education,TRK61591241,Smith-Perez Pharma
CT-7484-BIH,LAT04,LAT04,MAT-66257,Hundred Solution,Order,805781A7-E1A,MRP-22,420,Paper,2024-01-27,A,Total,Brown-Miller,79E2FD5B-55E,7430427,2025-05-02,229,Could,624402982,Professional,2025-05-06,31683483,2024-01-10,2026-04-05,Foot,TRK06013290,Lee-Price Pharma
CT-8742-ECD,LAT04,LAT04,MAT-16848,Blue Patch,Order,13D53FD1-2EA,MRP-14,445,The,2025-06-07,Can,However,Riddle-Smith,AED5210F-538,2141619,2025-10-09,20,Case,656782264,Write,2025-10-12,55981183,2025-12-29,2025-07-20,Mouth,TRK73673267,Ortiz Ltd Pharma
CT-3230-HFO,US01,US01,MAT-73628,Health Solution,Order,354C0CEF-9FF,MRP-99,31,Use,2026-10-04,Everyone,Late,Parker LLC,13D23ECC-032,7294832,2025-04-05,67,Here,572348955,Himself,2025-04-03,31570494,2026-07-03,2026-05-09,Class,TRK95779101,Lamb-Allison Pharma
CT-8742-ECD,EU02,EU02,MAT-15875,Happy Solution,Order,48F49FFF-6F5,MRP-23,245,Media,2024-05-06,Strategy,Value,"Curtis, Bonilla and Norman",2F2C7D94-2CE,1414008,2024-12-27,79,Human,163934327,Sing,2025-01-01,38909069,2024-06-02,2025-03-03,Table,TRK61238219,Moore and Sons Pharma
CT-2004-PSX,EU02,EU02,MAT-97442,Common Patch,Order,37399508-4AE,MRP-63,11,Fear,2026-05-03,Foreign,Usually,Lopez-Peters,F892BADA-B88,9643535,2025-11-02,237,Argue,574271752,For,2025-11-01,32336900,2024-04-18,2025-12-02,Situation,TRK08480112,"Mosley, George and Mckenzie Pharma"
CT-8970-PLO,US01,US01,MAT-86920,Various Solution,Order,9CBEBD35-414,MRP-62,430,System,2025-02-12,Suffer,While,Wilson-Solomon,84B7FABF-DFC,2359546,2025-03-30,190,Protect,876343061,List,2025-03-28,11394745,2024-07-23,2025-05-01,Fish,TRK16995426,Chang-Davis Pharma
CT-6910-RDE,US01,US01,MAT-22108,Win Injection,Order,0559EAA9-2EA,MRP-29,367,Central,2024-04-26,Rise,Apply,Rivas PLC,C3C4CA8C-DA3,6280927,2025-04-22,54,Admit,109937779,Together,2025-04-24,21281020,2025-03-08,2024-02-15,With,TRK85718605,Colon-Holmes Pharma
CT-8742-ECD,EU02,EU02,MAT-47254,Article Tablet,Order,AAD7229E-CD6,MRP-40,52,Health,2025-10-29,Term,Minute,Burns-Palmer,216A0628-CE4,5294294,2025-01-07,212,Many,323778402,Perform,2025-01-12,26828278,2026-01-07,2024-06-22,School,TRK38877990,Wagner PLC Pharma
CT-3636-AVP,EU02,EU02,MAT-54383,Agency Injection,Order,7ECBBF33-951,MRP-13,349,Adult,2024-07-07,Same,And,Smith-Wolfe,7E8BFE7E-71C,2827154,2025-02-16,98,Eat,217252647,Article,2025-02-15,94781842,2024-07-10,2026-09-30,Better,TRK40411276,Lucas Ltd Pharma
CT-6551-IBW,EU02,EU02,MAT-75647,Member Solution,Order,F892BADA-B88,MRP-25,165,Idea,2024-07-06,Politics,Most,Sullivan LLC,9853B6AB-C01,6199841,2025-07-24,177,Become,420373400,Then,2025-07-23,78860096,2025-08-08,2025-01-31,Economic,TRK26679906,Conner-Thompson Pharma
CT-8015-GMQ,US01,US01,MAT-74459,Memory Solution,Order,216A0628-CE4,MRP-44,421,Bit,2024-02-19,Tree,Care,Price Ltd,BEBE3F6F-617,3533096,2025-07-07,268,Itself,886256485,Treatment,2025-07-05,65127519,2025-03-28,2025-09-24,Move,TRK13039109,Morgan-Henry Pharma
CT-3472-PNG,US01,US01,MAT-22152,Culture Solution,Order,661396B5-BE2,MRP-87,47,Increase,2026-02-17,Score,Already,"Russell, Salazar and Wright",87528E6A-790,1537301,2025-05-26,269,For,551180506,Parent,2025-05-24,24788410,2026-08-11,2024-07-31,Worker,TRK97748754,"Tran, Ford and Church Pharma"
CT-3636-AVP,EU02,EU02,MAT-54383,Agency Injection,Order,C1EDEFA4-014,MRP-92,396,On,2024-11-18,Result,Notice,Green Inc,F038C3DD-DF4,9469782,2025-11-27,237,But,620627230,Everybody,2025-11-26,56230818,2026-09-12,2025-03-14,Wonder,TRK45877057,"Roy, Short and Flores Pharma"
CT-5014-EEP,LAT04,LAT04,MAT-39627,Fund Tablet,Order,6779AAB3-F3B,MRP-70,426,Range,2024-06-04,Set,Glass,Ruiz-Boyer,2A431C19-BD6,3527711,2025-09-04,149,However,777950569,Investment,2025-09-05,46406931,2024-01-12,2024-01-30,Reality,TRK59903954,Graham Group Pharma
CT-5014-EEP,LAT04,LAT04,MAT-53554,They Capsule,Order,C39FF96A-D71,MRP-36,123,Street,2026-08-28,Would,Pattern,Thomas Ltd,7F8EA55C-605,8998108,2025-05-24,182,Enjoy,805872809,Democrat,2025-05-21,87678068,2026-07-05,2024-09-01,Create,TRK78251690,King and Sons Pharma
CT-6551-IBW,EU02,EU02,MAT-75647,Member Solution,Order,23447E8F-F1B,MRP-44,171,Tax,2023-11-26,Ready,Pass,Newton PLC,657B8A24-549,5281362,2025-07-29,133,Window,406714550,Make,2025-07-26,93432493,2026-04-29,2025-03-26,Amount,TRK36647054,"Watts, Phelps and Hurst Pharma"
CT-6592-IDY,LAT04,LAT04,MAT-49508,Able Patch,Order,D620F7F5-660,MRP-48,222,Choose,2024-02-10,Forget,My,"Chan, Morris and Jones",BAFF899E-7D4,8475083,2025-04-16,263,Quickly,191433392,Exactly,2025-04-16,37860019,2026-09-12,2024-02-22,Though,TRK06637221,Scott Inc Pharma
CT-6551-IBW,EU02,EU02,MAT-79992,Anyone Tablet,Order,9D1D8DAF-160,MRP-29,443,Suddenly,2024-01-11,Want,Per,Rasmussen and Sons,56F016D1-42A,3436018,2025-01-03,168,Tend,716144593,Stop,2025-01-07,94446394,2026-10-07,2024-11-20,Ever,TRK54095855,Horne PLC Pharma
CT-3228-ZKT,EU02,EU02,MAT-58266,Tree Injection,Order,CCD65B39-FFB,MRP-19,450,Hair,2026-04-22,Southern,Listen,"Sanchez, Acosta and Cruz",E2E08976-B06,8875864,2025-01-11,36,Agree,326680564,Face,2025-01-13,72927002,2024-11-27,2025-05-08,Yard,TRK18523990,Fuller and Sons Pharma
CT-1696-SCY,US01,US01,MAT-78401,Expect Tablet,Order,D9F20807-A58,MRP-44,469,Over,2024-09-08,Must,Three,"Parrish, Rodriguez and Delgado",04FD0749-0E8,6546429,2025-03-31,110,Hard,956392907,After,2025-03-28,20880809,2025-12-29,2025-12-10,Want,TRK88006967,Gentry-Baxter Pharma
CT-3636-AVP,AP03,AP03,MAT-46171,Though Solution,Order,053A9347-DD8,MRP-13,496,Former,2025-11-21,Voice,Explain,"Sanchez, Ross and Lyons",D4D67F91-29D,1975131,2025-02-25,114,Player,750858261,Its,2025-02-24,75965033,2024-02-04,2024-05-23,Result,TRK13786305,"Davis, Lee and Cochran Pharma"
CT-6910-RDE,US01,US01,MAT-22108,Win Injection,Order,33A5606D-712,MRP-59,131,Including,2025-03-01,Ground,Might,"Allison, Morales and Ruiz",46866D25-F7F,5168440,2025-06-14,254,Study,704568649,People,2025-06-16,92177762,2024-01-13,2025-09-16,Moment,TRK17509746,Evans Inc Pharma
CT-9771-CZL,LAT04,LAT04,MAT-22610,Us Solution,Order,EC2064DF-354,MRP-27,138,Society,2024-02-19,Learn,Various,"Coleman, Long and Ho",ECA8CBD1-E04,9949920,2024-12-13,230,Final,762318586,National,2024-12-10,29758413,2025-07-05,2024-09-28,Pick,TRK15283396,Glenn-Clay Pharma
CT-3230-HFO,US01,US01,MAT-73628,Health Solution,Order,C061C212-E16,MRP-32,486,Change,2026-05-05,Establish,Above,"Cruz, Carroll and Cruz",E1DECF3D-AD6,4527267,2025-09-02,291,Huge,980594359,Attack,2025-08-30,18583983,2023-12-14,2026-02-27,Present,TRK49704546,"Morris, Lutz and Wu Pharma"
CT-7487-KNX,US01,US01,MAT-59372,Issue Patch,Order,333F654A-085,MRP-60,171,Result,2024-05-28,Identify,Score,"Smith, Lewis and Thomas",FDCEFEF5-08F,4332586,2025-08-08,45,Democrat,138550392,Take,2025-08-06,30179632,2025-08-15,2025-11-15,True,TRK54277796,Chavez-Rhodes Pharma
CT-6910-RDE,US01,US01,MAT-22108,Win Injection,Order,91976714-574,MRP-52,42,Concern,2025-06-06,Fly,Cold,Friedman LLC,6BF20FDB-A43,3405552,2025-08-10,235,Since,647625625,Beat,2025-08-14,22867459,2024-12-12,2023-12-23,Skin,TRK33111706,Andersen Ltd Pharma
CT-8872-GKR,LAT04,LAT04,MAT-66331,Step Solution,Order,43A721B6-D4D,MRP-70,15,Different,2023-11-20,Or,Field,Rodriguez-Ramirez,D1C0BAB1-86B,1792202,2025-10-15,248,Thousand,664794547,Whom,2025-10-13,44113561,2026-02-17,2024-10-02,Possible,TRK06783947,Allen-Cox Pharma
CT-3472-PNG,LAT04,LAT04,MAT-45907,Speech Patch,Order,CDED8377-18B,MRP-21,227,History,2024-04-17,City,Bed,"Brown, Mendoza and Castillo",6BF20FDB-A43,3565709,2025-07-28,186,Possible,530399100,Understand,2025-07-29,61454503,2025-10-23,2026-10-17,Often,TRK11154296,Parker Group Pharma
CT-7487-KNX,EU02,EU02,MAT-18458,Reason Tablet,Order,E1DECF3D-AD6,MRP-78,218,Front,2026-10-05,Factor,Account,Oliver Inc,C8E46777-965,7824536,2025-04-15,202,Out,958091984,Financial,2025-04-16,44894709,2024-12-06,2026-10-09,Must,TRK82531597,Valencia LLC Pharma
CT-3230-HFO,US01,US01,MAT-73628,Health Solution,Order,F5EA0FB0-86D,MRP-22,363,Trade,2024-07-30,Whether,Pattern,Reese and Sons,43F442CA-654,6831976,2025-04-18,148,Tax,959739274,Minute,2025-04-18,91849246,2025-06-23,2024-04-26,Turn,TRK39167956,"Gutierrez, Lawrence and Bradley Pharma"
CT-9831-IEW,AP03,AP03,MAT-49651,High Injection,Order,A66ABC3D-ED8,MRP-51,231,Very,2024-01-22,Bed,Tough,"Knight, Duke and Henson",CDED8377-18B,7952543,2025-10-24,172,Office,556593622,Happen,2025-10-22,80947670,2026-06-07,2025-07-01,Month,TRK19718525,Shea-Chapman Pharma
CT-3228-ZKT,US01,US01,MAT-61362,Better Tablet,Order,95696318-323,MRP-39,88,Condition,2025-01-18,Rest,Well,Johnson LLC,53E512B4-F07,1185181,2025-01-29,123,Rest,579553820,Rather,2025-01-30,12231137,2025-06-29,2026-07-24,Fly,TRK75317452,"Powell, Madden and Hawkins Pharma"
CT-5014-EEP,LAT04,LAT04,MAT-53554,They Capsule,Order,A7AEB7DC-2CF,MRP-38,428,Soldier,2024-08-05,Key,Free,Dillon Ltd,75038E9B-BA2,9997784,2025-07-23,208,Thus,527374679,Choice,2025-07-21,91123837,2024-12-21,2024-12-08,Camera,TRK92985600,Crawford PLC Pharma
CT-9831-IEW,LAT04,LAT04,MAT-16078,Stock Patch,Order,D4D67F91-29D,MRP-23,334,Around,2024-10-03,Although,Kitchen,"Jackson, Perez and Hernandez",654F1F56-570,8035659,2025-03-20,98,Occur,826984951,Possible,2025-03-24,16809502,2025-12-07,2025-03-14,Claim,TRK41598361,Nichols-Simon Pharma
CT-8970-PLO,EU02,EU02,MAT-84265,Help Solution,Order,06816510-E5D,MRP-25,311,Evidence,2026-09-24,From,Owner,Chandler Group,DA07F536-CAB,7830629,2025-08-16,98,After,884215906,Blood,2025-08-20,36787600,2025-05-21,2023-11-21,Sense,TRK15551841,Church Ltd Pharma
CT-8015-GMQ,LAT04,LAT04,MAT-91309,Simply Injection,Order,1466B603-499,MRP-39,206,Someone,2026-10-14,Store,Star,Lee LLC,703C84BA-54F,1131635,2024-12-24,229,Take,441606410,Owner,2024-12-23,55733556,2026-10-27,2023-11-26,Shake,TRK68673573,"Jackson, Hernandez and Harper Pharma"
CT-9781-BYC,AP03,AP03,MAT-98864,Positive Injection,Order,092A544D-1B7,MRP-80,311,World,2024-07-28,Bag,Our,Pearson-Martinez,105D5698-13F,4393509,2025-03-23,282,Size,558222748,Stand,2025-03-24,83874121,2025-07-28,2024-10-08,Church,TRK21281827,Smith-Atkins Pharma
CT-7487-KNX,EU02,EU02,MAT-56157,Contain Solution,Order,D991D9F7-CFE,MRP-57,58,Your,2026-08-12,Model,Gas,"Cortez, Bennett and Ross",C061C212-E16,1081043,2025-08-11,206,Occur,154040375,Some,2025-08-10,34268243,2024-03-18,2024-10-01,Hair,TRK98974594,"Hughes, Brooks and Baxter Pharma"
CT-8742-ECD,US01,US01,MAT-47140,Side Capsule,Order,79E2FD5B-55E,MRP-13,208,Now,2026-06-23,Indeed,Difference,Vega-Thomas,577BCE94-FDC,6614744,2025-10-26,37,Strong,747295235,Environmental,2025-10-23,42847740,2026-08-06,2026-04-02,With,TRK24818386,Nelson Ltd Pharma
CT-9771-CZL,LAT04,LAT04,MAT-22610,Us Solution,Order,B8C67610-950,MRP-78,423,Stop,2026-07-17,Street,One,Terry-Mclean,C863EED3-4DE,3455569,2025-07-11,259,North,770400134,Current,2025-07-12,67139823,2024-04-15,2024-01-13,Along,TRK74448996,"Cochran, Johnson and Jackson Pharma"
CT-3472-PNG,US01,US01,MAT-84153,Floor Patch,Order,9E01693A-016,MRP-96,372,Low,2026-02-01,Onto,Actually,Thompson-Williams,215887CE-296,3088659,2025-08-12,250,Seem,853665685,Throughout,2025-08-11,78476340,2023-12-19,2024-09-24,When,TRK74514601,Cummings-Rogers Pharma
CT-5806-JWO,US01,US01,MAT-81584,Set Solution,Order,6C1C5C9C-E11,MRP-40,45,Necessary,2024-05-14,Race,Interesting,Guerrero-Warren,3C28F46E-D2C,8738242,2025-08-22,21,Support,431238017,Last,2025-08-19,50570598,2025-11-28,2025-08-25,Production,TRK99035490,Moore LLC Pharma
CT-7487-KNX,US01,US01,MAT-59372,Issue Patch,Order,43F442CA-654,MRP-85,118,Stock,2026-10-10,Lose,Arrive,"Grant, Watson and Jones",DC052809-D93,7159028,2025-02-05,291,Number,918475796,Eat,2025-02-02,28056153,2026-08-18,2024-12-11,Myself,TRK37713809,Gonzalez-May Pharma
CT-5806-JWO,US01,US01,MAT-81584,Set Solution,Order,19165D8C-A56,MRP-58,323,Suffer,2024-06-04,Fact,Rate,"Le, Taylor and Bird",26C6F3AA-518,5884879,2025-02-07,119,Drug,283784153,Every,2025-02-08,75610648,2025-12-05,2025-12-27,Perhaps,TRK72995115,Jones-Rowe Pharma
CT-5014-EEP,LAT04,LAT04,MAT-39627,Fund Tablet,Order,84747643-3B7,MRP-46,230,Involve,2023-12-29,Hundred,Must,"Parrish, Anderson and Flores",092A544D-1B7,6927130,2025-10-03,27,Middle,520320627,Student,2025-10-07,21517760,2025-12-17,2024-11-11,Of,TRK32986154,"Reyes, Page and Melendez Pharma"
CT-5014-EEP,LAT04,LAT04,MAT-53554,They Capsule,Order,1237E7EE-E08,MRP-21,435,Page,2024-12-08,Something,Affect,Garcia-Gonzalez,082EC977-749,9450528,2025-04-14,30,Certainly,330239099,Responsibility,2025-04-12,29179408,2024-02-06,2026-05-13,Defense,TRK08756841,Leon Inc Pharma
CT-3395-UCM,US01,US01,MAT-40706,Keep Capsule,Order,423FCCAC-9C3,MRP-86,121,Base,2025-12-18,Movie,Important,Thomas-Johnson,7E8BFE7E-71C,7640298,2024-12-16,38,Mrs,910900374,Camera,2024-12-20,86223927,2023-12-27,2026-09-19,Explain,TRK58467545,Smith and Sons Pharma
CT-4229-AWU,AP03,AP03,MAT-47986,Experience Tablet,Order,9313CC9E-3F2,MRP-82,489,Per,2024-07-04,Note,Bag,"Burns, Roberts and Roberts",1C290466-294,7081893,2025-01-04,61,Though,759330179,Number,2025-01-06,25754987,2025-02-07,2024-01-20,Her,TRK61338189,Gonzalez-Gonzales Pharma
CT-7047-GQC,AP03,AP03,MAT-18097,Enter Capsule,Order,6EDC0958-393,MRP-98,1,Quite,2026-02-15,Likely,Hit,Acosta PLC,F892BADA-B88,5270409,2025-02-14,189,Discover,844676861,Security,2025-02-13,85807679,2025-01-22,2024-03-21,Heavy,TRK22020126,Watkins Inc Pharma
CT-6592-IDY,LAT04,LAT04,MAT-49508,Able Patch,Order,3927BB78-AC5,MRP-67,479,Thought,2026-06-15,How,Beautiful,Lynch-Harris,7EA3E715-4EB,7636398,2025-04-03,233,Budget,900191812,Democrat,2025-04-01,78137500,2025-05-14,2024-01-20,News,TRK81233951,Wright Inc Pharma
CT-9831-IEW,LAT04,LAT04,MAT-33775,Something Patch,Order,71D8D50F-7AE,MRP-76,424,Different,2023-11-20,Change,In,"Jimenez, Wilson and Larson",9853B6AB-C01,7991186,2025-07-19,195,Kind,133040547,My,2025-07-24,50030560,2025-12-12,2024-01-14,Various,TRK91036630,Rios and Sons Pharma
CT-3230-HFO,AP03,AP03,MAT-54713,Free Solution,Order,16279966-43F,MRP-16,268,Me,2024-09-24,Walk,Prove,Taylor-Moore,E1DECF3D-AD6,6977006,2024-12-16,154,Already,613176862,Best,2024-12-20,69968687,2024-09-26,2025-11-06,Up,TRK11109177,Robertson LLC Pharma
CT-9831-IEW,LAT04,LAT04,MAT-16078,Stock Patch,Order,3B0FDA9F-884,MRP-20,55,Officer,2026-03-01,Alone,Bill,Davis LLC,CA6F43AD-A7B,1891394,2025-08-13,253,Call,401418669,Tonight,2025-08-18,43806043,2026-05-04,2025-04-03,Better,TRK46832069,Wolf-Reid Pharma
CT-3636-AVP,EU02,EU02,MAT-54383,Agency Injection,Order,A7510327-2D1,MRP-68,437,Issue,2025-03-30,Recently,Wall,Knight Inc,38951FD6-B03,9012185,2025-06-01,168,Direction,324809056,Everybody,2025-06-02,67318728,2026-04-23,2026-07-29,Government,TRK33771421,Kemp-Palmer Pharma
CT-7047-GQC,EU02,EU02,MAT-58634,Impact Patch,Order,CE77A960-CDA,MRP-32,209,Magazine,2026-04-19,Message,Our,"Ruiz, Smith and Bailey",9CBEBD35-414,3186479,2025-05-11,283,Laugh,559525339,Less,2025-05-12,96823008,2023-12-09,2024-10-03,Than,TRK01417793,Perry-Villarreal Pharma
CT-4229-AWU,LAT04,LAT04,MAT-22354,Light Tablet,Order,13D23ECC-032,MRP-98,355,Change,2024-10-03,Wait,Box,Juarez and Sons,96B625BB-687,2029436,2025-09-29,258,They,332078589,Responsibility,2025-10-02,92435406,2024-10-02,2024-03-10,Reduce,TRK94088244,Vaughn LLC Pharma
CT-3228-ZKT,AP03,AP03,MAT-30703,Cold Injection,Order,DB096D51-BDC,MRP-59,303,Question,2026-08-10,Leader,Begin,Berry-Graham,13D53FD1-2EA,8301768,2025-10-28,216,Any,384670492,Way,2025-10-25,53072862,2025-12-17,2026-01-12,Fish,TRK97833879,Mckinney-Reyes Pharma
CT-5014-EEP,LAT04,LAT04,MAT-53554,They Capsule,Order,5B47E6AA-FAF,MRP-98,494,Rise,2024-04-21,Now,Back,"Morris, Nicholson and Graves",95696318-323,2260672,2025-09-04,220,Second,919570037,Field,2025-09-05,14868325,2024-01-26,2024-11-11,Then,TRK36097682,Ward-Rodriguez Pharma
CT-6551-IBW,EU02,EU02,MAT-79992,Anyone Tablet,Order,ECA8CBD1-E04,MRP-70,332,Live,2025-05-12,Above,Himself,"Young, Jenkins and Moon",29A6CFAF-AF6,1139789,2024-12-16,299,Night,481849190,Protect,2024-12-14,60173365,2026-03-23,2024-12-04,Clear,TRK26957198,Herring-Parker Pharma
CT-7487-KNX,US01,US01,MAT-59372,Issue Patch,Order,D5E639AD-82A,MRP-74,342,Parent,2025-12-09,Wide,Group,Martin-Evans,6779AAB3-F3B,5342652,2025-05-21,251,Issue,391573625,Marriage,2025-05-22,58609910,2025-04-30,2026-04-13,Dark,TRK79490129,"Hansen, Valdez and Kramer Pharma"
CT-2004-PSX,EU02,EU02,MAT-97442,Common Patch,Order,7C05434F-BD5,MRP-51,404,Success,2024-06-01,Until,Eight,Smith-Bennett,93E2AB3B-625,9122386,2025-03-17,78,Authority,279929825,East,2025-03-16,90820184,2024-01-23,2026-03-19,Candidate,TRK65760784,"Dunn, Cohen and Mason Pharma"
CT-3395-UCM,US01,US01,MAT-40706,Keep Capsule,Order,75038E9B-BA2,MRP-31,263,Cold,2025-01-21,Road,Write,Daugherty Group,0DB649CA-F40,4601754,2024-12-16,90,Cultural,123136125,Its,2024-12-21,94552943,2025-12-20,2026-01-26,Purpose,TRK48163555,"Davis, Villegas and Campbell Pharma"
CT-5014-EEP,LAT04,LAT04,MAT-39627,Fund Tablet,Order,60F22C34-AA2,MRP-61,16,Notice,2024-06-22,Threat,Successful,Hays Group,79EDC353-4DF,8825000,2025-11-15,197,Morning,752822289,Simple,2025-11-13,71468172,2024-09-10,2026-02-21,Appear,TRK32839571,Meyer-Nichols Pharma
CT-2004-PSX,EU02,EU02,MAT-32011,Offer Tablet,Order,44597FDE-ED2,MRP-60,273,Open,2024-06-26,Will,Sport,"Smith, Quinn and Rosario",423FCCAC-9C3,1251047,2025-07-06,104,Now,317152623,Fill,2025-07-07,98651617,2026-06-28,2024-07-06,Field,TRK35458842,"Rush, Fritz and Williams Pharma"
CT-6109-EDZ,AP03,AP03,MAT-86168,Run Solution,Order,9853B6AB-C01,MRP-63,453,Young,2024-05-20,Collection,Action,"Howard, Contreras and Wells",A8BF7403-DA8,6514111,2025-07-17,270,Wide,743884465,By,2025-07-14,81249500,2026-03-16,2024-07-13,Special,TRK61866621,Torres-Jennings Pharma
CT-8015-GMQ,US01,US01,MAT-74459,Memory Solution,Order,2D1D3AF0-A99,MRP-70,416,Experience,2026-01-03,Book,Trouble,Mccarty-Jackson,04FD0749-0E8,7373413,2025-10-16,269,Walk,355816926,Pressure,2025-10-20,75996961,2025-05-21,2025-01-11,Skin,TRK27866981,Jones-Parks Pharma
CT-2004-PSX,EU02,EU02,MAT-60599,Traditional Patch,Order,19B119B0-986,MRP-65,364,Concern,2025-08-01,Along,Plan,Villarreal Inc,AB2CA71A-47C,1609160,2025-07-14,111,Strong,318004410,Cell,2025-07-11,82654551,2026-10-03,2024-04-22,Miss,TRK24944283,Hernandez-Powell Pharma
CT-9781-BYC,AP03,AP03,MAT-98864,Positive Injection,Order,8733D49D-751,MRP-27,10,Item,2023-11-29,Free,Condition,"Lyons, Bates and Gibson",F52B62BD-E91,8711689,2025-07-31,88,Past,475533533,Raise,2025-08-04,82654788,2025-02-12,2026-04-03,Would,TRK88766209,Collins-Burgess Pharma
CT-6109-EDZ,AP03,AP03,MAT-86168,Run Solution,Order,DC77B20F-464,MRP-85,3,Matter,2025-09-06,Member,Scientist,Evans PLC,91976714-574,4533557,2025-06-01,135,Find,628977061,Magazine,2025-05-30,12345625,2026-09-25,2025-05-06,High,TRK59413165,Douglas Ltd Pharma
CT-3395-UCM,US01,US01,MAT-34899,Continue Capsule,Order,7BB74C9C-D85,MRP-47,355,Easy,2025-02-25,Possible,Describe,Navarro-Grimes,84171620-97D,3506253,2025-04-28,40,Represent,203744080,Each,2025-04-25,33022584,2025-05-25,2023-11-17,Sister,TRK40612977,"Green, Pope and Garcia Pharma"
CT-9781-BYC,AP03,AP03,MAT-98864,Positive Injection,Order,3FCA798E-FD6,MRP-56,308,Move,2026-11-04,Local,Ground,"Hansen, Newton and Duran",99D24A00-746,8571519,2025-11-11,50,Low,176640457,Must,2025-11-12,51231908,2025-10-16,2025-12-01,Prepare,TRK50854680,Rivera Group Pharma
CT-1696-SCY,US01,US01,MAT-78401,Expect Tablet,Order,B83CFAB5-B68,MRP-14,454,Green,2026-04-11,Once,And,"Smith, Ellis and Scott",B4AACE38-46A,8906785,2025-04-09,260,Series,805390560,Drug,2025-04-07,80917377,2026-04-20,2026-08-03,Accept,TRK96662439,"Kirby, Norris and Palmer Pharma"
CT-8872-GKR,US01,US01,MAT-23246,Type Injection,Order,6BF20FDB-A43,MRP-37,26,Phone,2025-10-15,Person,Whether,"Diaz, Spencer and Bush",0B269C0B-68B,9302874,2025-04-30,66,On,753272155,Certain,2025-04-27,25963538,2024-06-18,2026-06-26,Me,TRK61844301,Rice-Gonzalez Pharma
CT-8742-ECD,US01,US01,MAT-47140,Side Capsule,Order,835C170B-558,MRP-30,212,Year,2024-09-06,Skin,Despite,Reynolds-Hughes,F52B62BD-E91,2572555,2025-08-19,175,Guy,430751479,Bag,2025-08-23,97327316,2025-09-26,2026-06-02,Already,TRK98669402,Jennings-Waller Pharma
CT-6109-EDZ,AP03,AP03,MAT-86168,Run Solution,Order,88D93C9A-BB6,MRP-75,71,Can,2026-10-09,Energy,Rock,"Lopez, Hernandez and Diaz",6779AAB3-F3B,7320447,2025-07-31,142,Generation,757781544,Kind,2025-08-04,52685177,2025-06-25,2026-08-06,Answer,TRK58184115,Bell LLC Pharma
CT-8015-GMQ,LAT04,LAT04,MAT-91309,Simply Injection,Order,81962565-3BA,MRP-77,446,Stand,2025-10-29,Gun,Little,Rasmussen-Ashley,835C170B-558,4604372,2025-08-03,169,Spend,621986272,Smile,2025-08-03,60123335,2024-04-01,2024-05-25,Challenge,TRK35906974,Richard-Williams Pharma
CT-3472-PNG,LAT04,LAT04,MAT-45907,Speech Patch,Order,84171620-97D,MRP-75,9,Drop,2026-01-16,Action,Stage,Murray Group,150CE384-BD4,3143999,2025-02-02,25,Enter,374794718,Near,2025-02-03,33007284,2025-03-24,2024-08-09,Morning,TRK81615299,Morales-Peck Pharma
CT-4229-AWU,AP03,AP03,MAT-47986,Experience Tablet,Order,276063F6-554,MRP-67,211,Scientist,2026-09-26,Fill,Play,Reynolds-Davis,0ACC4422-7D1,5729114,2025-04-11,15,All,237794648,Site,2025-04-10,15064001,2024-06-29,2024-08-29,Identify,TRK19921035,"Mosley, Luna and Miller Pharma"
CT-1816-RCG,AP03,AP03,MAT-37872,Effort Capsule,Order,4D00FA38-F44,MRP-86,117,Lot,2024-07-16,Page,Gas,Perez-Williams,7BB74C9C-D85,5053724,2025-01-23,281,Sing,950166480,Beautiful,2025-01-22,70378938,2026-09-23,2025-03-04,Finish,TRK85310939,Garza Inc Pharma
CT-3228-ZKT,EU02,EU02,MAT-58266,Tree Injection,Order,B9D604CE-B27,MRP-25,211,Book,2026-03-30,Everybody,Work,Kim PLC,A8BF7403-DA8,6965746,2025-01-02,259,Protect,139245284,Result,2025-01-01,86082411,2024-10-20,2024-05-08,Section,TRK94909641,Cole Ltd Pharma
CT-3636-AVP,AP03,AP03,MAT-46171,Though Solution,Order,88381E6F-DB8,MRP-41,36,Space,2025-03-12,Seat,Mention,"King, Allen and Arnold",D465FA61-668,9182101,2024-12-31,55,Science,503922640,Sing,2024-12-29,27618091,2024-12-09,2026-03-13,Them,TRK99495938,Watts LLC Pharma
CT-1696-SCY,EU02,EU02,MAT-14115,Property Tablet,Order,F82FA87C-017,MRP-64,90,Tonight,2024-05-14,Newspaper,If,Price PLC,ADA890D8-F3F,7108859,2025-10-23,189,Themselves,944051556,Billion,2025-10-21,67924497,2026-01-28,2025-07-03,Else,TRK99038371,Harvey Inc Pharma
CT-9781-BYC,EU02,EU02,MAT-31615,Trouble Capsule,Order,0B269C0B-68B,MRP-23,195,Across,2026-08-01,Like,Teach,Hull-Simpson,F892BADA-B88,4843383,2024-12-12,226,Run,848412498,Sense,2024-12-16,66674251,2026-03-09,2025-07-26,Long,TRK51470275,Harris and Sons Pharma
CT-7487-KNX,US01,US01,MAT-59372,Issue Patch,Order,53E512B4-F07,MRP-71,409,Few,2024-09-23,Support,Senior,Brooks-Carson,F58F8FB7-75D,6720299,2025-03-03,52,Real,884204111,Opportunity,2025-03-03,34300723,2024-04-30,2025-05-15,Why,TRK79996190,"Green, Cooper and Kim Pharma"
CT-3230-HFO,EU02,EU02,MAT-68176,Treat Tablet,Order,21ED0BE4-ED0,MRP-34,377,The,2025-01-30,Minute,Sort,"Rangel, Hughes and Hoover",502EC192-A84,2950996,2025-07-04,154,Girl,422870867,Especially,2025-07-03,46324296,2025-06-23,2023-11-23,Result,TRK75980042,"Bowman, Wong and Jones Pharma"
CT-7047-GQC,EU02,EU02,MAT-58634,Impact Patch,Order,C9553C30-3C9,MRP-93,124,Thus,2026-01-07,Student,Affect,Campbell-King,7D85A9BB-51A,4518461,2025-08-10,64,Source,320213688,Enough,2025-08-08,57673995,2024-09-08,2024-04-01,Culture,TRK47373921,Gonzalez-King Pharma
CT-3472-PNG,US01,US01,MAT-22152,Culture Solution,Order,C93ED8AD-5FB,MRP-10,160,Experience,2024-02-20,Set,Get,Duncan-Barrett,2A431C19-BD6,7536244,2025-01-31,154,Drop,590019237,Difference,2025-02-01,75938030,2026-01-10,2024-09-10,Discussion,TRK94104113,Ware PLC Pharma
CT-9831-IEW,AP03,AP03,MAT-49651,High Injection,Order,56F016D1-42A,MRP-89,186,Take,2025-05-28,Season,Cause,Herrera-Lee,99D24A00-746,8853721,2025-05-25,220,Pattern,809841660,Describe,2025-05-22,35344083,2025-09-01,2026-08-08,Act,TRK36516356,"Bean, Ryan and White Pharma"
CT-3395-UCM,LAT04,LAT04,MAT-82814,Reduce Solution,Order,DC6732A6-B32,MRP-10,277,Several,2026-03-18,Time,Same,Hooper-George,DA07F536-CAB,2101554,2025-05-01,250,Military,389448570,Represent,2025-04-30,66040092,2024-07-26,2026-04-27,Commercial,TRK41735296,Mckinney-Reilly Pharma
CT-1816-RCG,EU02,EU02,MAT-55297,New Solution,Order,1C290466-294,MRP-32,125,Raise,2026-05-23,Step,Role,"Garcia, Jenkins and Smith",657B8A24-549,4490891,2025-07-06,247,Beyond,622632603,A,2025-07-06,29153908,2025-12-07,2026-09-11,Policy,TRK92779318,"Lewis, Vasquez and Martinez Pharma"
CT-1816-RCG,AP03,AP03,MAT-37872,Effort Capsule,Order,302EBFD8-75D,MRP-92,499,Result,2026-09-08,Tv,Star,Wheeler Inc,9853B6AB-C01,7000167,2025-08-11,23,Hair,440058915,Environment,2025-08-14,31880138,2025-12-15,2026-05-29,Parent,TRK65266762,Browning Ltd Pharma
CT-7484-BIH,LAT04,LAT04,MAT-66257,Hundred Solution,Order,137379DF-53E,MRP-87,470,Economic,2026-08-16,Four,Staff,Dalton-Baker,805781A7-E1A,8371119,2024-12-24,206,Break,295112389,Friend,2024-12-23,53805000,2026-11-07,2026-10-29,Seat,TRK33110270,"Smith, West and Young Pharma"
CT-1696-SCY,US01,US01,MAT-78401,Expect Tablet,Order,E70B0CD9-41B,MRP-47,358,Positive,2025-11-06,Third,Want,Parrish-Burch,ACC4DB4C-3ED,2121347,2025-07-12,241,Service,496782438,Wrong,2025-07-15,77394201,2026-03-13,2024-07-11,Of,TRK80932860,Thomas-Chambers Pharma
CT-7484-BIH,LAT04,LAT04,MAT-66257,Hundred Solution,Order,C3C4CA8C-DA3,MRP-12,186,Arm,2026-04-20,Reality,The,"Ford, Wang and Phillips",9F746DC7-45B,3042890,2025-06-14,270,Owner,265260564,Article,2025-06-14,65572907,2024-02-07,2025-05-16,Family,TRK15231403,"Crawford, Taylor and Bray Pharma"
CT-9771-CZL,LAT04,LAT04,MAT-22610,Us Solution,Order,7D85A9BB-51A,MRP-36,209,Coach,2025-06-08,Truth,Thing,Montgomery-Nunez,A66ABC3D-ED8,6148707,2025-04-20,173,Significant,449525426,Stage,2025-04-18,18354605,2025-06-27,2024-07-11,Lead,TRK87668807,"Valdez, Walker and Knight Pharma"
CT-8015-GMQ,US01,US01,MAT-74459,Memory Solution,Order,9F746DC7-45B,MRP-46,382,Medical,2025-11-09,College,A,"Oneill, Harrison and Patel",276063F6-554,3710579,2025-02-18,161,Miss,971118474,Investment,2025-02-23,17206185,2025-08-17,2024-10-10,Common,TRK47503873,Myers-Bradford Pharma
CT-5014-EEP,LAT04,LAT04,MAT-53554,They Capsule,Order,F07DEB5E-390,MRP-60,180,Edge,2024-10-09,Democrat,Where,Huffman-Huang,C8C1DDA2-376,4092133,2025-03-03,51,Key,828222779,Return,2025-03-08,88733063,2024-07-07,2025-04-08,So,TRK43734189,Davis Group Pharma
CT-1696-SCY,EU02,EU02,MAT-14115,Property Tablet,Order,DA07F536-CAB,MRP-52,301,Population,2024-07-05,Evening,Opportunity,Trujillo LLC,6BBDED17-78C,8013619,2025-08-24,77,Responsibility,663710137,Toward,2025-08-26,85115331,2025-02-15,2025-03-24,Story,TRK93350537,"Walsh, Long and Spencer Pharma"
CT-3230-HFO,EU02,EU02,MAT-68176,Treat Tablet,Order,2F2C7D94-2CE,MRP-89,384,Ability,2026-10-28,Nation,Executive,Smith-Perez,C2863B49-6B7,8025442,2025-10-22,15,Race,760339095,Hold,2025-10-24,84061550,2025-02-05,2024-12-03,After,TRK81326403,"Kidd, Clements and Bowman Pharma"
CT-2004-PSX,EU02,EU02,MAT-32011,Offer Tablet,Order,46866D25-F7F,MRP-89,51,Statement,2024-07-25,Everything,Financial,"Hernandez, Moore and Oneill",8733D49D-751,2333898,2025-05-28,275,Car,596895473,Raise,2025-05-28,10346919,2024-12-21,2024-01-16,Public,TRK92383235,Hess and Sons Pharma
CT-5014-EEP,LAT04,LAT04,MAT-53554,They Capsule,Order,657B8A24-549,MRP-72,70,Hospital,2023-11-23,Project,Color,Williams Group,7E8BFE7E-71C,6611221,2025-06-09,229,Hold,531040128,State,2025-06-10,76356003,2024-06-19,2026-09-06,Space,TRK41354352,Webster-Henderson Pharma
CT-8970-PLO,EU02,EU02,MAT-82398,Range Solution,Order,721F5CBB-8FF,MRP-94,376,Suffer,2024-06-11,Glass,Court,Pacheco-Salazar,CC4ACAE6-0A8,5313897,2025-04-11,55,On,227405808,Subject,2025-04-08,24216641,2026-01-15,2024-09-06,Very,TRK32300789,"Hatfield, Allison and Martin Pharma"
CT-4229-AWU,US01,US01,MAT-30745,Indicate Patch,Order,3C28F46E-D2C,MRP-69,192,Treatment,2024-01-14,White,Citizen,"Escobar, Mccarty and Sanchez",5B67D985-194,1392944,2025-07-17,299,Product,394909184,Hard,2025-07-19,26659023,2025-09-12,2026-05-31,Later,TRK16456027,Rojas-Mccullough Pharma
CT-5014-EEP,LAT04,LAT04,MAT-39627,Fund Tablet,Order,B4AACE38-46A,MRP-27,96,Require,2024-05-05,Late,Election,Alexander PLC,4C575DF3-DBF,6067252,2025-03-10,170,Training,161234848,Treat,2025-03-15,39094018,2024-05-11,2024-03-09,Foreign,TRK03301726,Williams-Harris Pharma
CT-7487-KNX,EU02,EU02,MAT-18458,Reason Tablet,Order,40399FB4-B0C,MRP-56,488,Environmental,2026-10-26,Simply,Matter,Randolph Inc,CCFEC4B3-889,7204596,2025-02-13,73,Party,285866603,End,2025-02-13,33558588,2024-02-06,2026-06-17,Science,TRK45278868,Flores and Sons Pharma
CT-3228-ZKT,AP03,AP03,MAT-18409,Commercial Tablet,Order,7B08EEA7-A6C,MRP-32,73,Hit,2025-02-16,Reality,Though,Pugh-James,ACC4DB4C-3ED,6678616,2025-04-14,237,Church,219649145,Long,2025-04-11,72910229,2025-09-13,2024-03-03,Together,TRK43464323,"Johnson, Caldwell and Hayes Pharma"
CT-8742-ECD,EU02,EU02,MAT-47254,Article Tablet,Order,7697D79B-3FA,MRP-36,394,Relate,2024-10-07,Budget,Close,Smith-Cochran,21ED0BE4-ED0,2617751,2025-02-07,247,There,382486578,Reveal,2025-02-10,35484714,2026-02-11,2024-02-08,Task,TRK27408755,"Montgomery, Tyler and Thomas Pharma"
CT-9771-CZL,LAT04,LAT04,MAT-93544,Player Solution,Order,30986C0B-785,MRP-44,415,To,2023-11-19,Seven,Wonder,"Figueroa, Morse and Lopez",E09D9D69-D6E,7394754,2025-01-19,293,Available,764781104,Sell,2025-01-23,86726706,2025-10-08,2025-02-03,Newspaper,TRK36904253,Ross PLC Pharma
CT-4229-AWU,EU02,EU02,MAT-40089,Pull Patch,Order,E09D9D69-D6E,MRP-30,417,Nor,2025-07-29,Low,Strong,"Walker, Collins and Lambert",CDED8377-18B,4184422,2025-08-20,51,Party,439505557,Every,2025-08-23,76496486,2025-02-07,2026-01-19,It,TRK87911962,Andrews Group Pharma
CT-8742-ECD,EU02,EU02,MAT-15875,Happy Solution,Order,272CA541-8B2,MRP-26,444,Necessary,2024-06-23,Carry,The,"Bailey, Cameron and Perez",D822806C-DEC,4245564,2025-10-30,198,Character,562987274,Player,2025-10-31,98733707,2025-01-15,2026-02-12,Leave,TRK42128138,Dean-Butler Pharma
CT-1816-RCG,EU02,EU02,MAT-55297,New Solution,Order,0DB649CA-F40,MRP-40,450,View,2026-10-21,Military,Despite,Simmons-Yu,A1F0CF54-5A3,2971447,2025-08-19,150,Example,578434217,Friend,2025-08-22,41830446,2026-07-05,2024-07-31,Hand,TRK74936440,Escobar Group Pharma
CT-1816-RCG,AP03,AP03,MAT-37872,Effort Capsule,Order,E7347777-52D,MRP-23,88,Water,2025-06-09,Social,Push,Davis-Bell,1591A2AC-D6F,8536651,2025-07-08,101,Near,524725008,Himself,2025-07-09,40876091,2026-05-07,2025-02-01,Speech,TRK55472263,Kelly Group Pharma
CT-8742-ECD,LAT04,LAT04,MAT-16848,Blue Patch,Order,3FF3E6F8-274,MRP-56,165,Return,2026-06-06,Sit,Save,Hill-Rivera,E70B0CD9-41B,6321545,2025-01-08,28,Newspaper,995017385,Land,2025-01-11,50494896,2025-03-22,2025-11-27,Cost,TRK11238103,Mccall Inc Pharma
CT-1816-RCG,AP03,AP03,MAT-37872,Effort Capsule,Order,DC052809-D93,MRP-74,204,Picture,2026-08-11,Pick,Third,Williams PLC,423FCCAC-9C3,1684935,2025-01-14,213,Create,334729927,Radio,2025-01-16,18890836,2026-07-12,2025-02-26,Drive,TRK40970940,"Pennington, Robinson and Beck Pharma"
CT-1816-RCG,AP03,AP03,MAT-37872,Effort Capsule,Order,26C6F3AA-518,MRP-72,478,Option,2024-11-22,Case,Character,Stone-Montgomery,C2863B49-6B7,9808697,2024-12-15,254,I,407647736,Discover,2024-12-14,30782197,2025-10-13,2025-03-20,Raise,TRK86648067,Nichols Inc Pharma
CT-5806-JWO,AP03,AP03,MAT-42350,Figure Capsule,Order,BEBE3F6F-617,MRP-58,450,According,2024-01-10,Like,During,Rivera Group,954B5F54-FC0,2718840,2025-11-09,234,See,204015692,Strong,2025-11-10,72181173,2025-02-10,2025-09-07,Street,TRK60840892,Henson and Sons Pharma
CT-6592-IDY,LAT04,LAT04,MAT-17085,Myself Capsule,Order,72B8F29D-C0E,MRP-20,34,Decision,2026-08-19,Yes,Question,Tanner-Davis,1466B603-499,7102611,2025-01-29,200,In,797040387,Time,2025-01-30,52295157,2026-01-21,2026-02-24,Trade,TRK37326315,Becker and Sons Pharma
CT-3395-UCM,LAT04,LAT04,MAT-82814,Reduce Solution,Order,4C575DF3-DBF,MRP-80,285,Happy,2025-02-20,Way,Hard,Morgan Group,D9F20807-A58,8975776,2025-10-15,11,Provide,849561397,Newspaper,2025-10-20,27110909,2026-06-16,2024-05-28,History,TRK57246397,Maddox-Daniels Pharma
CT-9781-BYC,AP03,AP03,MAT-98864,Positive Injection,Order,362FCDC7-090,MRP-55,135,Hear,2025-08-08,Ball,Operation,Malone-Dillon,362FCDC7-090,5740991,2025-10-25,169,Thank,787297395,Choice,2025-10-27,13037637,2024-07-01,2024-07-18,Six,TRK81315248,"Lopez, Padilla and Mcbride Pharma"
CT-6109-EDZ,AP03,AP03,MAT-86168,Run Solution,Order,D822806C-DEC,MRP-44,247,Town,2023-12-17,Imagine,Such,"Burns, Jackson and Kelly",84B7FABF-DFC,3760804,2025-06-27,113,Sing,453964082,Here,2025-06-28,26240995,2024-06-29,2025-09-14,Line,TRK38676711,Day-Howe Pharma
CT-1816-RCG,EU02,EU02,MAT-55297,New Solution,Order,87528E6A-790,MRP-34,290,Garden,2024-01-29,Save,Air,"Rowe, Barber and Powell",FDCEFEF5-08F,8164624,2025-08-07,88,Position,548056261,Some,2025-08-10,68832631,2026-05-04,2026-10-31,A,TRK24960622,Boyd-Lara Pharma
CT-9831-IEW,US01,US01,MAT-16627,Receive Patch,Order,FF0D6EB9-415,MRP-43,361,Pm,2025-06-08,Grow,Step,"Brown, Harvey and Wang",0559EAA9-2EA,7025347,2025-02-05,13,Gas,343048413,Area,2025-02-06,16034641,2024-01-11,2024-02-29,Where,TRK73844728,Schwartz-Johnson Pharma
CT-9831-IEW,AP03,AP03,MAT-49651,High Injection,Order,CA6F43AD-A7B,MRP-36,311,Bank,2026-07-17,Season,Staff,Swanson Group,333F654A-085,2397316,2025-06-17,162,Evidence,496458822,Station,2025-06-20,25108564,2024-03-17,2025-08-14,During,TRK77260097,Fisher-Humphrey Pharma
CT-3230-HFO,AP03,AP03,MAT-54713,Free Solution,Order,215887CE-296,MRP-85,116,Skin,2026-02-13,Your,Myself,Jones-Martin,654F1F56-570,8755321,2025-01-01,40,Magazine,435445888,Right,2025-01-05,45683691,2026-07-07,2026-09-15,Road,TRK30416546,Knight-Morton Pharma
CT-8872-GKR,US01,US01,MAT-23246,Type Injection,Order,6578EBA2-254,MRP-97,306,Author,2026-04-19,Everybody,This,"Quinn, Jennings and Suarez",CCD65B39-FFB,1708730,2025-08-25,234,Pressure,178729666,Century,2025-08-28,62773438,2025-08-31,2026-07-20,Light,TRK16350669,Marshall-Lucas Pharma
CT-9831-IEW,LAT04,LAT04,MAT-16078,Stock Patch,Order,C8E46777-965,MRP-78,412,Go,2024-03-16,Loss,Family,Lambert Inc,E1DECF3D-AD6,5424888,2025-02-26,172,Ability,545719091,Your,2025-02-27,56785911,2025-01-10,2026-05-14,Kid,TRK86748754,Chavez-Mcdowell Pharma
CT-8742-ECD,LAT04,LAT04,MAT-16848,Blue Patch,Order,FDCEFEF5-08F,MRP-62,156,Wish,2025-06-01,Dinner,Defense,"Davis, Farmer and Morgan",71D8D50F-7AE,8949639,2025-07-02,70,Network,121383451,Goal,2025-07-07,50133639,2024-03-25,2025-04-29,Behind,TRK63145059,Acosta-Baker Pharma
CT-4229-AWU,AP03,AP03,MAT-47986,Experience Tablet,Order,84B7FABF-DFC,MRP-18,127,White,2026-01-12,End,Article,Jacobson-Pope,703C84BA-54F,2122544,2025-10-21,124,She,583191261,Interest,2025-10-18,44752627,2026-08-12,2026-01-07,See,TRK13329549,Paul-Johnson Pharma
CT-5806-JWO,US01,US01,MAT-81584,Set Solution,Order,E2E08976-B06,MRP-27,243,Magazine,2025-07-27,Present,Space,"Jordan, Ross and Stevens",C8C1DDA2-376,6851049,2025-05-02,102,Young,837076553,Picture,2025-05-01,38993104,2024-01-11,2023-11-23,Look,TRK75122522,Yates LLC Pharma
CT-8742-ECD,EU02,EU02,MAT-47254,Article Tablet,Order,B346DE58-18B,MRP-77,435,Deal,2024-12-07,Standard,Without,"Rodriguez, Willis and Rodriguez",3927BB78-AC5,3814095,2025-05-04,208,Many,863323559,Responsibility,2025-05-08,10346129,2026-04-21,2024-08-25,Loss,TRK51110028,"Wilson, Church and Allen Pharma"
CT-2004-PSX,EU02,EU02,MAT-97442,Common Patch,Order,24B63DC5-4E0,MRP-66,100,Must,2026-01-18,Back,Husband,Klein-Lewis,1466B603-499,9505041,2025-04-26,197,Line,122737565,Pressure,2025-04-26,42926816,2025-12-11,2024-06-08,Draw,TRK43003851,"Cooper, Sanchez and Rodgers Pharma"
CT-3472-PNG,US01,US01,MAT-84153,Floor Patch,Order,A3929C23-5C7,MRP-83,440,Sign,2024-12-24,Two,Describe,"Lewis, Merritt and Anderson",BAFF899E-7D4,9277254,2025-10-14,247,Coach,983489951,Every,2025-10-12,93333065,2025-06-23,2025-02-17,Here,TRK25750477,"Elliott, Howard and Davis Pharma"
CT-8970-PLO,US01,US01,MAT-86920,Various Solution,Order,57C036FF-7C4,MRP-15,135,Suggest,2025-12-30,Culture,Personal,"Flowers, Brown and Ramirez",41D466A6-21E,7028444,2025-08-12,104,Hear,291753742,Girl,2025-08-12,28329766,2025-04-17,2026-02-25,Surface,TRK70988636,Stark and Sons Pharma
CT-9831-IEW,LAT04,LAT04,MAT-33775,Something Patch,Order,C8CA32C6-E9E,MRP-32,218,Majority,2026-04-11,Outside,Big,Ferguson Group,7E8BFE7E-71C,9472835,2025-11-08,34,City,885307610,Author,2025-11-09,38945640,2025-11-11,2024-07-09,Which,TRK96322644,Hughes Ltd Pharma
CT-3228-ZKT,AP03,AP03,MAT-18409,Commercial Tablet,Order,ACC4DB4C-3ED,MRP-33,29,May,2023-12-08,Man,Pull,Gonzalez-Cross,C1EDEFA4-014,9999444,2025-09-25,141,Develop,163081315,Forget,2025-09-28,35096842,2025-10-23,2024-06-12,Get,TRK19608986,"Martinez, Howard and Sanchez Pharma"
CT-8015-GMQ,LAT04,LAT04,MAT-91309,Simply Injection,Order,577BCE94-FDC,MRP-40,266,Apply,2024-02-21,Key,Trade,Butler-Wilson,272CA541-8B2,2486499,2025-04-09,49,Quality,285684018,Such,2025-04-06,53188849,2025-02-03,2024-11-30,Work,TRK93530508,"Stephens, Hayes and Walker Pharma"
CT-3230-HFO,US01,US01,MAT-73628,Health Solution,Order,72E2F609-A3F,MRP-17,239,Area,2026-02-24,Point,Understand,Anderson-Harris,C8C1DDA2-376,3851317,2025-01-14,277,Pass,796168842,Leave,2025-01-18,31359746,2025-07-11,2026-05-29,Different,TRK55754923,Reeves-Spencer Pharma
CT-3395-UCM,LAT04,LAT04,MAT-82814,Reduce Solution,Order,5B67D985-194,MRP-95,291,Republican,2025-03-16,Participant,Measure,Martin-Grant,974CD620-D0E,3766382,2025-02-01,130,Court,626786323,Door,2025-01-31,84127007,2025-08-18,2024-09-18,Guess,TRK56488806,Morris LLC Pharma
CT-5014-EEP,LAT04,LAT04,MAT-53554,They Capsule,Order,A1F0CF54-5A3,MRP-56,227,Carry,2026-01-24,Six,Threat,Scott-Jackson,F810F57F-82C,2000695,2025-02-21,275,Deep,956986001,Effort,2025-02-19,19712626,2026-09-16,2026-03-17,Trade,TRK70259644,Cobb-Campbell Pharma
CT-5806-JWO,US01,US01,MAT-81584,Set Solution,Order,150CE384-BD4,MRP-58,410,Change,2024-05-11,Take,General,Carroll-Harris,CC4ACAE6-0A8,8992837,2025-07-14,64,Million,852793423,House,2025-07-14,19887060,2025-11-27,2024-01-14,Job,TRK14408130,Summers-Jones Pharma
CT-1696-SCY,US01,US01,MAT-78401,Expect Tablet,Order,1E2662CC-B8F,MRP-76,144,Space,2024-12-21,Imagine,Save,"Hall, Merritt and Parks",6578EBA2-254,8466039,2025-09-13,201,Someone,552116613,Past,2025-09-14,34839567,2025-02-02,2025-03-14,Land,TRK40945236,"Davis, Murphy and Blankenship Pharma"
CT-7487-KNX,EU02,EU02,MAT-18458,Reason Tablet,Order,10DC3E02-6DA,MRP-24,419,Visit,2026-06-16,Hand,State,"Neal, Murphy and Marquez",CDED8377-18B,9420665,2024-12-26,177,Call,626615867,Color,2024-12-24,68160273,2025-10-24,2026-01-20,Order,TRK58904471,"Sampson, Taylor and Nolan Pharma"
CT-1696-SCY,US01,US01,MAT-78401,Expect Tablet,Order,29A6CFAF-AF6,MRP-54,204,Management,2024-08-12,Bank,Glass,"Smith, Butler and Delgado",AED5210F-538,8343839,2025-06-18,192,Sister,435354442,Citizen,2025-06-20,81192103,2026-11-05,2024-10-13,Enough,TRK03919676,"Garrett, Carroll and Miller Pharma"
CT-8970-PLO,EU02,EU02,MAT-82398,Range Solution,Order,04FD0749-0E8,MRP-11,310,Of,2023-12-31,Phone,Middle,Sanders PLC,40399FB4-B0C,1620839,2025-02-02,108,Home,141875995,Cause,2025-02-04,65624013,2024-01-05,2026-01-23,Attack,TRK66262562,Anderson Ltd Pharma
CT-8970-PLO,US01,US01,MAT-86920,Various Solution,Order,18BE1300-48F,MRP-15,66,Break,2024-03-25,Start,Reach,Powell LLC,D4D67F91-29D,7093567,2025-03-07,111,Start,184580674,Newspaper,2025-03-06,63221215,2026-05-19,2026-08-13,Market,TRK00138168,Bowman Ltd Pharma
CT-6551-IBW,US01,US01,MAT-52579,Cell Tablet,Order,2A431C19-BD6,MRP-88,391,Begin,2024-01-24,Half,Agree,Contreras-Maxwell,0DB649CA-F40,3066909,2025-01-16,111,Enjoy,799032120,Family,2025-01-18,72002539,2024-10-23,2025-08-12,House,TRK17485416,"Smith, Cobb and Griffith Pharma"
CT-6109-EDZ,AP03,AP03,MAT-86168,Run Solution,Order,B91ED3F0-13C,MRP-87,205,Outside,2024-06-02,However,Conference,Cervantes Inc,40399FB4-B0C,7979541,2024-12-09,199,Eat,291129922,Oil,2024-12-13,72501855,2026-01-07,2026-02-18,Stage,TRK21793838,"Marshall, Martinez and Walker Pharma"
CT-1816-RCG,AP03,AP03,MAT-37872,Effort Capsule,Order,E9DC4109-30B,MRP-46,7,Land,2023-11-21,Where,Me,"Alexander, Reed and Mccoy",DC6732A6-B32,7053054,2025-04-01,171,Least,483369487,Many,2025-04-06,77171848,2024-01-19,2024-12-19,Know,TRK51209827,Castillo Ltd Pharma
CT-7487-KNX,EU02,EU02,MAT-56157,Contain Solution,Order,654F1F56-570,MRP-72,328,Name,2026-09-10,Bill,Human,Sanchez-Williams,72E2F609-A3F,9899627,2025-06-12,89,Over,392899287,Understand,2025-06-09,12807713,2025-09-30,2025-09-21,Since,TRK96608858,Freeman and Sons Pharma
CT-9781-BYC,AP03,AP03,MAT-96156,Compare Tablet,Order,ADA890D8-F3F,MRP-58,446,Tell,2026-10-31,Within,Common,Dennis-Hunt,060D2D29-5FD,4299224,2025-08-22,295,Final,560664159,Mean,2025-08-27,37903871,2024-07-13,2025-03-10,Behind,TRK30796934,"Henry, Smith and Simpson Pharma"
CT-8970-PLO,EU02,EU02,MAT-82398,Range Solution,Order,ECE5617D-411,MRP-74,127,Community,2025-05-16,Help,We,Mayer-Zamora,95696318-323,3683197,2025-01-29,32,Fact,159008871,Walk,2025-02-01,85675870,2024-05-03,2026-02-20,Marriage,TRK44557748,Bennett-Stanton Pharma
CT-7484-BIH,LAT04,LAT04,MAT-66257,Hundred Solution,Order,044D2FC6-0A1,MRP-30,89,Pattern,2024-07-28,Sure,Project,Beck Inc,BE0807F8-705,1046653,2025-10-31,119,Recognize,428210893,Bill,2025-10-30,66734538,2024-04-26,2025-06-02,Customer,TRK39872861,"Howe, Townsend and Howell Pharma"
CT-3472-PNG,US01,US01,MAT-84153,Floor Patch,Order,954B5F54-FC0,MRP-10,364,Sign,2025-05-23,Later,Everything,Mejia Ltd,88D93C9A-BB6,2892738,2025-01-15,233,Worry,357189379,Any,2025-01-14,46481631,2026-05-07,2024-04-16,Team,TRK20855514,"Woodward, Davis and Tate Pharma"
CT-5806-JWO,AP03,AP03,MAT-26378,Shake Tablet,Order,41D466A6-21E,MRP-77,221,Put,2024-06-28,Discover,Lead,Scott-Mcdonald,D5E639AD-82A,8824310,2025-11-20,166,Me,267901161,Deep,2025-11-25,12134336,2024-06-29,2024-04-12,Clear,TRK14846683,Hester-Williamson Pharma
CT-6592-IDY,LAT04,LAT04,MAT-49508,Able Patch,Order,7C1A47DE-DD1,MRP-64,49,Democratic,2025-01-12,Difficult,Capital,"Patterson, Munoz and West",87528E6A-790,1533837,2025-02-11,54,Industry,917132260,Media,2025-02-09,52570515,2025-09-12,2026-09-07,Clearly,TRK71341615,"Knox, Hoover and Peters Pharma"
CT-8015-GMQ,US01,US01,MAT-74459,Memory Solution,Order,694E96DC-2A6,MRP-21,325,Stuff,2026-08-27,Each,Start,Robinson-Tucker,7B08EEA7-A6C,7320692,2025-06-12,71,Small,852886317,Nearly,2025-06-16,78453981,2024-11-27,2026-06-21,Various,TRK66137170,Martin PLC Pharma
CT-9781-BYC,AP03,AP03,MAT-96156,Compare Tablet,Order,41760EC3-898,MRP-18,329,Current,2024-05-24,From,Option,Silva-Boyd,13D53FD1-2EA,4157429,2025-02-03,296,Full,868184954,War,2025-02-08,79547230,2024-08-26,2024-04-26,Something,TRK00927791,Wilson and Sons Pharma
CT-8970-PLO,AP03,AP03,MAT-85304,Artist Solution,Order,CCFEC4B3-889,MRP-33,66,Security,2024-07-02,Score,Camera,Cannon LLC,EC2064DF-354,5259339,2025-11-01,13,As,681451056,Resource,2025-10-30,83723264,2025-10-21,2024-04-25,Similar,TRK37955278,Lewis-Baker Pharma
CT-7487-KNX,EU02,EU02,MAT-56157,Contain Solution,Order,603EDC76-89F,MRP-34,476,Probably,2025-06-16,Purpose,Wife,Dominguez PLC,AED5210F-538,2706994,2025-08-31,293,Group,407337869,Address,2025-09-01,17817043,2026-01-09,2024-07-05,Expert,TRK54308625,Hill LLC Pharma
CT-1816-RCG,AP03,AP03,MAT-37872,Effort Capsule,Order,535A2ABA-732,MRP-45,368,Deep,2023-12-29,Difference,Why,"Rodriguez, White and Flores",4D00FA38-F44,9864740,2025-05-11,249,Live,882644779,Water,2025-05-11,56234148,2024-04-29,2024-05-27,City,TRK29911629,Williams-Hall Pharma
CT-8015-GMQ,US01,US01,MAT-74459,Memory Solution,Order,060D2D29-5FD,MRP-93,172,Industry,2024-08-03,Onto,Read,"Hickman, Edwards and Young",18BE1300-48F,1042010,2025-11-20,214,And,305194753,American,2025-11-17,90408967,2024-09-02,2025-10-24,Tv,TRK99706022,Bates-Rodriguez Pharma
CT-3472-PNG,LAT04,LAT04,MAT-45907,Speech Patch,Order,29C1FE4B-0BF,MRP-90,127,Travel,2025-06-17,Kitchen,Water,Tyler and Sons,A7510327-2D1,7797396,2025-03-28,160,Program,836554996,Work,2025-03-25,90389739,2024-01-19,2025-05-02,People,TRK03208795,Spencer and Sons Pharma
CT-3395-UCM,LAT04,LAT04,MAT-82814,Reduce Solution,Order,CD20E168-B67,MRP-98,154,Figure,2026-02-03,Reason,Subject,James-Carter,19B119B0-986,1036525,2025-10-07,65,Seven,203697010,Almost,2025-10-09,33782868,2026-04-17,2026-06-28,World,TRK65846773,Ward Ltd Pharma
CT-3636-AVP,AP03,AP03,MAT-46171,Though Solution,Order,F810F57F-82C,MRP-74,291,Care,2026-08-17,Account,Training,Ali PLC,43F442CA-654,1860685,2025-02-26,131,Response,748860737,Stay,2025-02-25,46728267,2025-12-21,2024-05-20,Start,TRK00559094,Smith PLC Pharma
CT-8015-GMQ,US01,US01,MAT-74459,Memory Solution,Order,F58F8FB7-75D,MRP-53,336,Point,2026-08-14,Speech,How,Stafford-Evans,E2E08976-B06,6772102,2025-03-03,196,Example,114974496,Public,2025-03-02,53517983,2024-06-23,2024-01-27,Tree,TRK06498083,"Flynn, Collins and Lee Pharma"
CT-4229-AWU,EU02,EU02,MAT-40089,Pull Patch,Order,A8BF7403-DA8,MRP-51,419,Necessary,2026-03-19,Save,Respond,Valenzuela-Bradley,9CBEBD35-414,8065655,2025-06-18,97,Fall,333312647,Physical,2025-06-16,77285079,2026-07-02,2023-12-16,Information,TRK37948190,Hendricks-Soto Pharma
CT-3472-PNG,US01,US01,MAT-84153,Floor Patch,Order,22D3A96C-CE5,MRP-76,102,Determine,2024-10-21,Quite,Hand,Ingram PLC,37399508-4AE,4332324,2025-06-01,171,Fight,931893742,Race,2025-05-31,42016645,2026-04-01,2025-09-15,Letter,TRK18215879,"Ferrell, Scott and Bradley Pharma"
CT-8015-GMQ,US01,US01,MAT-74459,Memory Solution,Order,6BBDED17-78C,MRP-15,335,Hospital,2025-04-22,Indicate,Concern,Brown PLC,044D2FC6-0A1,5025074,2024-12-30,227,Since,305075115,I,2024-12-27,38451242,2026-04-03,2026-07-03,Significant,TRK66386514,Walters-Delgado Pharma
CT-9781-BYC,EU02,EU02,MAT-31615,Trouble Capsule,Order,D1C0BAB1-86B,MRP-40,426,Hear,2026-02-14,Police,My,"Harris, Dunn and Swanson",84747643-3B7,7227904,2025-07-20,225,Card,872919154,When,2025-07-24,51720332,2026-02-18,2025-03-04,Imagine,TRK09752479,Smith Inc Pharma
CT-1696-SCY,US01,US01,MAT-78401,Expect Tablet,Order,7E8BFE7E-71C,MRP-24,301,Spend,2026-10-25,Before,Need,"Fisher, Coleman and Edwards",CA6F43AD-A7B,6081022,2025-03-10,271,Adult,129343580,Agent,2025-03-14,39246643,2024-03-29,2025-01-14,Describe,TRK30994101,Dodson and Sons Pharma
CT-7484-BIH,EU02,EU02,MAT-74247,Great Patch,Order,C8C1DDA2-376,MRP-68,113,Black,2025-07-07,Listen,Take,Murphy Ltd,13D53FD1-2EA,7980506,2025-07-11,115,Sister,757776731,Indicate,2025-07-14,51987353,2025-09-03,2025-02-28,Memory,TRK11640296,"Meyer, Wright and Underwood Pharma"
CT-9831-IEW,LAT04,LAT04,MAT-16078,Stock Patch,Order,F038C3DD-DF4,MRP-83,281,Sense,2024-07-20,Step,Answer,Holmes-Hunter,805781A7-E1A,8274319,2024-12-20,204,Student,556744595,International,2024-12-22,22120435,2024-10-17,2025-05-31,Give,TRK71900633,"French, Anderson and Powers Pharma"
CT-2004-PSX,EU02,EU02,MAT-97442,Common Patch,Order,86905D6E-07A,MRP-17,66,Edge,2025-06-21,Really,Line,Williams-Hayes,1466B603-499,9958369,2025-05-15,218,Professional,828896592,Statement,2025-05-17,37612404,2024-03-27,2024-04-03,Drop,TRK34645916,Harvey Inc Pharma
CT-6910-RDE,US01,US01,MAT-22108,Win Injection,Order,974CD620-D0E,MRP-12,424,Inside,2026-04-28,Might,Enter,Henry-Saunders,302EBFD8-75D,4297178,2025-11-05,239,Entire,722402053,Interesting,2025-11-10,96472699,2024-08-13,2024-01-05,Near,TRK53406072,Rogers Group Pharma
CT-6109-EDZ,EU02,EU02,MAT-14039,Should Tablet,Order,A124C449-F40,MRP-22,301,Individual,2025-07-05,Hard,Add,Little-Craig,354C0CEF-9FF,2420212,2025-07-29,284,Writer,384266935,Fast,2025-07-28,95363826,2025-10-18,2025-04-15,Quickly,TRK62637359,Wells PLC Pharma
CT-9771-CZL,LAT04,LAT04,MAT-22610,Us Solution,Order,37B5CD9F-E09,MRP-66,64,Sometimes,2025-03-01,Girl,Different,Becker and Sons,276063F6-554,4400831,2025-05-05,282,Relationship,750546772,Born,2025-05-10,44532262,2024-06-10,2026-06-29,Heart,TRK90167735,Cantu-Ramirez Pharma
CT-3228-ZKT,AP03,AP03,MAT-30703,Cold Injection,Order,99D24A00-746,MRP-58,9,Process,2024-09-14,Threat,Guy,Graham Group,9CBEBD35-414,6037207,2025-06-23,295,Election,455198669,Parent,2025-06-27,28235682,2025-10-10,2026-01-16,But,TRK13022571,"Barnes, Thomas and Zamora Pharma"
CT-8742-ECD,US01,US01,MAT-47140,Side Capsule,Order,105D5698-13F,MRP-84,129,Event,2025-10-13,Although,Serious,"Day, Martin and Martin",DC77B20F-464,1618101,2025-10-07,39,Suggest,784714211,Out,2025-10-08,28635891,2024-06-03,2024-01-25,Western,TRK22588730,Harrison Group Pharma
CT-7487-KNX,EU02,EU02,MAT-56157,Contain Solution,Order,4C90F0B2-38C,MRP-95,400,This,2024-04-21,Development,Marriage,Wallace Group,E7347777-52D,4357270,2025-02-23,35,Explain,995990647,Car,2025-02-21,86245599,2025-09-17,2026-09-05,Evidence,TRK37493890,Rodriguez Group Pharma
CT-8872-GKR,LAT04,LAT04,MAT-66331,Step Solution,Order,D12FEB9C-3EF,MRP-85,77,Simply,2025-11-05,Draw,Stay,"Rodriguez, Henson and Reed",D4D67F91-29D,7953333,2025-08-24,293,Like,910204660,Collection,2025-08-21,30132530,2026-04-02,2024-08-07,Hundred,TRK28190309,Davis Ltd Pharma
CT-5806-JWO,US01,US01,MAT-81584,Set Solution,Order,703C84BA-54F,MRP-27,454,East,2025-03-14,Ago,Ability,Diaz-White,362FCDC7-090,1342958,2025-01-04,176,Star,823562853,Pass,2025-01-08,60918776,2024-02-09,2025-01-03,Early,TRK42859315,"Wilkins, Hansen and Smith Pharma"
CT-1816-RCG,AP03,AP03,MAT-37872,Effort Capsule,Order,6AA14615-5B4,MRP-58,85,Good,2025-06-21,Tough,Nor,Hamilton-Rivera,86905D6E-07A,8824110,2025-06-21,222,Whether,942942694,Very,2025-06-24,35696113,2026-10-21,2023-12-27,Wind,TRK25371126,Duncan Group Pharma
CT-9781-BYC,AP03,AP03,MAT-96156,Compare Tablet,Order,79EDC353-4DF,MRP-23,187,Give,2025-01-11,Forward,Exactly,Knight-Richards,8733D49D-751,7860116,2025-10-12,253,Term,700449448,Time,2025-10-09,62986689,2025-03-11,2024-04-13,Wife,TRK65641995,"Strickland, Skinner and Schultz Pharma"
CT-6910-RDE,AP03,AP03,MAT-93657,Dog Patch,Order,AD35DE4B-215,MRP-47,42,More,2025-05-19,Offer,Memory,Peters Ltd,C863EED3-4DE,3579930,2025-03-19,240,Still,424948241,Partner,2025-03-16,30261634,2025-02-03,2026-08-06,Here,TRK61317273,Miller-Molina Pharma
CT-9781-BYC,AP03,AP03,MAT-98864,Positive Injection,Order,5BF6AB13-B1D,MRP-56,27,There,2026-08-30,How,Up,"Mathis, Dyer and Bennett",302EBFD8-75D,6993043,2025-11-26,106,She,287854468,Morning,2025-11-25,65970736,2025-12-09,2025-06-01,Stay,TRK60074650,"Pineda, Harrington and Garrett Pharma"
CT-2004-PSX,EU02,EU02,MAT-32011,Offer Tablet,Order,820B4015-B5D,MRP-72,372,Never,2023-12-30,Space,Bad,Rivera-Garcia,4FFC728A-450,7959105,2025-10-04,29,Health,437018544,Morning,2025-10-08,83113122,2024-06-23,2024-01-11,Mission,TRK64541514,Price-Miller Pharma
CT-9771-CZL,LAT04,LAT04,MAT-22610,Us Solution,Order,CC4ACAE6-0A8,MRP-71,462,Leave,2024-09-26,American,Whose,Taylor Group,1C290466-294,3300453,2025-01-26,73,Cover,656283975,Term,2025-01-26,96035611,2025-08-16,2024-12-21,Deal,TRK33272567,Jordan Inc Pharma
CT-8015-GMQ,US01,US01,MAT-74459,Memory Solution,Order,420B1E11-8DA,MRP-27,183,Training,2025-04-11,Pm,Reflect,Sloan-Anderson,06816510-E5D,5898529,2025-02-06,93,About,573374484,Simple,2025-02-06,20373173,2025-10-25,2025-11-25,Official,TRK61196634,"Tanner, King and Strickland Pharma"
CT-3636-AVP,EU02,EU02,MAT-54383,Agency Injection,Order,0ACC4422-7D1,MRP-29,482,Want,2025-09-04,Television,Last,Webb PLC,72B8F29D-C0E,1630042,2025-05-01,225,Admit,250360353,Book,2025-05-02,81766198,2024-03-04,2025-05-23,Writer,TRK35605456,Wright and Sons Pharma
CT-7487-KNX,EU02,EU02,MAT-56157,Contain Solution,Order,AED5210F-538,MRP-81,117,Garden,2025-10-15,Course,Single,Huffman-Morris,F5EA0FB0-86D,1189134,2025-12-03,170,Land,521253487,Level,2025-12-03,70185821,2024-06-24,2026-01-29,Property,TRK33785664,Mitchell Inc Pharma
CT-9771-CZL,LAT04,LAT04,MAT-22610,Us Solution,Order,F2407184-2CE,MRP-65,268,Better,2024-09-25,Southern,Whatever,"Garcia, Perez and Flowers",D4D67F91-29D,8285236,2025-07-26,65,Alone,303876317,Board,2025-07-29,46792920,2025-04-08,2025-12-30,Floor,TRK89499100,"Bell, Stanley and Rowe Pharma"
CT-3395-UCM,US01,US01,MAT-40706,Keep Capsule,Order,38951FD6-B03,MRP-88,400,Show,2025-08-11,Here,Organization,"Henderson, Schmidt and Mcdonald",721F5CBB-8FF,3409730,2025-02-14,226,Better,226540829,Star,2025-02-14,82261233,2026-10-27,2024-10-01,Detail,TRK32615933,"Russell, Cannon and Allen Pharma"
CT-6551-IBW,US01,US01,MAT-52579,Cell Tablet,Order,96B625BB-687,MRP-30,81,Garden,2025-12-25,Worry,For,"Daniels, Hamilton and Davidson",CDED8377-18B,3250461,2025-07-16,154,Outside,928423651,Understand,2025-07-20,72560644,2026-07-26,2025-11-30,East,TRK74399173,Woodward and Sons Pharma
