Availability Date or Requirements Date,Category of Stock/Receipt/Requirement/Forecast,Category Type,Counter,Country/Reg,Delivery Date of a Schedule Line,Destination,Item Number for Identification of an Input/Output Node,Location,Order Number,Parent Product for Dependent Demand,Planning Version,Product Number,Production Version,Profit Center,Source,Start Time of the Order,Sublocation,Version,Confirmed Quantity_ATP,Original Quantity,Receipt or Requirements Quantity,Trial Alias
2025-02-09,Requirement,Planned Order,954,Russian Federation,2025-02-13,Lake Evanmouth Medical Center,169126523,SITE-170,C87DA7B5-D02,MAT-93657,B1,MAT-93657,PV-7625,PC5733,Coreyshire Logistics Center,01:47:12,Special,Suggest,403,144,328,CT-6910-RDE
2025-06-09,Receipt,Purchase Requisition,983,Puerto Rico,2025-06-06,Port Johnmouth Medical Center,456115466,SITE-297,502EC192-A84,MAT-22152,A1,MAT-22152,PV-4081,PC1663,Braunberg Logistics Center,21:34:30,Low,Various,314,20,20,CT-3472-PNG
2025-10-23,Stock,Purchase Requisition,673,Liechtenstein,2025-10-23,Lake Laurastad Medical Center,950835144,SITE-114,D30AB6AE-A77,MAT-85304,B1,MAT-85304,PV-3083,PC4433,Meyersmouth Logistics Center,20:44:56,Police,Drop,102,10,148,CT-8970-PLO
2025-06-28,Requirement,Planned Order,824,Seychelles,2025-07-02,Woodwardfort Medical Center,525679239,SITE-199,93E2AB3B-625,MAT-86168,B1,MAT-86168,PV-5773,PC1102,Allenstad Logistics Center,15:46:04,Research,Us,374,485,155,CT-6109-EDZ
2025-07-10,Requirement,Planned Order,202,Korea,2025-07-12,Roblestown Medical Center,735278262,SITE-172,49D908EC-D19,MAT-15875,B1,MAT-15875,PV-9357,PC8208,Greenefort Logistics Center,12:00:01,Song,Especially,174,418,451,CT-8742-ECD
2024-12-31,Receipt,Purchase Requisition,450,Pakistan,2025-01-03,Hillberg Medical Center,727265184,SITE-165,7F8EA55C-605,MAT-33689,B1,MAT-33689,PV-7456,PC3052,Port Tiffany Logistics Center,11:12:37,Film,Line,444,141,455,CT-6910-RDE
2024-12-28,Stock,Purchase Requisition,444,Azerbaijan,2025-01-01,Jacksonport Medical Center,703407923,SITE-248,AB2CA71A-47C,MAT-39627,B1,MAT-39627,PV-6819,PC7791,South Jennifer Logistics Center,08:01:27,Sure,Space,309,9,131,CT-5014-EEP
2025-02-06,Stock,Planned Order,572,Puerto Rico,2025-02-11,East Stephanie Medical Center,680208774,SITE-102,EA3FBE37-E91,MAT-60599,A1,MAT-60599,PV-1946,PC4510,Braunberg Logistics Center,20:43:51,Maintain,Far,23,137,190,CT-2004-PSX
2025-04-06,Requirement,Purchase Requisition,643,Jersey,2025-04-08,East Edward Medical Center,778336477,SITE-207,C2863B49-6B7,MAT-16078,A1,MAT-16078,PV-4328,PC4499,Derekville Logistics Center,02:17:31,About,Investment,13,18,265,CT-9831-IEW
2025-11-20,Requirement,Purchase Requisition,536,Niger,2025-11-21,Martinezfurt Medical Center,580410431,SITE-269,7EA3E715-4EB,MAT-66374,B1,MAT-66374,PV-3070,PC4552,Whitneybury Logistics Center,08:07:35,Along,Local,124,182,118,CT-7484-BIH
2025-05-13,Stock,Planned Order,730,Turkey,2025-05-18,Melanieview Medical Center,169966815,SITE-218,F52B62BD-E91,MAT-40706,B1,MAT-40706,PV-4793,PC8588,Jordanmouth Logistics Center,02:11:05,Maybe,Heart,308,357,98,CT-3395-UCM
2025-03-04,Receipt,Planned Order,382,Haiti,2025-03-01,Davidberg Medical Center,986381718,SITE-147,D465FA61-668,MAT-78401,B1,MAT-78401,PV-9272,PC5153,Russellhaven Logistics Center,21:08:13,With,Environmental,55,75,66,CT-1696-SCY
2024-12-06,Receipt,Planned Order,824,Barbados,2024-12-08,New Joseph Medical Center,631279354,SITE-110,BAFF899E-7D4,MAT-49508,A1,MAT-49508,PV-5548,PC5188,Derekville Logistics Center,07:23:19,Ability,There,485,163,199,CT-6592-IDY
2025-09-27,Stock,Planned Order,445,Haiti,2025-10-01,Smithberg Medical Center,982918020,SITE-303,082EC977-749,MAT-22152,A1,MAT-22152,PV-8708,PC6349,Smithshire Logistics Center,18:17:57,Good,History,197,314,374,CT-3472-PNG
2025-11-13,Receipt,Purchase Requisition,71,San Marino,2025-11-10,Nathanbury Medical Center,499199802,SITE-176,1DE4A4D7-80D,MAT-15875,B1,MAT-15875,PV-2539,PC8615,Lake Jonathan Logistics Center,02:20:40,Customer,Home,412,121,394,CT-8742-ECD
2025-10-16,Receipt,Purchase Requisition,531,Cuba,2025-10-15,South Emily Medical Center,698264946,SITE-278,4FFC728A-450,MAT-59372,A1,MAT-59372,PV-7526,PC5611,Braunberg Logistics Center,04:33:28,Relate,Even,189,254,373,CT-7487-KNX
2025-04-23,Stock,Planned Order,603,Italy,2025-04-27,Lake Natalie Medical Center,238592073,SITE-291,BE0807F8-705,MAT-79992,B1,MAT-79992,PV-5212,PC2939,Irwinmouth Logistics Center,07:04:37,West,Soldier,342,70,373,CT-6551-IBW
2025-03-24,Receipt,Purchase Requisition,962,Albania,2025-03-26,West Debra Medical Center,317346205,SITE-306,C863EED3-4DE,MAT-31615,A1,MAT-31615,PV-8572,PC5227,Lake Taratown Logistics Center,12:23:38,White,Home,97,36,276,CT-9781-BYC
2025-01-18,Stock,Purchase Requisition,243,Pitcairn Islands,2025-01-22,South Samantha Medical Center,348162321,SITE-211,1591A2AC-D6F,MAT-49651,B1,MAT-49651,PV-7714,PC2953,Lake Taratown Logistics Center,05:17:33,Look,Bad,225,245,433,CT-9831-IEW
2025-05-02,Stock,Planned Order,712,Niger,2025-05-06,Shelbyport Medical Center,839962747,SITE-268,805781A7-E1A,MAT-66257,A1,MAT-66257,PV-6684,PC5503,Jonesshire Logistics Center,03:49:35,White,Wonder,142,18,223,CT-7484-BIH
2025-10-09,Receipt,Planned Order,755,San Marino,2025-10-12,Brooksburgh Medical Center,259458530,SITE-178,13D53FD1-2EA,MAT-16848,A1,MAT-16848,PV-5316,PC9980,Timstad Logistics Center,16:53:47,Player,Us,114,360,338,CT-8742-ECD
2025-04-05,Stock,Purchase Requisition,384,Libyan Arab Jamahiriya,2025-04-03,Weststad Medical Center,948669711,SITE-285,354C0CEF-9FF,MAT-73628,B1,MAT-73628,PV-6770,PC1664,Meganchester Logistics Center,01:15:04,Sister,Catch,147,184,100,CT-3230-HFO
2024-12-27,Receipt,Planned Order,328,Korea,2025-01-01,North Crystal Medical Center,978779476,SITE-173,48F49FFF-6F5,MAT-15875,A1,MAT-15875,PV-9786,PC1884,Port Tiffany Logistics Center,18:06:24,Must,History,239,364,16,CT-8742-ECD
2025-11-02,Receipt,Planned Order,88,Guinea-Bissau,2025-11-01,Ramirezside Medical Center,331452224,SITE-106,37399508-4AE,MAT-97442,B1,MAT-97442,PV-2406,PC9676,Braunberg Logistics Center,09:35:41,Word,From,316,46,52,CT-2004-PSX
2025-03-30,Receipt,Planned Order,921,Liechtenstein,2025-03-28,Robertbury Medical Center,183821908,SITE-113,9CBEBD35-414,MAT-86920,B1,MAT-86920,PV-8277,PC6452,North Cameronchester Logistics Center,14:52:15,Manage,Small,457,328,355,CT-8970-PLO
2025-04-22,Requirement,Purchase Requisition,925,Russian Federation,2025-04-24,North Jamie Medical Center,553124511,SITE-171,0559EAA9-2EA,MAT-22108,B1,MAT-22108,PV-9292,PC4515,Carterton Logistics Center,18:08:00,Main,Old,332,247,431,CT-6910-RDE
2025-01-07,Receipt,Purchase Requisition,17,San Marino,2025-01-12,Nathanbury Medical Center,859996887,SITE-176,AAD7229E-CD6,MAT-47254,B1,MAT-47254,PV-4085,PC7942,Port Tiffany Logistics Center,20:54:05,Stage,Public,23,322,468,CT-8742-ECD
2025-02-16,Receipt,Purchase Requisition,97,Estonia,2025-02-15,Dianetown Medical Center,339136437,SITE-261,7ECBBF33-951,MAT-54383,A1,MAT-54383,PV-5945,PC7947,Sullivanview Logistics Center,20:08:34,Station,Town,360,212,435,CT-3636-AVP
2025-07-24,Stock,Purchase Requisition,582,Madagascar,2025-07-23,North Kimberly Medical Center,683595707,SITE-293,F892BADA-B88,MAT-75647,A1,MAT-75647,PV-7733,PC4292,Braunberg Logistics Center,02:24:42,Building,Accept,122,84,396,CT-6551-IBW
2025-07-07,Receipt,Purchase Requisition,186,Morocco,2025-07-05,West Reneestad Medical Center,175017481,SITE-133,216A0628-CE4,MAT-74459,A1,MAT-74459,PV-9829,PC7816,Wolfport Logistics Center,14:15:42,Central,Owner,446,41,317,CT-8015-GMQ
2025-05-26,Requirement,Purchase Requisition,896,Puerto Rico,2025-05-24,Matthewside Medical Center,557079846,SITE-295,661396B5-BE2,MAT-22152,A1,MAT-22152,PV-5543,PC7826,South Nathanmouth Logistics Center,18:10:40,Author,Run,215,498,136,CT-3472-PNG
2025-11-27,Stock,Purchase Requisition,187,Estonia,2025-11-26,Nolanton Medical Center,860305532,SITE-259,C1EDEFA4-014,MAT-54383,B1,MAT-54383,PV-4998,PC4622,Russellhaven Logistics Center,09:56:13,Event,Ground,12,457,458,CT-3636-AVP
2025-09-04,Receipt,Purchase Requisition,209,Jordan,2025-09-05,Lake Kevinchester Medical Center,698734457,SITE-244,6779AAB3-F3B,MAT-39627,B1,MAT-39627,PV-9963,PC6631,West Meghanmouth Logistics Center,00:26:00,Simply,Do,401,103,136,CT-5014-EEP
2025-05-24,Receipt,Planned Order,894,Mauritius,2025-05-21,Lake Jefferyton Medical Center,511665793,SITE-250,C39FF96A-D71,MAT-53554,A1,MAT-53554,PV-3829,PC3314,Freemanmouth Logistics Center,14:42:41,Every,Collection,143,367,482,CT-5014-EEP
2025-07-29,Requirement,Planned Order,447,Madagascar,2025-07-26,North Kimberly Medical Center,953614566,SITE-293,23447E8F-F1B,MAT-75647,B1,MAT-75647,PV-9012,PC1484,West Meghanmouth Logistics Center,04:30:50,Situation,Administration,118,156,491,CT-6551-IBW
2025-04-16,Receipt,Purchase Requisition,494,Barbados,2025-04-16,New Joseph Medical Center,472982707,SITE-110,D620F7F5-660,MAT-49508,B1,MAT-49508,PV-6909,PC5468,Jordanmouth Logistics Center,13:49:09,Return,Fly,307,272,435,CT-6592-IDY
2025-01-03,Stock,Planned Order,487,Madagascar,2025-01-07,North Kimberly Medical Center,354674343,SITE-293,9D1D8DAF-160,MAT-79992,B1,MAT-79992,PV-4481,PC9598,New David Logistics Center,21:17:45,Easy,Knowledge,67,230,75,CT-6551-IBW
2025-01-11,Stock,Planned Order,493,Thailand,2025-01-13,Williamburgh Medical Center,738032064,SITE-159,CCD65B39-FFB,MAT-58266,B1,MAT-58266,PV-8637,PC8537,Wolfport Logistics Center,08:41:37,Class,Loss,103,9,208,CT-3228-ZKT
2025-03-31,Receipt,Purchase Requisition,258,Dominican Republic,2025-03-28,Cherylborough Medical Center,683799182,SITE-152,D9F20807-A58,MAT-78401,B1,MAT-78401,PV-4071,PC6921,Ortizfort Logistics Center,07:43:27,Determine,Couple,264,133,424,CT-1696-SCY
2025-02-25,Stock,Planned Order,45,Burundi,2025-02-24,Smithfort Medical Center,539260434,SITE-252,053A9347-DD8,MAT-46171,A1,MAT-46171,PV-5613,PC9863,Meganchester Logistics Center,12:09:49,Recently,Somebody,233,488,411,CT-3636-AVP
2025-06-14,Receipt,Planned Order,896,Russian Federation,2025-06-16,North Jamie Medical Center,902988864,SITE-171,33A5606D-712,MAT-22108,A1,MAT-22108,PV-4672,PC4607,Margaretville Logistics Center,19:56:51,Agreement,Culture,133,60,287,CT-6910-RDE
2024-12-13,Receipt,Planned Order,63,British Virgin Islands,2024-12-10,East Alexander Medical Center,582557489,SITE-235,EC2064DF-354,MAT-22610,A1,MAT-22610,PV-9880,PC8661,Coreyshire Logistics Center,05:42:50,Natural,Position,397,199,384,CT-9771-CZL
2025-09-02,Stock,Purchase Requisition,708,Libyan Arab Jamahiriya,2025-08-30,Weststad Medical Center,982070606,SITE-285,C061C212-E16,MAT-73628,B1,MAT-73628,PV-8961,PC1595,North Cameronchester Logistics Center,01:06:01,Conference,Peace,104,199,238,CT-3230-HFO
2025-08-08,Stock,Purchase Requisition,193,Cyprus,2025-08-06,Newtonland Medical Center,961888267,SITE-276,333F654A-085,MAT-59372,A1,MAT-59372,PV-7799,PC4510,Turnerview Logistics Center,00:11:27,Social,Pull,95,381,204,CT-7487-KNX
2025-08-10,Stock,Planned Order,624,Pakistan,2025-08-14,Hillberg Medical Center,837952968,SITE-165,91976714-574,MAT-22108,A1,MAT-22108,PV-3304,PC4633,West Meghanmouth Logistics Center,15:31:33,Lawyer,Her,86,48,278,CT-6910-RDE
2025-10-15,Requirement,Planned Order,289,Cambodia,2025-10-13,North Heidi Medical Center,544881855,SITE-145,43A721B6-D4D,MAT-66331,A1,MAT-66331,PV-4337,PC8611,Hernandezborough Logistics Center,10:24:59,Film,Section,346,213,153,CT-8872-GKR
2025-07-28,Stock,Purchase Requisition,802,Puerto Rico,2025-07-29,South Jasonmouth Medical Center,634593310,SITE-296,CDED8377-18B,MAT-45907,B1,MAT-45907,PV-4031,PC3096,Georgeview Logistics Center,11:09:15,Beyond,Job,263,250,317,CT-3472-PNG
2025-04-15,Receipt,Planned Order,716,Cuba,2025-04-16,Port Malik Medical Center,614789398,SITE-279,E1DECF3D-AD6,MAT-18458,B1,MAT-18458,PV-3434,PC2204,Meyersmouth Logistics Center,16:52:13,Garden,War,449,303,359,CT-7487-KNX
2025-04-18,Receipt,Purchase Requisition,690,Gibraltar,2025-04-18,Elizabethland Medical Center,597729891,SITE-281,F5EA0FB0-86D,MAT-73628,B1,MAT-73628,PV-1389,PC7547,Port Charlene Logistics Center,21:17:14,Center,Strong,408,457,161,CT-3230-HFO
2025-10-24,Stock,Purchase Requisition,227,Jersey,2025-10-22,East Edward Medical Center,688223368,SITE-207,A66ABC3D-ED8,MAT-49651,B1,MAT-49651,PV-5355,PC9671,Jordanmouth Logistics Center,19:36:43,Far,List,464,461,382,CT-9831-IEW
2025-01-29,Receipt,Purchase Requisition,46,Comoros,2025-01-30,South Kenneth Medical Center,179350442,SITE-160,95696318-323,MAT-61362,A1,MAT-61362,PV-4699,PC7122,Port Charlene Logistics Center,15:38:19,Recently,May,93,332,363,CT-3228-ZKT
2025-07-23,Stock,Purchase Requisition,377,Azerbaijan,2025-07-21,Lake Tiffanyport Medical Center,712720994,SITE-249,A7AEB7DC-2CF,MAT-53554,A1,MAT-53554,PV-7840,PC2943,South Christopher Logistics Center,14:49:33,From,Medical,45,368,292,CT-5014-EEP
2025-03-20,Stock,Purchase Requisition,884,Tanzania,2025-03-24,Reyesfort Medical Center,704333860,SITE-208,D4D67F91-29D,MAT-16078,A1,MAT-16078,PV-2299,PC7200,Coreyshire Logistics Center,09:37:18,Man,Wear,227,229,336,CT-9831-IEW
2025-08-16,Stock,Planned Order,556,Mozambique,2025-08-20,Mollyland Medical Center,248778361,SITE-116,06816510-E5D,MAT-84265,A1,MAT-84265,PV-4639,PC4528,Russellhaven Logistics Center,09:48:09,Bag,Cultural,307,228,34,CT-8970-PLO
2024-12-24,Requirement,Planned Order,582,Serbia,2024-12-23,Lake John Medical Center,424087419,SITE-131,1466B603-499,MAT-91309,A1,MAT-91309,PV-8071,PC4681,New Amymouth Logistics Center,00:53:37,Population,Positive,85,486,228,CT-8015-GMQ
2025-03-23,Stock,Purchase Requisition,498,Moldova,2025-03-24,Lake Summerville Medical Center,777884019,SITE-311,092A544D-1B7,MAT-98864,A1,MAT-98864,PV-9622,PC5265,Wolfport Logistics Center,07:58:51,Class,Accept,89,195,232,CT-9781-BYC
2025-08-11,Stock,Planned Order,903,Burundi,2025-08-10,North Sharon Medical Center,960531891,SITE-272,D991D9F7-CFE,MAT-56157,A1,MAT-56157,PV-5734,PC4124,Freemanmouth Logistics Center,00:14:36,Suffer,Single,66,32,218,CT-7487-KNX
2025-10-26,Requirement,Purchase Requisition,628,San Marino,2025-10-23,Nathanbury Medical Center,357197185,SITE-176,79E2FD5B-55E,MAT-47140,A1,MAT-47140,PV-5943,PC1334,North Cameronchester Logistics Center,12:31:52,Large,Own,347,149,395,CT-8742-ECD
2025-07-11,Stock,Planned Order,192,British Virgin Islands,2025-07-12,East Alexander Medical Center,175182997,SITE-235,B8C67610-950,MAT-22610,A1,MAT-22610,PV-6685,PC7232,East Dianeland Logistics Center,01:59:11,Sing,Military,203,127,95,CT-9771-CZL
2025-08-12,Requirement,Planned Order,342,Haiti,2025-08-11,Smithberg Medical Center,390211616,SITE-303,9E01693A-016,MAT-84153,B1,MAT-84153,PV-5230,PC2901,Turnerview Logistics Center,07:51:21,Several,Specific,297,294,328,CT-3472-PNG
2025-08-22,Stock,Purchase Requisition,803,Algeria,2025-08-19,North Kerryberg Medical Center,743542178,SITE-121,6C1C5C9C-E11,MAT-81584,A1,MAT-81584,PV-2218,PC4318,Freemanmouth Logistics Center,01:15:18,These,Long,404,127,356,CT-5806-JWO
2025-02-05,Stock,Planned Order,786,Niger,2025-02-02,North Laurenview Medical Center,976583195,SITE-274,43F442CA-654,MAT-59372,A1,MAT-59372,PV-9311,PC2496,Hernandezborough Logistics Center,05:21:08,Must,Within,80,281,428,CT-7487-KNX
2025-02-07,Receipt,Planned Order,207,Bulgaria,2025-02-08,Chavezview Medical Center,125739143,SITE-128,19165D8C-A56,MAT-81584,A1,MAT-81584,PV-7121,PC5715,Ortizfort Logistics Center,12:06:20,Fact,Pull,291,148,417,CT-5806-JWO
2025-10-03,Stock,Purchase Requisition,762,Azerbaijan,2025-10-07,Jacksonport Medical Center,384265104,SITE-248,84747643-3B7,MAT-39627,B1,MAT-39627,PV-6351,PC5863,Whitneybury Logistics Center,15:35:35,Know,Chair,500,476,83,CT-5014-EEP
2025-04-14,Requirement,Purchase Requisition,355,Jordan,2025-04-12,Lake Kevinchester Medical Center,684545217,SITE-244,1237E7EE-E08,MAT-53554,A1,MAT-53554,PV-6121,PC5306,Meyersmouth Logistics Center,18:32:48,Write,System,89,110,191,CT-5014-EEP
2024-12-16,Stock,Planned Order,636,Comoros,2024-12-20,Victorville Medical Center,452555444,SITE-215,423FCCAC-9C3,MAT-40706,A1,MAT-40706,PV-5464,PC1777,Jonesshire Logistics Center,21:46:19,Minute,In,434,340,490,CT-3395-UCM
2025-01-04,Receipt,Purchase Requisition,566,New Caledonia,2025-01-06,North Ann Medical Center,812197944,SITE-223,9313CC9E-3F2,MAT-47986,A1,MAT-47986,PV-1315,PC3597,South Conniebury Logistics Center,09:21:22,Sell,Give,177,237,232,CT-4229-AWU
2025-02-14,Receipt,Purchase Requisition,159,India,2025-02-13,Leeberg Medical Center,281464576,SITE-180,6EDC0958-393,MAT-18097,A1,MAT-18097,PV-2323,PC5173,Margaretville Logistics Center,01:40:28,Reflect,Theory,434,112,73,CT-7047-GQC
2025-04-03,Requirement,Purchase Requisition,47,Barbados,2025-04-01,New Joseph Medical Center,358515489,SITE-110,3927BB78-AC5,MAT-49508,B1,MAT-49508,PV-1574,PC8325,Sullivanview Logistics Center,11:55:20,Help,Line,17,399,305,CT-6592-IDY
2025-07-19,Requirement,Purchase Requisition,861,Wallis and Futuna,2025-07-24,Randolphfurt Medical Center,686982660,SITE-209,71D8D50F-7AE,MAT-33775,B1,MAT-33775,PV-4233,PC9542,Port Charlene Logistics Center,08:14:55,Especially,Heart,347,95,218,CT-9831-IEW
2024-12-16,Stock,Planned Order,356,Switzerland,2024-12-20,Brittanyshire Medical Center,811092591,SITE-290,16279966-43F,MAT-54713,A1,MAT-54713,PV-8358,PC9676,East Hollyport Logistics Center,04:34:27,Music,Spring,272,398,112,CT-3230-HFO
2025-08-13,Stock,Purchase Requisition,277,Tanzania,2025-08-18,Reyesfort Medical Center,751326711,SITE-208,3B0FDA9F-884,MAT-16078,A1,MAT-16078,PV-8450,PC8516,West Tonya Logistics Center,16:54:45,Old,Skill,167,442,41,CT-9831-IEW
2025-06-01,Receipt,Purchase Requisition,184,Estonia,2025-06-02,Dianetown Medical Center,923814471,SITE-261,A7510327-2D1,MAT-54383,B1,MAT-54383,PV-8046,PC5289,Wolfport Logistics Center,00:08:17,Work,Ask,30,205,88,CT-3636-AVP
2025-05-11,Stock,Purchase Requisition,84,Indonesia,2025-05-12,Jessicaville Medical Center,462730853,SITE-186,CE77A960-CDA,MAT-58634,A1,MAT-58634,PV-8931,PC3143,Lake Taratown Logistics Center,23:12:01,Three,Commercial,427,390,425,CT-7047-GQC
2025-09-29,Requirement,Planned Order,178,Bouvet Island (Bouvetoya),2025-10-02,Carrieland Medical Center,908783244,SITE-231,13D23ECC-032,MAT-22354,B1,MAT-22354,PV-1279,PC3353,East Dianeland Logistics Center,11:02:31,Him,Recent,249,287,31,CT-4229-AWU
2025-10-28,Requirement,Planned Order,631,Thailand,2025-10-25,Williamburgh Medical Center,399270735,SITE-159,DB096D51-BDC,MAT-30703,B1,MAT-30703,PV-3717,PC6317,Timstad Logistics Center,11:27:52,Western,Worker,33,315,222,CT-3228-ZKT
2025-09-04,Receipt,Purchase Requisition,185,Jordan,2025-09-05,Rhondashire Medical Center,895012755,SITE-245,5B47E6AA-FAF,MAT-53554,B1,MAT-53554,PV-7990,PC5084,Wolfport Logistics Center,07:08:41,Pattern,Old,123,112,396,CT-5014-EEP
2024-12-16,Stock,Planned Order,385,Madagascar,2024-12-14,North Kimberly Medical Center,922614916,SITE-293,ECA8CBD1-E04,MAT-79992,B1,MAT-79992,PV-7511,PC4775,Whitneybury Logistics Center,20:56:53,Cold,All,216,307,333,CT-6551-IBW
2025-05-21,Receipt,Purchase Requisition,332,Cyprus,2025-05-22,Newtonland Medical Center,557986265,SITE-276,D5E639AD-82A,MAT-59372,A1,MAT-59372,PV-5107,PC8753,Coreyshire Logistics Center,16:32:41,Just,Practice,283,336,85,CT-7487-KNX
2025-03-17,Requirement,Planned Order,334,Zimbabwe,2025-03-16,Patricialand Medical Center,902622340,SITE-101,7C05434F-BD5,MAT-97442,A1,MAT-97442,PV-5351,PC2131,Margaretville Logistics Center,06:31:45,Work,Once,257,114,17,CT-2004-PSX
2024-12-16,Requirement,Purchase Requisition,367,Comoros,2024-12-21,Mcleanport Medical Center,742274090,SITE-216,75038E9B-BA2,MAT-40706,B1,MAT-40706,PV-7115,PC5095,Irwinmouth Logistics Center,08:30:44,During,Law,321,182,480,CT-3395-UCM
2025-11-15,Stock,Purchase Requisition,309,Azerbaijan,2025-11-13,Scottfort Medical Center,862864473,SITE-247,60F22C34-AA2,MAT-39627,A1,MAT-39627,PV-4263,PC5363,New Amymouth Logistics Center,20:26:28,Republican,Science,71,199,394,CT-5014-EEP
2025-07-06,Requirement,Planned Order,778,Zimbabwe,2025-07-07,Patricialand Medical Center,609990549,SITE-101,44597FDE-ED2,MAT-32011,A1,MAT-32011,PV-6606,PC6808,Russellhaven Logistics Center,03:06:29,Hit,Real,265,496,249,CT-2004-PSX
2025-07-17,Stock,Purchase Requisition,955,Ecuador,2025-07-14,Hammondberg Medical Center,518674678,SITE-204,9853B6AB-C01,MAT-86168,B1,MAT-86168,PV-9343,PC2537,Derekville Logistics Center,18:24:15,Prove,Movie,84,254,122,CT-6109-EDZ
2025-10-16,Receipt,Purchase Requisition,72,Anguilla,2025-10-20,Lake Theresabury Medical Center,590502211,SITE-138,2D1D3AF0-A99,MAT-74459,B1,MAT-74459,PV-6198,PC9169,Timstad Logistics Center,18:31:04,Million,Lay,38,188,440,CT-8015-GMQ
2025-07-14,Stock,Planned Order,877,Zimbabwe,2025-07-11,Patricialand Medical Center,279260169,SITE-101,19B119B0-986,MAT-60599,A1,MAT-60599,PV-8326,PC4603,Hernandezborough Logistics Center,02:50:30,Detail,Until,473,102,209,CT-2004-PSX
2025-07-31,Receipt,Purchase Requisition,197,Moldova,2025-08-04,Thompsontown Medical Center,663557448,SITE-310,8733D49D-751,MAT-98864,A1,MAT-98864,PV-3334,PC1107,South Nathanmouth Logistics Center,11:53:06,Direction,Choice,209,172,351,CT-9781-BYC
2025-06-01,Stock,Purchase Requisition,907,Cambodia,2025-05-30,New Paul Medical Center,849450798,SITE-205,DC77B20F-464,MAT-86168,B1,MAT-86168,PV-3061,PC2316,Jonesshire Logistics Center,08:00:06,Else,Television,206,246,133,CT-6109-EDZ
2025-04-28,Receipt,Purchase Requisition,990,Turkey,2025-04-25,Joshuafurt Medical Center,862547591,SITE-217,7BB74C9C-D85,MAT-34899,B1,MAT-34899,PV-6577,PC3194,Ortizfort Logistics Center,01:12:55,Interview,Property,100,171,488,CT-3395-UCM
2025-11-11,Receipt,Planned Order,202,Albania,2025-11-12,West Debra Medical Center,579108374,SITE-306,3FCA798E-FD6,MAT-98864,A1,MAT-98864,PV-2865,PC2873,Braunberg Logistics Center,17:16:16,Technology,Player,460,342,500,CT-9781-BYC
2025-04-09,Receipt,Purchase Requisition,486,Kazakhstan,2025-04-07,Christinabury Medical Center,102402487,SITE-154,B83CFAB5-B68,MAT-78401,B1,MAT-78401,PV-1068,PC3920,East Hollyport Logistics Center,01:04:40,Lay,Sure,212,92,52,CT-1696-SCY
2025-04-30,Requirement,Purchase Requisition,493,Philippines,2025-04-27,Lake Autumnfurt Medical Center,119898437,SITE-142,6BF20FDB-A43,MAT-23246,A1,MAT-23246,PV-6901,PC9836,Lake Taratown Logistics Center,12:29:50,Security,Million,13,233,290,CT-8872-GKR
2025-08-19,Requirement,Purchase Requisition,999,Nauru,2025-08-23,Perryfurt Medical Center,529767153,SITE-175,835C170B-558,MAT-47140,A1,MAT-47140,PV-8652,PC6700,Lake Taratown Logistics Center,21:47:54,Say,Form,317,178,58,CT-8742-ECD
2025-07-31,Requirement,Planned Order,178,Ecuador,2025-08-04,Hammondberg Medical Center,300479762,SITE-204,88D93C9A-BB6,MAT-86168,A1,MAT-86168,PV-2368,PC6401,Christopherfurt Logistics Center,10:30:02,Follow,Enjoy,396,230,42,CT-6109-EDZ
2025-08-03,Receipt,Planned Order,201,Guam,2025-08-03,Port Teresastad Medical Center,325367691,SITE-137,81962565-3BA,MAT-91309,B1,MAT-91309,PV-1519,PC2329,Coreyshire Logistics Center,00:37:37,Child,Force,103,92,119,CT-8015-GMQ
2025-02-02,Receipt,Planned Order,540,Trinidad and Tobago,2025-02-03,Curtisstad Medical Center,724074887,SITE-301,84171620-97D,MAT-45907,B1,MAT-45907,PV-4258,PC7017,Derekville Logistics Center,07:21:45,Body,Add,478,413,113,CT-3472-PNG
2025-04-11,Stock,Planned Order,135,Bouvet Island (Bouvetoya),2025-04-10,Alexisfurt Medical Center,486109093,SITE-233,276063F6-554,MAT-47986,A1,MAT-47986,PV-5789,PC7064,East Matthewton Logistics Center,10:48:52,Defense,Week,24,273,310,CT-4229-AWU
2025-01-23,Stock,Planned Order,892,United States of America,2025-01-22,South Briannaport Medical Center,636978803,SITE-190,4D00FA38-F44,MAT-37872,B1,MAT-37872,PV-4854,PC5496,Port Tiffany Logistics Center,00:48:05,Method,Case,199,382,287,CT-1816-RCG
2025-01-02,Receipt,Purchase Requisition,456,Sudan,2025-01-01,Loganchester Medical Center,251285384,SITE-157,B9D604CE-B27,MAT-58266,B1,MAT-58266,PV-9801,PC3394,South Nathanmouth Logistics Center,05:44:29,Job,In,146,251,340,CT-3228-ZKT
2024-12-31,Stock,Purchase Requisition,724,Burundi,2024-12-29,Smithfort Medical Center,976361396,SITE-252,88381E6F-DB8,MAT-46171,B1,MAT-46171,PV-9172,PC2024,New Thomas Logistics Center,10:33:39,Theory,Start,478,37,228,CT-3636-AVP
2025-10-23,Receipt,Purchase Requisition,772,Dominican Republic,2025-10-21,North Danielhaven Medical Center,374225568,SITE-153,F82FA87C-017,MAT-14115,A1,MAT-14115,PV-1212,PC2136,Christopherfurt Logistics Center,22:08:21,Movement,Go,452,6,272,CT-1696-SCY
2024-12-12,Requirement,Planned Order,390,Albania,2024-12-16,Garciashire Medical Center,267226430,SITE-307,0B269C0B-68B,MAT-31615,A1,MAT-31615,PV-5901,PC3302,Meyerview Logistics Center,11:20:49,Travel,Small,41,137,139,CT-9781-BYC
2025-03-03,Requirement,Planned Order,625,Cuba,2025-03-03,Port Malik Medical Center,434304234,SITE-279,53E512B4-F07,MAT-59372,B1,MAT-59372,PV-1928,PC8685,Braunberg Logistics Center,07:47:07,Help,Pass,22,169,77,CT-7487-KNX
2025-07-04,Receipt,Planned Order,764,Antarctica (the territory South of 60 deg S),2025-07-03,Wilkinsfurt Medical Center,906539129,SITE-283,21ED0BE4-ED0,MAT-68176,B1,MAT-68176,PV-2442,PC1447,South Christopher Logistics Center,10:04:05,Various,Night,443,98,338,CT-3230-HFO
2025-08-10,Stock,Purchase Requisition,320,India,2025-08-08,South Bonnie Medical Center,647303792,SITE-182,C9553C30-3C9,MAT-58634,B1,MAT-58634,PV-3184,PC6077,East Katrina Logistics Center,05:56:58,Can,Collection,343,417,248,CT-7047-GQC
2025-01-31,Receipt,Planned Order,376,Trinidad and Tobago,2025-02-01,Curtisstad Medical Center,582133298,SITE-301,C93ED8AD-5FB,MAT-22152,B1,MAT-22152,PV-4106,PC9320,Port Tiffany Logistics Center,19:55:30,No,Land,400,258,35,CT-3472-PNG
2025-05-25,Stock,Planned Order,762,Tanzania,2025-05-22,Reyesfort Medical Center,250470085,SITE-208,56F016D1-42A,MAT-49651,B1,MAT-49651,PV-5774,PC4259,South Nathanmouth Logistics Center,01:10:23,Finally,Capital,78,367,269,CT-9831-IEW
2025-05-01,Stock,Purchase Requisition,627,Belize,2025-04-30,North Christian Medical Center,890542270,SITE-213,DC6732A6-B32,MAT-82814,A1,MAT-82814,PV-3117,PC8524,East Katrina Logistics Center,02:50:38,Specific,Bank,102,270,142,CT-3395-UCM
2025-07-06,Stock,Purchase Requisition,762,Barbados,2025-07-06,Port David Medical Center,476764082,SITE-192,1C290466-294,MAT-55297,B1,MAT-55297,PV-1244,PC8790,Port Tiffany Logistics Center,18:12:23,Sell,Can,30,142,156,CT-1816-RCG
2025-08-11,Stock,Planned Order,71,Barbados,2025-08-14,Kathyshire Medical Center,763926254,SITE-191,302EBFD8-75D,MAT-37872,B1,MAT-37872,PV-6995,PC5463,South Conniebury Logistics Center,03:21:31,Report,Themselves,204,104,275,CT-1816-RCG
2024-12-24,Receipt,Purchase Requisition,432,Niger,2024-12-23,Martinezfurt Medical Center,869252923,SITE-269,137379DF-53E,MAT-66257,A1,MAT-66257,PV-7034,PC4872,South Conniebury Logistics Center,21:50:16,Oil,Environmental,243,91,313,CT-7484-BIH
2025-07-12,Receipt,Purchase Requisition,795,Haiti,2025-07-15,Carolfort Medical Center,430501455,SITE-148,E70B0CD9-41B,MAT-78401,B1,MAT-78401,PV-6321,PC2790,Freemanmouth Logistics Center,06:15:34,Enjoy,Smile,326,78,220,CT-1696-SCY
2025-06-14,Requirement,Planned Order,817,Niger,2025-06-14,Lake Charles Medical Center,134174417,SITE-267,C3C4CA8C-DA3,MAT-66257,A1,MAT-66257,PV-7974,PC6294,Hernandezborough Logistics Center,02:30:13,Pretty,Sometimes,369,472,2,CT-7484-BIH
2025-04-20,Receipt,Purchase Requisition,39,Central African Republic,2025-04-18,West Kirkview Medical Center,401340858,SITE-239,7D85A9BB-51A,MAT-22610,B1,MAT-22610,PV-8012,PC1980,South Lance Logistics Center,00:00:23,Usually,Investment,352,251,145,CT-9771-CZL
2025-02-18,Stock,Purchase Requisition,896,Serbia,2025-02-23,Lake John Medical Center,559600042,SITE-131,9F746DC7-45B,MAT-74459,A1,MAT-74459,PV-3494,PC8502,New Laura Logistics Center,07:41:11,Base,Lay,230,303,47,CT-8015-GMQ
2025-03-03,Requirement,Purchase Requisition,145,Mauritius,2025-03-08,Lake Jefferyton Medical Center,543123289,SITE-250,F07DEB5E-390,MAT-53554,A1,MAT-53554,PV-9385,PC2941,Georgeview Logistics Center,09:05:36,Voice,Everyone,304,228,26,CT-5014-EEP
2025-08-24,Stock,Purchase Requisition,773,Haiti,2025-08-26,Davidberg Medical Center,440721674,SITE-147,DA07F536-CAB,MAT-14115,B1,MAT-14115,PV-7917,PC9710,Carterton Logistics Center,05:20:35,Still,Follow,260,57,156,CT-1696-SCY
2025-10-22,Stock,Planned Order,79,Libyan Arab Jamahiriya,2025-10-24,North Davidfort Medical Center,607362060,SITE-287,2F2C7D94-2CE,MAT-68176,A1,MAT-68176,PV-2176,PC5926,Jordanmouth Logistics Center,21:09:15,Go,Treat,30,294,47,CT-3230-HFO
2025-05-28,Receipt,Planned Order,321,Puerto Rico,2025-05-28,East Mitchellhaven Medical Center,626471022,SITE-103,46866D25-F7F,MAT-32011,A1,MAT-32011,PV-9244,PC8657,South Nathanmouth Logistics Center,22:20:20,Attention,You,88,251,324,CT-2004-PSX
2025-06-09,Receipt,Planned Order,937,Sudan,2025-06-10,Carterville Medical Center,972655967,SITE-242,657B8A24-549,MAT-53554,A1,MAT-53554,PV-3274,PC9673,Ortizfort Logistics Center,17:04:02,Federal,Moment,420,82,145,CT-5014-EEP
2025-04-11,Requirement,Purchase Requisition,545,Mozambique,2025-04-08,Mollyland Medical Center,225520149,SITE-116,721F5CBB-8FF,MAT-82398,A1,MAT-82398,PV-1008,PC1378,Lake Taratown Logistics Center,12:12:47,Animal,Vote,279,266,33,CT-8970-PLO
2025-07-17,Stock,Planned Order,677,Brunei Darussalam,2025-07-19,Manuelview Medical Center,285929078,SITE-228,3C28F46E-D2C,MAT-30745,A1,MAT-30745,PV-2167,PC4354,Freemanmouth Logistics Center,00:40:07,War,Believe,304,153,183,CT-4229-AWU
2025-03-10,Stock,Purchase Requisition,518,Azerbaijan,2025-03-15,Jacksonport Medical Center,197643663,SITE-248,B4AACE38-46A,MAT-39627,B1,MAT-39627,PV-7277,PC7474,Irwinmouth Logistics Center,14:36:58,Claim,Low,250,333,18,CT-5014-EEP
2025-02-13,Stock,Purchase Requisition,395,Burundi,2025-02-13,North Sharon Medical Center,145879585,SITE-272,40399FB4-B0C,MAT-18458,B1,MAT-18458,PV-1671,PC1532,Hernandezborough Logistics Center,06:57:13,Drive,Foot,233,45,498,CT-7487-KNX
2025-04-14,Stock,Planned Order,17,Thailand,2025-04-11,Williamburgh Medical Center,975158574,SITE-159,7B08EEA7-A6C,MAT-18409,B1,MAT-18409,PV-9811,PC6862,South Christopher Logistics Center,19:42:55,Tough,While,147,117,82,CT-3228-ZKT
2025-02-07,Requirement,Planned Order,573,San Marino,2025-02-10,Nathanbury Medical Center,782778523,SITE-176,7697D79B-3FA,MAT-47254,A1,MAT-47254,PV-9781,PC9642,Freemanmouth Logistics Center,12:04:44,Because,Article,356,391,215,CT-8742-ECD
2025-01-19,Requirement,Planned Order,734,Central African Republic,2025-01-23,Mercadoburgh Medical Center,835755136,SITE-241,30986C0B-785,MAT-93544,B1,MAT-93544,PV-9963,PC8228,West Meghanmouth Logistics Center,00:56:39,Similar,Class,432,335,146,CT-9771-CZL
2025-08-20,Receipt,Planned Order,459,Bouvet Island (Bouvetoya),2025-08-23,Alexisfurt Medical Center,343212072,SITE-233,E09D9D69-D6E,MAT-40089,B1,MAT-40089,PV-9173,PC2103,North Christophertown Logistics Center,23:03:52,Very,Foot,445,390,134,CT-4229-AWU
2025-10-30,Requirement,Purchase Requisition,965,Nauru,2025-10-31,Perryfurt Medical Center,204466213,SITE-175,272CA541-8B2,MAT-15875,A1,MAT-15875,PV-3778,PC7528,Lake Taratown Logistics Center,17:32:56,Any,So,319,324,253,CT-8742-ECD
2025-08-19,Receipt,Purchase Requisition,843,United States of America,2025-08-22,South Briannaport Medical Center,740925600,SITE-190,0DB649CA-F40,MAT-55297,A1,MAT-55297,PV-4095,PC5679,Port Charlene Logistics Center,11:52:25,Move,Clearly,427,167,303,CT-1816-RCG
2025-07-08,Stock,Planned Order,450,Barbados,2025-07-09,Port David Medical Center,617102302,SITE-192,E7347777-52D,MAT-37872,A1,MAT-37872,PV-3981,PC8407,Hernandezborough Logistics Center,11:12:33,Sort,Western,47,36,377,CT-1816-RCG
2025-01-08,Requirement,Purchase Requisition,750,San Marino,2025-01-11,Nathanbury Medical Center,888358612,SITE-176,3FF3E6F8-274,MAT-16848,A1,MAT-16848,PV-5503,PC1993,Meyersmouth Logistics Center,08:54:29,Cup,Main,230,371,304,CT-8742-ECD
2025-01-14,Receipt,Purchase Requisition,328,Barbados,2025-01-16,Kathyshire Medical Center,187388228,SITE-191,DC052809-D93,MAT-37872,B1,MAT-37872,PV-4550,PC7906,Meganchester Logistics Center,21:31:13,Often,Onto,184,492,398,CT-1816-RCG
2024-12-15,Receipt,Planned Order,532,Barbados,2024-12-14,Kathyshire Medical Center,520151659,SITE-191,26C6F3AA-518,MAT-37872,B1,MAT-37872,PV-2853,PC7110,North Christophertown Logistics Center,19:00:48,Director,Share,20,333,473,CT-1816-RCG
2025-11-09,Requirement,Planned Order,598,Algeria,2025-11-10,North Kerryberg Medical Center,424908781,SITE-121,BEBE3F6F-617,MAT-42350,A1,MAT-42350,PV-7249,PC3272,North Christophertown Logistics Center,17:53:15,Or,Notice,339,482,136,CT-5806-JWO
2025-01-29,Stock,Purchase Requisition,502,Barbados,2025-01-30,New Joseph Medical Center,554250759,SITE-110,72B8F29D-C0E,MAT-17085,B1,MAT-17085,PV-3273,PC3527,North Johnburgh Logistics Center,04:49:35,Even,Pressure,29,234,117,CT-6592-IDY
2025-10-15,Receipt,Planned Order,719,Turkey,2025-10-20,Melanieview Medical Center,438524816,SITE-218,4C575DF3-DBF,MAT-82814,B1,MAT-82814,PV-6822,PC7572,Smithshire Logistics Center,00:28:27,Much,Even,308,290,357,CT-3395-UCM
2025-10-25,Stock,Purchase Requisition,99,Moldova,2025-10-27,Thompsontown Medical Center,923355052,SITE-310,362FCDC7-090,MAT-98864,A1,MAT-98864,PV-7819,PC7525,Meganchester Logistics Center,19:32:02,Card,Top,282,170,348,CT-9781-BYC
2025-06-27,Requirement,Planned Order,33,Belize,2025-06-28,Port Katie Medical Center,874219694,SITE-198,D822806C-DEC,MAT-86168,B1,MAT-86168,PV-7399,PC4644,Wolfport Logistics Center,05:35:38,North,Final,433,319,106,CT-6109-EDZ
2025-08-07,Receipt,Purchase Requisition,495,Barbados,2025-08-10,Kathyshire Medical Center,402183921,SITE-191,87528E6A-790,MAT-55297,B1,MAT-55297,PV-9170,PC5249,Carterbury Logistics Center,03:45:10,Our,View,500,192,308,CT-1816-RCG
2025-02-05,Receipt,Purchase Requisition,719,Pitcairn Islands,2025-02-06,South Samantha Medical Center,956167838,SITE-211,FF0D6EB9-415,MAT-16627,B1,MAT-16627,PV-2733,PC1685,South Lance Logistics Center,21:08:08,Young,Write,140,377,497,CT-9831-IEW
2025-06-17,Requirement,Planned Order,702,Jersey,2025-06-20,East Edward Medical Center,135752129,SITE-207,CA6F43AD-A7B,MAT-49651,A1,MAT-49651,PV-7117,PC4599,New Laura Logistics Center,16:41:53,Seek,Education,410,1,428,CT-9831-IEW
2025-01-01,Requirement,Planned Order,120,Switzerland,2025-01-05,Greenmouth Medical Center,402632427,SITE-288,215887CE-296,MAT-54713,B1,MAT-54713,PV-2542,PC7160,South Lance Logistics Center,16:30:08,Southern,Remember,203,130,483,CT-3230-HFO
2025-08-25,Requirement,Planned Order,253,Philippines,2025-08-28,New Matthew Medical Center,750095775,SITE-141,6578EBA2-254,MAT-23246,A1,MAT-23246,PV-2876,PC1819,New David Logistics Center,18:21:25,Provide,Imagine,408,495,292,CT-8872-GKR
2025-02-26,Stock,Purchase Requisition,681,Azerbaijan,2025-02-27,North Laurie Medical Center,930402517,SITE-206,C8E46777-965,MAT-16078,B1,MAT-16078,PV-1526,PC4441,East Katrina Logistics Center,16:06:07,Indeed,Nice,442,30,100,CT-9831-IEW
2025-07-02,Stock,Planned Order,172,San Marino,2025-07-07,Brooksburgh Medical Center,721048737,SITE-178,FDCEFEF5-08F,MAT-16848,A1,MAT-16848,PV-7254,PC7766,Smithshire Logistics Center,02:32:11,Structure,Final,303,133,321,CT-8742-ECD
2025-10-21,Requirement,Planned Order,695,New Caledonia,2025-10-18,North Ann Medical Center,382086975,SITE-223,84B7FABF-DFC,MAT-47986,A1,MAT-47986,PV-6759,PC4000,Greenefort Logistics Center,14:28:38,Economic,Major,191,292,80,CT-4229-AWU
2025-05-02,Receipt,Purchase Requisition,257,Bulgaria,2025-05-01,Desireeburgh Medical Center,427417289,SITE-129,E2E08976-B06,MAT-81584,A1,MAT-81584,PV-8645,PC5917,Christopherfurt Logistics Center,04:01:55,Tonight,Either,38,456,185,CT-5806-JWO
2025-05-04,Stock,Purchase Requisition,294,San Marino,2025-05-08,Brooksburgh Medical Center,798329804,SITE-178,B346DE58-18B,MAT-47254,B1,MAT-47254,PV-4972,PC1561,New Thomas Logistics Center,09:36:19,Great,Current,40,276,58,CT-8742-ECD
2025-04-26,Requirement,Purchase Requisition,292,Guinea-Bissau,2025-04-26,Amberfort Medical Center,175359200,SITE-107,24B63DC5-4E0,MAT-97442,B1,MAT-97442,PV-8041,PC1123,North Christophertown Logistics Center,03:47:19,Image,Name,65,203,306,CT-2004-PSX
2025-10-14,Stock,Planned Order,296,Trinidad and Tobago,2025-10-12,Michelleville Medical Center,490568875,SITE-300,A3929C23-5C7,MAT-84153,A1,MAT-84153,PV-6694,PC4586,Carterbury Logistics Center,22:37:14,Feeling,Sport,285,81,405,CT-3472-PNG
2025-08-12,Receipt,Purchase Requisition,609,Liechtenstein,2025-08-12,Robertbury Medical Center,823432096,SITE-113,57C036FF-7C4,MAT-86920,B1,MAT-86920,PV-4842,PC3245,South Christopher Logistics Center,11:59:52,Cause,Record,122,214,113,CT-8970-PLO
2025-11-08,Requirement,Purchase Requisition,631,Turkey,2025-11-09,Katherinemouth Medical Center,759586456,SITE-212,C8CA32C6-E9E,MAT-33775,B1,MAT-33775,PV-4178,PC8224,East Dianeland Logistics Center,18:06:27,Item,Yes,328,197,78,CT-9831-IEW
2025-09-25,Stock,Planned Order,784,Sudan,2025-09-28,Loganchester Medical Center,762816765,SITE-157,ACC4DB4C-3ED,MAT-18409,A1,MAT-18409,PV-6849,PC3746,Margaretville Logistics Center,21:57:35,Itself,That,136,188,60,CT-3228-ZKT
2025-04-09,Stock,Planned Order,63,Morocco,2025-04-06,West Reneestad Medical Center,633122589,SITE-133,577BCE94-FDC,MAT-91309,A1,MAT-91309,PV-2367,PC2448,Meyerview Logistics Center,22:28:40,Fill,Congress,98,23,60,CT-8015-GMQ
2025-01-14,Receipt,Purchase Requisition,350,Switzerland,2025-01-18,Spencermouth Medical Center,775301979,SITE-289,72E2F609-A3F,MAT-73628,A1,MAT-73628,PV-2460,PC9216,Lake Taratown Logistics Center,20:05:34,Why,Perhaps,319,89,327,CT-3230-HFO
2025-02-01,Requirement,Purchase Requisition,431,Turkey,2025-01-31,Melanieview Medical Center,891232932,SITE-218,5B67D985-194,MAT-82814,A1,MAT-82814,PV-9438,PC9741,Meyersmouth Logistics Center,04:32:21,Church,Then,430,350,145,CT-3395-UCM
2025-02-21,Stock,Purchase Requisition,925,Jordan,2025-02-19,Lake Kevinchester Medical Center,998822640,SITE-244,A1F0CF54-5A3,MAT-53554,A1,MAT-53554,PV-1994,PC5131,Turnerview Logistics Center,06:24:37,Performance,Seat,237,96,471,CT-5014-EEP
2025-07-14,Requirement,Planned Order,886,Algeria,2025-07-14,East Jenna Medical Center,884782938,SITE-120,150CE384-BD4,MAT-81584,B1,MAT-81584,PV-8859,PC5092,Meganchester Logistics Center,17:16:14,Impact,Respond,212,336,500,CT-5806-JWO
2025-09-13,Receipt,Planned Order,318,Dominican Republic,2025-09-14,Cherylborough Medical Center,193706819,SITE-152,1E2662CC-B8F,MAT-78401,B1,MAT-78401,PV-2316,PC6718,East Dianeland Logistics Center,00:03:55,Degree,High,8,432,329,CT-1696-SCY
2024-12-26,Stock,Planned Order,866,Niger,2024-12-24,North Laurenview Medical Center,974253156,SITE-274,10DC3E02-6DA,MAT-18458,B1,MAT-18458,PV-8418,PC6647,Freemanmouth Logistics Center,04:34:45,Month,Onto,32,278,155,CT-7487-KNX
2025-06-18,Requirement,Purchase Requisition,907,Haiti,2025-06-20,Carolfort Medical Center,863813061,SITE-148,29A6CFAF-AF6,MAT-78401,B1,MAT-78401,PV-1352,PC2837,Carterton Logistics Center,17:56:36,Political,Area,481,427,102,CT-1696-SCY
2025-02-02,Requirement,Planned Order,224,Liechtenstein,2025-02-04,Robertbury Medical Center,213918735,SITE-113,04FD0749-0E8,MAT-82398,B1,MAT-82398,PV-1719,PC8736,Lake Jonathan Logistics Center,15:12:51,Movie,Ball,262,401,191,CT-8970-PLO
2025-03-07,Stock,Planned Order,446,Mozambique,2025-03-06,Jeffersonville Medical Center,151355393,SITE-117,18BE1300-48F,MAT-86920,B1,MAT-86920,PV-4824,PC2776,Smithshire Logistics Center,15:02:25,Send,Amount,345,304,284,CT-8970-PLO
2025-01-16,Requirement,Purchase Requisition,358,Madagascar,2025-01-18,North Kimberly Medical Center,829645903,SITE-293,2A431C19-BD6,MAT-52579,A1,MAT-52579,PV-5491,PC2589,East Katrina Logistics Center,19:56:39,Court,Store,41,258,420,CT-6551-IBW
2024-12-09,Stock,Planned Order,903,Seychelles,2024-12-13,New Amberhaven Medical Center,424552564,SITE-201,B91ED3F0-13C,MAT-86168,A1,MAT-86168,PV-8285,PC7716,Jordanmouth Logistics Center,11:56:43,Others,Game,343,421,220,CT-6109-EDZ
2025-04-01,Stock,Planned Order,113,Barbados,2025-04-06,Kathyshire Medical Center,738817251,SITE-191,E9DC4109-30B,MAT-37872,A1,MAT-37872,PV-8322,PC1243,Hernandezborough Logistics Center,14:23:41,Hope,Network,362,116,165,CT-1816-RCG
2025-06-12,Stock,Purchase Requisition,822,Cuba,2025-06-09,Port Malik Medical Center,879070704,SITE-279,654F1F56-570,MAT-56157,A1,MAT-56157,PV-4821,PC6822,West Meghanmouth Logistics Center,18:17:22,Know,Analysis,27,125,172,CT-7487-KNX
2025-08-22,Requirement,Purchase Requisition,19,Albania,2025-08-27,Garciashire Medical Center,244819764,SITE-307,ADA890D8-F3F,MAT-96156,B1,MAT-96156,PV-2889,PC1798,Braunberg Logistics Center,06:50:13,Act,Project,162,168,379,CT-9781-BYC
2025-01-29,Requirement,Planned Order,316,Mozambique,2025-02-01,Jeffersonville Medical Center,878725208,SITE-117,ECE5617D-411,MAT-82398,B1,MAT-82398,PV-3791,PC6923,East Hollyport Logistics Center,15:33:26,Type,Offer,120,40,456,CT-8970-PLO
2025-10-31,Requirement,Planned Order,982,Belgium,2025-10-30,Port Patrickport Medical Center,964930849,SITE-262,044D2FC6-0A1,MAT-66257,A1,MAT-66257,PV-3902,PC6337,Meyersmouth Logistics Center,06:00:00,If,Beat,42,477,412,CT-7484-BIH
2025-01-15,Requirement,Purchase Requisition,140,Libyan Arab Jamahiriya,2025-01-14,East Brian Medical Center,161033920,SITE-305,954B5F54-FC0,MAT-84153,A1,MAT-84153,PV-3478,PC2786,Braunberg Logistics Center,21:50:23,Southern,Line,483,157,499,CT-3472-PNG
2025-11-20,Receipt,Purchase Requisition,158,Guyana,2025-11-25,Lake Loganport Medical Center,664074304,SITE-124,41D466A6-21E,MAT-26378,A1,MAT-26378,PV-2138,PC5165,Jonesville Logistics Center,07:59:05,Hotel,About,393,480,252,CT-5806-JWO
2025-02-11,Requirement,Purchase Requisition,670,Barbados,2025-02-09,New Joseph Medical Center,910099320,SITE-110,7C1A47DE-DD1,MAT-49508,A1,MAT-49508,PV-9873,PC2766,Tracyberg Logistics Center,04:58:10,Defense,Interview,115,113,88,CT-6592-IDY
2025-06-12,Requirement,Purchase Requisition,605,Anguilla,2025-06-16,Lake Theresabury Medical Center,622758234,SITE-138,694E96DC-2A6,MAT-74459,A1,MAT-74459,PV-9554,PC2493,Wolfport Logistics Center,16:24:37,Mention,Per,53,307,214,CT-8015-GMQ
2025-02-03,Requirement,Purchase Requisition,322,New Caledonia,2025-02-08,Douglaston Medical Center,774433538,SITE-312,41760EC3-898,MAT-96156,B1,MAT-96156,PV-4142,PC6888,Hernandezborough Logistics Center,15:02:46,Road,Choice,11,389,216,CT-9781-BYC
2025-11-01,Stock,Planned Order,753,Liechtenstein,2025-10-30,Trevorside Medical Center,779347402,SITE-115,CCFEC4B3-889,MAT-85304,B1,MAT-85304,PV-4142,PC1631,South Jennifer Logistics Center,07:42:30,Bit,Car,27,266,272,CT-8970-PLO
2025-08-31,Receipt,Planned Order,644,Cyprus,2025-09-01,South James Medical Center,505887101,SITE-277,603EDC76-89F,MAT-56157,B1,MAT-56157,PV-3363,PC1767,Sullivanview Logistics Center,08:01:21,Offer,Produce,31,400,395,CT-7487-KNX
2025-05-11,Receipt,Planned Order,844,United States of America,2025-05-11,South Briannaport Medical Center,951004780,SITE-190,535A2ABA-732,MAT-37872,A1,MAT-37872,PV-4403,PC6014,Allenstad Logistics Center,19:23:54,Beyond,Attorney,238,431,189,CT-1816-RCG
2025-11-20,Requirement,Purchase Requisition,698,Marshall Islands,2025-11-17,Mackbury Medical Center,954594534,SITE-134,060D2D29-5FD,MAT-74459,A1,MAT-74459,PV-6457,PC4090,Jonesshire Logistics Center,17:11:11,Service,Law,398,362,201,CT-8015-GMQ
2025-03-28,Stock,Planned Order,481,Libyan Arab Jamahiriya,2025-03-25,Brownborough Medical Center,933151079,SITE-304,29C1FE4B-0BF,MAT-45907,A1,MAT-45907,PV-4718,PC4505,Carterton Logistics Center,11:02:24,Police,Already,80,321,254,CT-3472-PNG
2025-10-07,Receipt,Purchase Requisition,61,Belize,2025-10-09,North Christian Medical Center,620772384,SITE-213,CD20E168-B67,MAT-82814,B1,MAT-82814,PV-8044,PC1929,Braunberg Logistics Center,02:41:00,Short,Hard,6,25,96,CT-3395-UCM
2025-02-26,Stock,Planned Order,635,Nicaragua,2025-02-25,New Micheleview Medical Center,617110851,SITE-258,F810F57F-82C,MAT-46171,A1,MAT-46171,PV-8878,PC7670,South Nathanmouth Logistics Center,03:48:48,Worry,Same,245,38,105,CT-3636-AVP
2025-03-03,Receipt,Planned Order,163,Anguilla,2025-03-02,Lake Theresabury Medical Center,261694032,SITE-138,F58F8FB7-75D,MAT-74459,A1,MAT-74459,PV-2464,PC9847,South Conniebury Logistics Center,07:45:37,Painting,Marriage,485,389,417,CT-8015-GMQ
2025-06-18,Requirement,Purchase Requisition,96,Ecuador,2025-06-16,West Rebeccabury Medical Center,516255375,SITE-226,A8BF7403-DA8,MAT-40089,B1,MAT-40089,PV-2139,PC8005,Meyerview Logistics Center,18:00:21,Send,Activity,457,11,452,CT-4229-AWU
2025-06-01,Receipt,Purchase Requisition,447,Libyan Arab Jamahiriya,2025-05-31,Brownborough Medical Center,188350736,SITE-304,22D3A96C-CE5,MAT-84153,B1,MAT-84153,PV-1155,PC3646,Hernandezborough Logistics Center,19:29:22,Statement,Focus,53,309,160,CT-3472-PNG
2024-12-30,Requirement,Planned Order,758,Anguilla,2024-12-27,Rickport Medical Center,563722623,SITE-139,6BBDED17-78C,MAT-74459,B1,MAT-74459,PV-5899,PC1694,Smithshire Logistics Center,08:52:04,Occur,Ok,314,122,25,CT-8015-GMQ
2025-07-20,Stock,Purchase Requisition,537,Moldova,2025-07-24,Lake Summerville Medical Center,713372969,SITE-311,D1C0BAB1-86B,MAT-31615,B1,MAT-31615,PV-3106,PC1213,Lake Jonathan Logistics Center,00:37:50,Item,Still,329,126,133,CT-9781-BYC
2025-03-10,Requirement,Planned Order,317,Guyana,2025-03-14,West Kristin Medical Center,113471212,SITE-151,7E8BFE7E-71C,MAT-78401,B1,MAT-78401,PV-8621,PC5137,Meganchester Logistics Center,10:50:43,Including,Four,270,454,286,CT-1696-SCY
2025-07-11,Receipt,Planned Order,318,Heard Island and McDonald Islands,2025-07-14,West Brian Medical Center,763676897,SITE-265,C8C1DDA2-376,MAT-74247,B1,MAT-74247,PV-4217,PC4116,Hernandezborough Logistics Center,09:54:42,Ago,Best,176,127,330,CT-7484-BIH
2024-12-20,Receipt,Purchase Requisition,555,Turkey,2024-12-22,Katherinemouth Medical Center,844312468,SITE-212,F038C3DD-DF4,MAT-16078,B1,MAT-16078,PV-8848,PC1943,New Laura Logistics Center,13:01:09,Whatever,Bed,57,154,152,CT-9831-IEW
2025-05-15,Stock,Planned Order,336,Guinea-Bissau,2025-05-17,Ramirezside Medical Center,729841489,SITE-106,86905D6E-07A,MAT-97442,A1,MAT-97442,PV-6814,PC7768,Braunberg Logistics Center,13:18:29,Expert,Program,25,251,222,CT-2004-PSX
2025-11-05,Requirement,Purchase Requisition,681,Hungary,2025-11-10,New Linda Medical Center,555693472,SITE-166,974CD620-D0E,MAT-22108,B1,MAT-22108,PV-2221,PC8876,Margaretville Logistics Center,01:22:53,Decide,Network,155,425,50,CT-6910-RDE
2025-07-29,Receipt,Purchase Requisition,345,Guam,2025-07-28,North Feliciaville Medical Center,225908237,SITE-193,A124C449-F40,MAT-14039,B1,MAT-14039,PV-6632,PC7352,Turnerview Logistics Center,22:19:17,Surface,Then,322,173,338,CT-6109-EDZ
2025-05-05,Stock,Planned Order,661,Azerbaijan,2025-05-10,Kimberlychester Medical Center,420550768,SITE-237,37B5CD9F-E09,MAT-22610,A1,MAT-22610,PV-8277,PC5411,Allenstad Logistics Center,11:38:55,Discussion,Writer,479,187,129,CT-9771-CZL
2025-06-23,Stock,Planned Order,558,Comoros,2025-06-27,South Kenneth Medical Center,316260401,SITE-160,99D24A00-746,MAT-30703,B1,MAT-30703,PV-6963,PC5619,New Amymouth Logistics Center,23:05:37,Enough,Two,144,477,20,CT-3228-ZKT
2025-10-07,Stock,Purchase Requisition,137,Nauru,2025-10-08,Perryfurt Medical Center,198810228,SITE-175,105D5698-13F,MAT-47140,B1,MAT-47140,PV-5186,PC8083,New Amymouth Logistics Center,06:27:35,Should,Style,155,499,78,CT-8742-ECD
2025-02-23,Stock,Purchase Requisition,49,Niger,2025-02-21,Reginachester Medical Center,883818299,SITE-273,4C90F0B2-38C,MAT-56157,B1,MAT-56157,PV-7288,PC8618,Carterbury Logistics Center,06:19:50,Rich,Seem,89,48,39,CT-7487-KNX
2025-08-24,Requirement,Planned Order,281,Cambodia,2025-08-21,North Heidi Medical Center,881088538,SITE-145,D12FEB9C-3EF,MAT-66331,B1,MAT-66331,PV-5985,PC2148,Freemanmouth Logistics Center,18:03:32,Quickly,Direction,134,313,404,CT-8872-GKR
2025-01-04,Stock,Purchase Requisition,241,Nicaragua,2025-01-08,Lake Matthewfort Medical Center,491973005,SITE-126,703C84BA-54F,MAT-81584,A1,MAT-81584,PV-6021,PC2081,South Christopher Logistics Center,21:43:07,Clear,Sea,360,147,307,CT-5806-JWO
2025-06-21,Stock,Purchase Requisition,126,Barbados,2025-06-24,Port David Medical Center,941907750,SITE-192,6AA14615-5B4,MAT-37872,B1,MAT-37872,PV-4314,PC3309,New Amymouth Logistics Center,04:47:41,Other,Dinner,4,500,250,CT-1816-RCG
2025-10-12,Requirement,Purchase Requisition,2,Grenada,2025-10-09,West Melanie Medical Center,986171911,SITE-309,79EDC353-4DF,MAT-96156,B1,MAT-96156,PV-4451,PC8472,Russellhaven Logistics Center,17:17:58,Song,Central,307,301,139,CT-9781-BYC
2025-03-19,Requirement,Planned Order,23,Russian Federation,2025-03-16,Ramirezfurt Medical Center,559051672,SITE-169,AD35DE4B-215,MAT-93657,B1,MAT-93657,PV-2823,PC7344,East Dianeland Logistics Center,00:25:33,Wife,Development,491,166,433,CT-6910-RDE
2025-11-26,Requirement,Purchase Requisition,177,Grenada,2025-11-25,West Melanie Medical Center,259169870,SITE-309,5BF6AB13-B1D,MAT-98864,A1,MAT-98864,PV-9913,PC1781,Port Tiffany Logistics Center,06:11:57,Evening,Near,119,91,295,CT-9781-BYC
2025-10-04,Receipt,Purchase Requisition,849,Puerto Rico,2025-10-08,East Mitchellhaven Medical Center,262581255,SITE-103,820B4015-B5D,MAT-32011,B1,MAT-32011,PV-4920,PC3059,North Johnburgh Logistics Center,10:46:26,Director,Skin,95,404,346,CT-2004-PSX
2025-01-26,Requirement,Planned Order,447,British Virgin Islands,2025-01-26,Ramirezview Medical Center,337523777,SITE-236,CC4ACAE6-0A8,MAT-22610,B1,MAT-22610,PV-4912,PC1982,Turnerview Logistics Center,17:22:46,Growth,Great,464,200,81,CT-9771-CZL
2025-02-06,Receipt,Planned Order,914,Anguilla,2025-02-06,Rickport Medical Center,644608381,SITE-139,420B1E11-8DA,MAT-74459,B1,MAT-74459,PV-4392,PC2082,Port Charlene Logistics Center,23:28:07,Deal,Owner,430,298,490,CT-8015-GMQ
2025-05-01,Receipt,Purchase Requisition,387,Pitcairn Islands,2025-05-02,East Christopherchester Medical Center,539971745,SITE-254,0ACC4422-7D1,MAT-54383,A1,MAT-54383,PV-6621,PC3545,North Christophertown Logistics Center,11:45:31,Arrive,Cause,139,402,209,CT-3636-AVP
2025-12-03,Stock,Planned Order,31,Cuba,2025-12-03,Port Malik Medical Center,442309138,SITE-279,AED5210F-538,MAT-56157,A1,MAT-56157,PV-5048,PC6654,Freemanmouth Logistics Center,06:00:26,Scene,Within,149,365,488,CT-7487-KNX
2025-07-26,Receipt,Planned Order,66,British Virgin Islands,2025-07-29,East Alexander Medical Center,367076929,SITE-235,F2407184-2CE,MAT-22610,A1,MAT-22610,PV-9828,PC1473,Lake Jonathan Logistics Center,18:52:11,Office,Single,459,383,123,CT-9771-CZL
2025-02-14,Stock,Planned Order,158,Belize,2025-02-14,North Christian Medical Center,375002337,SITE-213,38951FD6-B03,MAT-40706,A1,MAT-40706,PV-7307,PC2727,Coreyshire Logistics Center,02:56:37,Force,Hair,173,26,309,CT-3395-UCM
2025-07-16,Receipt,Purchase Requisition,719,Madagascar,2025-07-20,North Kimberly Medical Center,912119975,SITE-293,96B625BB-687,MAT-52579,A1,MAT-52579,PV-5432,PC9211,Meganchester Logistics Center,18:15:26,Great,Us,430,188,33,CT-6551-IBW
