Base Unit of Measure,Calendar Month,Calendar Week,Country,Currency_GR value pstg. date,Currency_Net order value,Date on which the purchasing document was created,Evaluated Receipt Settlement_ERS,Final Invoice Indicator,Fiscal year,Fiscal year/period,Fiscal year variant,Goods Receipt Indicator,GR-Based Invoice Verification,Inbound Delivery Date,InfoProvider,Invoice Receipt Indicator,Item Category in Purchasing Document,Item number of purchasing document,Item of Principal Agreement,Local Currency,Material Group,Meeting ID,Name of requisitioner/requester,Number of Principal Purchase Agreement,Order unit,Planned delivery date of document schedule line,Planned Delivery Month,Plant,Plant Material,PO Approver ID,PO Item,PO Release date,PO Release Indicator,PO Requisitioner Personnel Number,Posting Date in the Document,Product Description,Puchasing document category,Purchase Document Date,Purchase Order Currency,Purchasing document number,Purchasing Document Type,Purchasing Group,Purchasing Organization,Request Transaction Sequence Number,Schedule line date,Schedule line number,Statistics date,Status of purchasing document,Trial Alias,Unit Goods Receipt Quantity in Base Unit,Unit Invoiced Quantity in Base Unit,Unit Open Quantity,Unit Order Quantity in Base Unit,Unit Order quantity,Unit PO quantity,Unit Quantity Received
EA,1,3,Russian Federation,13805.17,43385.16,2025-01-14,No,Policy,She,Financial,Measure,Yes,Draw,2025-02-09,116792364,Approach,Inside,26,Theory,GBP,Moment,315987607,Marcus Hunter,107910752,EA,2024-08-16,Win,AP03,MAT-93657,EMP731716,63,2025-01-13,Pending,904927022,2025-01-14,Dog Patch,How,2025-01-14,USD,9743780682,NB,PG11,NA01,666141050,2025-02-09,4,2026-10-20,Closed,CT-6910-RDE,60,53,57,92,296,92,92
EA,5,20,Puerto Rico,36546.49,12853.07,2025-05-16,Yes,Food,Company,Measure,Imagine,No,Music,2025-06-09,621642130,Base,Too,17,Rest,GBP,Only,684239013,Crystal Mcintosh,623179764,EA,2025-07-21,Simply,US01,MAT-22152,EMP627653,73,2025-05-15,Released,156392363,2025-05-16,Culture Solution,Stage,2025-05-16,USD,4424772580,NB,PG87,NA01,995528137,2025-06-09,4,2025-08-27,Closed,CT-3472-PNG,25,63,10,63,304,63,63
EA,10,40,Liechtenstein,42596.86,33770.4,2025-10-03,No,Board,Remain,Consumer,Responsibility,No,Close,2025-10-23,535748549,Film,Prove,63,Class,JPY,Reflect,546187392,William Moore,723262375,EA,2025-12-07,What,AP03,MAT-85304,EMP713266,11,2025-10-02,Released,197905368,2025-10-03,Artist Solution,Left,2025-10-03,GBP,3070793433,NB,PG42,EU01,870316939,2025-10-23,4,2025-01-06,Open,CT-8970-PLO,64,66,8,90,190,90,87
EA,6,23,Seychelles,24264.53,26581.38,2025-06-07,Yes,Lot,Defense,Already,Treat,Yes,Continue,2025-06-28,347572304,List,Down,36,Soldier,USD,Whole,119928363,Deborah Lewis,734131229,EA,2024-10-21,Brother,AP03,MAT-86168,EMP660610,20,2025-06-06,Pending,885184847,2025-06-07,Run Solution,List,2025-06-07,EUR,8883632243,FO,PG77,EU01,703915868,2025-06-28,3,2025-03-15,Closed,CT-6109-EDZ,84,48,122,223,353,223,219
EA,6,25,Korea,38688.03,44866.25,2025-06-21,Yes,Machine,These,Security,Image,Yes,Mind,2025-07-10,674441527,Myself,Prove,14,Call,JPY,Church,620568350,Dean Wilson,822700483,EA,2024-02-12,Early,EU02,MAT-15875,EMP586148,58,2025-06-20,Released,426247858,2025-06-21,Happy Solution,Certainly,2025-06-21,USD,6995291965,FO,PG71,EU01,863048115,2025-07-10,4,2025-02-12,Closed,CT-8742-ECD,24,69,37,139,133,139,136
EA,12,50,Pakistan,43913.62,30443.05,2024-12-14,Yes,Resource,Report,Enjoy,Mother,No,Civil,2024-12-31,268263470,Later,Piece,84,Instead,JPY,Apply,137744589,Michael Miller,301425335,EA,2026-10-02,Can,EU02,MAT-33689,EMP845266,73,2024-12-13,Released,793511931,2024-12-14,South Capsule,Age,2024-12-14,GBP,5631318704,NB,PG90,EU01,588572768,2024-12-31,5,2026-02-19,Closed,CT-6910-RDE,26,68,6,140,297,140,139
EA,12,49,Azerbaijan,46119.61,15563.67,2024-12-07,No,Produce,Exist,Chair,Military,Yes,Certain,2024-12-28,896776698,Know,Home,52,Listen,EUR,Difference,867971101,Casey Young,141592506,EA,2025-01-22,Provide,LAT04,MAT-39627,EMP878214,77,2024-12-06,Released,652114170,2024-12-07,Fund Tablet,Friend,2024-12-07,GBP,1027623190,FO,PG61,NA01,522394834,2024-12-28,1,2024-01-27,Closed,CT-5014-EEP,215,230,260,262,319,262,258
EA,1,5,Puerto Rico,11427.89,41999.8,2025-01-28,No,Main,Feeling,Best,Reveal,Yes,Pressure,2025-02-06,828532856,Home,Property,64,Road,USD,Early,764882628,Joseph Salazar,588871836,EA,2025-02-04,Far,EU02,MAT-60599,EMP718408,16,2025-01-27,Pending,723261386,2025-01-28,Traditional Patch,Off,2025-01-28,USD,4938878542,FO,PG22,NA01,164760637,2025-02-06,3,2024-11-14,Closed,CT-2004-PSX,14,6,4,25,462,25,24
EA,3,11,Jersey,4377.04,25921.82,2025-03-12,No,Help,Word,No,About,Yes,Other,2025-04-06,319954415,Hold,Image,79,Send,USD,Trial,546048366,Nicole Carter,610300318,EA,2026-04-27,Window,LAT04,MAT-16078,EMP224233,77,2025-03-11,Pending,555598732,2025-03-12,Stock Patch,Growth,2025-03-12,GBP,9310503417,NB,PG73,EU01,610211833,2025-04-06,3,2025-01-24,Closed,CT-9831-IEW,162,164,173,290,118,290,286
EA,10,43,Niger,30487.54,24286.94,2025-10-26,Yes,Anything,Peace,Everybody,Billion,Yes,Daughter,2025-11-20,127214228,Charge,Them,12,Expect,USD,Hear,402179779,Natalie Jones,395243612,EA,2025-07-14,Seven,AP03,MAT-66374,EMP508106,22,2025-10-25,Released,167296027,2025-10-26,Oil Tablet,Republican,2025-10-26,GBP,4764341482,NB,PG96,EU01,887836991,2025-11-20,5,2025-07-05,Open,CT-7484-BIH,13,19,21,31,102,31,29
EA,4,18,Turkey,5895.78,9796.14,2025-04-30,No,Opportunity,First,Care,Wind,Yes,Model,2025-05-13,694992180,Here,Matter,90,Little,GBP,Represent,479684794,Jared Marshall,891983393,EA,2026-05-04,Industry,US01,MAT-40706,EMP679743,24,2025-04-29,Pending,682354712,2025-04-30,Keep Capsule,Firm,2025-04-30,EUR,2577380005,NB,PG28,EU01,870620747,2025-05-13,2,2024-07-11,Open,CT-3395-UCM,109,31,94,122,439,122,121
EA,2,8,Haiti,27719.62,9935.8,2025-02-18,No,Lawyer,Contain,Rich,Notice,No,Marriage,2025-03-04,784390816,Court,Election,79,Test,EUR,Life,885181320,Zachary Castillo,439127838,EA,2026-04-17,Ask,US01,MAT-78401,EMP883089,75,2025-02-17,Pending,918381006,2025-02-18,Expect Tablet,Someone,2025-02-18,USD,4949000756,FO,PG99,NA01,204009656,2025-03-04,1,2025-01-31,Open,CT-1696-SCY,74,142,91,197,306,197,192
EA,11,47,Barbados,8939.75,12503.26,2024-11-19,Yes,Entire,Time,Card,Half,Yes,System,2024-12-06,302887214,Account,Such,74,First,GBP,Whether,212440802,Kimberly Patton,727205070,EA,2024-12-26,Public,LAT04,MAT-49508,EMP692415,71,2024-11-18,Pending,490801024,2024-11-19,Able Patch,Pm,2024-11-19,EUR,1704972078,FO,PG83,NA01,566800028,2024-12-06,1,2024-05-05,Closed,CT-6592-IDY,2,6,10,12,43,12,11
EA,9,36,Haiti,33218.62,8110.08,2025-09-04,No,Why,To,Easy,Inside,Yes,Population,2025-09-27,813862608,Provide,Step,66,Floor,EUR,Social,523238346,Christine West,141637638,EA,2025-10-06,Only,US01,MAT-22152,EMP221946,68,2025-09-03,Pending,547993775,2025-09-04,Culture Solution,Argue,2025-09-04,EUR,7236675469,NB,PG55,EU01,267362872,2025-09-27,5,2026-10-26,Closed,CT-3472-PNG,40,202,211,242,128,242,237
EA,10,43,San Marino,38750.73,22046.61,2025-10-20,No,Enough,Protect,Throughout,Region,No,Including,2025-11-13,245732224,Next,Program,80,Feel,USD,Position,552244871,Luke Anderson,339990883,EA,2024-09-23,Artist,EU02,MAT-15875,EMP548935,27,2025-10-19,Released,857770519,2025-10-20,Happy Solution,Surface,2025-10-20,EUR,2675341096,FO,PG13,NA01,143660651,2025-11-13,2,2026-05-20,Open,CT-8742-ECD,159,18,2,171,15,171,166
EA,10,40,Cuba,47225.38,14640.15,2025-10-03,No,Often,Religious,Listen,That,Yes,Book,2025-10-16,681234953,Poor,Local,87,Country,EUR,Note,504713354,Carla Schroeder,227674760,EA,2026-10-13,Scene,US01,MAT-59372,EMP871659,72,2025-10-02,Released,768796508,2025-10-03,Issue Patch,Than,2025-10-03,GBP,7864007097,FO,PG15,EU01,382799207,2025-10-16,1,2024-11-05,Closed,CT-7487-KNX,21,10,8,23,187,23,18
EA,4,15,Italy,36052.24,25331.72,2025-04-08,No,It,Senior,Financial,Day,Yes,Out,2025-04-23,753210974,Seem,Join,72,Available,USD,Edge,958719642,Leslie Wise MD,710420219,EA,2025-08-02,Section,EU02,MAT-79992,EMP401761,77,2025-04-07,Released,154448610,2025-04-08,Anyone Tablet,Whatever,2025-04-08,GBP,9724588149,NB,PG13,NA01,618804563,2025-04-23,2,2026-03-16,Open,CT-6551-IBW,144,171,145,175,36,175,171
EA,2,8,Albania,14689.52,25733.82,2025-02-23,No,Threat,Official,Financial,Political,No,Right,2025-03-24,938441474,Focus,Order,87,Structure,JPY,Doctor,103123983,Lynn Love,925298322,EA,2025-04-24,Lose,EU02,MAT-31615,EMP541213,72,2025-02-22,Released,302121523,2025-02-23,Trouble Capsule,Another,2025-02-23,USD,2140771439,FO,PG49,NA01,178792724,2025-03-24,4,2026-01-26,Open,CT-9781-BYC,26,63,49,107,203,107,107
EA,12,52,Pitcairn Islands,38366.86,36480.6,2024-12-27,No,Under,Provide,Total,Side,Yes,Wall,2025-01-18,682353494,Century,Build,16,Early,JPY,Everybody,601831910,Elizabeth Rowe,113250825,EA,2024-08-06,Standard,AP03,MAT-49651,EMP516693,85,2024-12-26,Released,698086326,2024-12-27,High Injection,Article,2024-12-27,GBP,7821036344,FO,PG61,NA01,216254662,2025-01-18,2,2024-05-31,Closed,CT-9831-IEW,13,0,12,16,298,16,12
EA,4,15,Niger,12778.2,11035.13,2025-04-11,No,Land,Already,Court,Seven,No,Example,2025-05-02,493825826,Wife,Somebody,50,Government,GBP,Summer,349574847,Kyle Smith,782972793,EA,2025-01-17,Threat,LAT04,MAT-66257,EMP731138,83,2025-04-10,Pending,286541641,2025-04-11,Hundred Solution,Sure,2025-04-11,USD,5677486333,FO,PG86,NA01,304325977,2025-05-02,1,2024-01-26,Closed,CT-7484-BIH,2,184,101,229,101,229,229
EA,9,39,San Marino,15087.04,9278.66,2025-09-26,No,Former,Beat,Pretty,Exactly,Yes,Reach,2025-10-09,730673607,Federal,Often,24,Goal,USD,Back,783721000,Caitlin Leach,787370720,EA,2025-11-23,Happen,LAT04,MAT-16848,EMP971136,20,2025-09-25,Pending,302680859,2025-09-26,Blue Patch,Rich,2025-09-26,GBP,6070701390,NB,PG74,EU01,197165483,2025-10-09,5,2026-09-03,Closed,CT-8742-ECD,10,15,19,20,330,20,19
EA,3,11,Libyan Arab Jamahiriya,20060.71,6011.76,2025-03-14,No,Manager,Skin,Close,Main,Yes,Yard,2025-04-05,207098728,Would,Feel,36,People,JPY,Claim,740716973,Frank Buchanan,876426952,EA,2026-04-13,Environmental,US01,MAT-73628,EMP826009,10,2025-03-13,Released,213232838,2025-03-14,Health Solution,Amount,2025-03-14,USD,8979597415,NB,PG99,NA01,132901276,2025-04-05,1,2026-01-23,Open,CT-3230-HFO,1,20,2,67,220,67,66
EA,12,50,Korea,33700.25,4077.38,2024-12-12,No,Last,Writer,Health,International,Yes,Everybody,2024-12-27,922131522,Page,News,10,Able,USD,Street,444943835,Jose Ramirez,803506072,EA,2024-04-15,Expert,EU02,MAT-15875,EMP343696,48,2024-12-11,Released,167164103,2024-12-12,Happy Solution,Sit,2024-12-12,EUR,5920503518,NB,PG80,NA01,850572147,2024-12-27,3,2026-08-27,Closed,CT-8742-ECD,58,79,45,79,179,79,75
EA,10,42,Guinea-Bissau,25384.39,22710.55,2025-10-15,Yes,Body,Camera,Shake,Less,No,Face,2025-11-02,839057932,Hope,Situation,71,Make,GBP,Box,133681200,Joseph Robinson,626982378,EA,2026-08-27,Computer,EU02,MAT-97442,EMP954864,12,2025-10-14,Released,969755936,2025-10-15,Common Patch,Though,2025-10-15,GBP,9953458878,FO,PG48,EU01,823102411,2025-11-02,2,2025-06-03,Open,CT-2004-PSX,25,156,55,237,436,237,234
EA,3,12,Liechtenstein,20261.06,22040.78,2025-03-19,Yes,To,Public,Accept,Economy,No,Red,2025-03-30,445052731,Box,Whatever,81,Like,JPY,Country,559397654,Nancy Stevenson,841629509,EA,2024-04-07,As,US01,MAT-86920,EMP570826,49,2025-03-18,Released,489824513,2025-03-19,Various Solution,Team,2025-03-19,EUR,9612891892,FO,PG74,EU01,395718212,2025-03-30,1,2025-03-28,Closed,CT-8970-PLO,14,14,142,190,313,190,186
EA,3,13,Russian Federation,14711.82,28927.64,2025-03-29,Yes,Theory,Sure,Generation,Trade,Yes,Body,2025-04-22,136144096,Across,Democratic,85,Drive,EUR,Risk,198656994,Kimberly Wagner,756230502,EA,2026-05-27,Point,US01,MAT-22108,EMP837624,90,2025-03-28,Released,515891232,2025-03-29,Win Injection,Everything,2025-03-29,EUR,9906991915,NB,PG95,EU01,145339110,2025-04-22,2,2026-09-03,Open,CT-6910-RDE,38,22,45,54,365,54,51
EA,12,51,San Marino,33045.44,40450.46,2024-12-16,Yes,Poor,Trouble,Night,Yard,No,Animal,2025-01-07,253549915,Player,Class,67,According,GBP,Task,895957893,Michael Allen,118748084,EA,2025-07-15,Street,EU02,MAT-47254,EMP677926,62,2024-12-15,Pending,975219232,2024-12-16,Article Tablet,Film,2024-12-16,EUR,8268593383,FO,PG52,NA01,867931351,2025-01-07,1,2024-09-20,Open,CT-8742-ECD,37,88,29,212,359,212,208
EA,1,4,Estonia,7029.36,10103.3,2025-01-22,No,Newspaper,Student,Treatment,Past,Yes,Reveal,2025-02-16,142237151,Data,Join,27,Final,GBP,Player,134739575,Shelly Morris PhD,553624351,EA,2024-04-25,Own,EU02,MAT-54383,EMP104680,14,2025-01-21,Pending,862957764,2025-01-22,Agency Injection,Friend,2025-01-22,USD,4722984913,NB,PG32,NA01,835826621,2025-02-16,3,2024-09-01,Open,CT-3636-AVP,8,31,47,98,289,98,93
EA,7,28,Madagascar,23908.38,35342.14,2025-07-07,No,But,Authority,Majority,Physical,Yes,Doctor,2025-07-24,812323811,Management,Return,17,Lead,JPY,Various,177531688,Karen Rodriguez,740085311,EA,2023-12-18,Adult,EU02,MAT-75647,EMP436943,19,2025-07-06,Pending,820721936,2025-07-07,Member Solution,Usually,2025-07-07,GBP,3327654292,FO,PG82,NA01,866449791,2025-07-24,1,2026-11-09,Closed,CT-6551-IBW,135,141,25,177,145,177,177
EA,6,26,Morocco,9271.06,30786.24,2025-06-24,Yes,Special,Skill,Four,Same,No,Smile,2025-07-07,475009082,Water,Be,43,Require,USD,Out,774404638,Megan Phillips,639214340,EA,2025-05-07,Quality,US01,MAT-74459,EMP692754,76,2025-06-23,Pending,485078836,2025-06-24,Memory Solution,Smile,2025-06-24,EUR,1109644539,FO,PG30,NA01,340266309,2025-07-07,4,2024-09-02,Open,CT-8015-GMQ,188,264,158,268,252,268,268
EA,5,20,Puerto Rico,29617.55,16618.77,2025-05-14,No,House,Feeling,Bag,Military,No,Unit,2025-05-26,312352335,Debate,Gas,55,Popular,JPY,During,242593606,Matthew White,334311724,EA,2024-10-29,Officer,US01,MAT-22152,EMP224965,56,2025-05-13,Released,702593184,2025-05-14,Culture Solution,Country,2025-05-14,USD,8580341292,NB,PG24,NA01,855288001,2025-05-26,4,2026-07-09,Open,CT-3472-PNG,61,85,26,269,318,269,264
EA,11,44,Estonia,1933.08,41729.33,2025-11-02,Yes,Stand,Follow,Song,Total,Yes,Tree,2025-11-27,429237349,Teacher,At,76,Skin,JPY,Owner,656773838,Rachel Gonzales,374295516,EA,2025-10-29,Believe,EU02,MAT-54383,EMP850045,85,2025-11-01,Released,684983875,2025-11-02,Agency Injection,Check,2025-11-02,GBP,7308532701,FO,PG17,NA01,518686311,2025-11-27,2,2026-02-18,Open,CT-3636-AVP,50,159,141,237,335,237,236
EA,8,32,Jordan,47631.57,35615.59,2025-08-06,Yes,Wish,Those,Each,Point,No,Training,2025-09-04,103831744,Race,Occur,23,Million,JPY,This,579882287,Virginia Jenkins,313831857,EA,2023-12-23,Bring,LAT04,MAT-39627,EMP224184,43,2025-08-05,Released,983924672,2025-08-06,Fund Tablet,Clear,2025-08-06,EUR,5560400860,FO,PG25,EU01,199109839,2025-09-04,2,2023-12-15,Closed,CT-5014-EEP,140,36,79,149,188,149,147
EA,5,20,Mauritius,13336.82,16231.47,2025-05-13,Yes,Upon,Both,Strategy,Strategy,No,Admit,2025-05-24,605932385,Ask,Stage,69,Say,JPY,Read,141388443,Caroline Parker,496880693,EA,2024-10-15,Fall,LAT04,MAT-53554,EMP830727,89,2025-05-12,Released,954406640,2025-05-13,They Capsule,Management,2025-05-13,EUR,1220963370,FO,PG99,EU01,724129754,2025-05-24,3,2026-06-26,Closed,CT-5014-EEP,99,84,58,182,233,182,182
EA,7,29,Madagascar,29902.65,15402.81,2025-07-17,No,Theory,Experience,Network,Class,Yes,Much,2025-07-29,625988600,Policy,Away,44,Cost,EUR,Administration,794571692,Laura Gonzalez,299244451,EA,2025-11-04,Generation,EU02,MAT-75647,EMP972111,88,2025-07-16,Pending,236252480,2025-07-17,Member Solution,Place,2025-07-17,EUR,8012175179,FO,PG75,EU01,129713437,2025-07-29,3,2025-06-06,Open,CT-6551-IBW,99,109,26,133,402,133,129
EA,3,12,Barbados,8057.22,27083.44,2025-03-20,No,Business,Little,It,Miss,No,Again,2025-04-16,689501495,Operation,Recognize,70,Sound,USD,Science,911940194,Francisco Campbell,980359343,EA,2023-12-19,Paper,LAT04,MAT-49508,EMP425326,69,2025-03-19,Pending,513748361,2025-03-20,Able Patch,Drive,2025-03-20,GBP,8966909672,FO,PG82,EU01,738197886,2025-04-16,1,2024-01-25,Closed,CT-6592-IDY,209,189,206,263,177,263,259
EA,12,52,Madagascar,8558.4,16651.89,2024-12-24,No,Fine,Those,Compare,Short,Yes,Experience,2025-01-03,204171046,Million,Future,34,Mean,JPY,Party,689953375,Wendy Nelson,425480321,EA,2024-12-15,Determine,EU02,MAT-79992,EMP642271,56,2024-12-23,Released,714157261,2024-12-24,Anyone Tablet,Paper,2024-12-24,GBP,3875167764,NB,PG72,NA01,395860896,2025-01-03,3,2025-11-08,Closed,CT-6551-IBW,77,43,168,168,423,168,167
EA,12,50,Thailand,31574.26,44808.19,2024-12-14,Yes,The,More,Speech,Task,Yes,Operation,2025-01-11,203362738,Deep,Hand,75,Positive,EUR,Leader,329484226,Jason Keith,343655663,EA,2025-10-26,Clear,EU02,MAT-58266,EMP367005,35,2024-12-13,Released,698491225,2024-12-14,Tree Injection,Material,2024-12-14,USD,9786448701,NB,PG93,EU01,914993345,2025-01-11,3,2026-08-20,Closed,CT-3228-ZKT,31,31,8,36,177,36,31
EA,3,12,Dominican Republic,19491.6,31820.17,2025-03-17,Yes,Those,Provide,Hotel,Fast,Yes,Sister,2025-03-31,906184859,Avoid,Area,52,Agree,JPY,Term,826760960,Angel Brown,925176283,EA,2024-07-11,Evidence,US01,MAT-78401,EMP893372,42,2025-03-16,Pending,254865105,2025-03-17,Expect Tablet,Out,2025-03-17,USD,1752044653,FO,PG34,NA01,143177317,2025-03-31,3,2024-05-30,Open,CT-1696-SCY,20,57,107,110,455,110,109
EA,2,6,Burundi,34374.99,13856.67,2025-02-08,Yes,Turn,Suggest,Standard,Must,Yes,Treat,2025-02-25,586267982,Any,Commercial,44,Best,GBP,Vote,206586324,Frederick Allen,913047213,EA,2026-10-15,Human,AP03,MAT-46171,EMP924075,17,2025-02-07,Released,650935193,2025-02-08,Though Solution,Technology,2025-02-08,USD,8247823059,NB,PG41,NA01,578415949,2025-02-25,2,2026-08-07,Open,CT-3636-AVP,71,17,36,114,118,114,113
EA,5,20,Russian Federation,23735.12,10795.14,2025-05-15,No,Throw,Least,American,Season,Yes,Worry,2025-06-14,939274252,Impact,Much,37,State,GBP,Force,584136994,Andrew Walton,481616160,EA,2024-09-30,Method,US01,MAT-22108,EMP258719,68,2025-05-14,Pending,925193964,2025-05-15,Win Injection,Officer,2025-05-15,USD,4196565103,FO,PG18,EU01,980580513,2025-06-14,1,2024-11-16,Closed,CT-6910-RDE,92,172,39,254,325,254,252
EA,12,49,British Virgin Islands,10249.13,19401.19,2024-12-06,Yes,Little,Kitchen,Action,Home,Yes,Window,2024-12-13,186187303,Heavy,Ground,78,Say,JPY,Better,999365162,Audrey Jones,512187451,EA,2024-01-16,Act,LAT04,MAT-22610,EMP474188,66,2024-12-05,Released,408550611,2024-12-06,Us Solution,Throughout,2024-12-06,USD,8883403280,FO,PG64,NA01,396209645,2024-12-13,3,2025-12-05,Open,CT-9771-CZL,6,228,110,230,223,230,228
EA,8,34,Libyan Arab Jamahiriya,14772.9,19277.62,2025-08-23,Yes,Reason,Fine,Join,State,Yes,Him,2025-09-02,449131736,Save,Course,87,Collection,GBP,Blue,199365814,Mary Rodriguez,728805163,EA,2026-04-21,Eight,US01,MAT-73628,EMP195614,48,2025-08-22,Released,500911697,2025-08-23,Health Solution,Size,2025-08-23,EUR,4406896797,NB,PG48,EU01,974540860,2025-09-02,1,2023-11-27,Open,CT-3230-HFO,224,33,170,291,41,291,291
EA,7,29,Cyprus,28141.65,6408.26,2025-07-20,No,Training,Bag,Heart,Rock,No,Back,2025-08-08,241477340,Debate,Media,72,Either,GBP,Notice,227344597,Douglas Simpson,154565634,EA,2026-06-21,Generation,US01,MAT-59372,EMP735618,59,2025-07-19,Pending,158274421,2025-07-20,Issue Patch,Short,2025-07-20,GBP,5692250615,NB,PG21,EU01,509939825,2025-08-08,4,2025-04-04,Closed,CT-7487-KNX,32,36,11,45,499,45,44
EA,7,30,Pakistan,16851.61,17175.02,2025-07-26,Yes,Player,Support,Large,Purpose,No,Section,2025-08-10,300247389,Buy,Million,83,Meeting,GBP,Employee,190867440,Jennifer Bell,713121073,EA,2026-02-16,But,US01,MAT-22108,EMP569382,51,2025-07-25,Pending,789443122,2025-07-26,Win Injection,Response,2025-07-26,GBP,6982050700,FO,PG36,EU01,662257205,2025-08-10,2,2025-01-03,Closed,CT-6910-RDE,143,194,18,235,133,235,233
EA,9,39,Cambodia,17877.5,15044.59,2025-09-25,Yes,Newspaper,Offer,Significant,Lead,No,Firm,2025-10-15,742010389,Though,Accept,64,Soldier,JPY,Few,357299085,Philip Hall,228029331,EA,2024-07-28,Result,LAT04,MAT-66331,EMP858162,78,2025-09-24,Released,180347353,2025-09-25,Step Solution,Lay,2025-09-25,USD,9965884423,FO,PG17,EU01,584249558,2025-10-15,1,2026-08-01,Open,CT-8872-GKR,203,43,167,248,340,248,243
EA,6,27,Puerto Rico,18673.02,30704.87,2025-06-30,No,Region,Increase,Establish,My,Yes,From,2025-07-28,745787398,Good,Discover,80,Other,EUR,Under,592000284,Kevin Santana,914868864,EA,2024-09-23,Arrive,LAT04,MAT-45907,EMP731158,62,2025-06-29,Released,350848540,2025-06-30,Speech Patch,Pattern,2025-06-30,GBP,6988711921,NB,PG94,EU01,169532958,2025-07-28,5,2026-06-22,Open,CT-3472-PNG,17,90,65,186,268,186,184
EA,3,11,Cuba,15122.52,42991.86,2025-03-16,No,Character,Fact,Church,Enjoy,Yes,Agency,2025-04-15,183693015,Response,Rather,76,Month,USD,Star,862931552,Evan Rojas,464358613,EA,2026-04-01,Miss,EU02,MAT-18458,EMP480028,21,2025-03-15,Pending,756082242,2025-03-16,Reason Tablet,Line,2025-03-16,EUR,7887150990,FO,PG72,NA01,982133581,2025-04-15,5,2026-05-15,Open,CT-7487-KNX,96,130,117,202,387,202,199
EA,4,14,Gibraltar,39280.14,21386.55,2025-04-03,No,You,So,Your,West,No,Statement,2025-04-18,352137572,Open,Address,85,Then,JPY,Husband,253663900,Karen Davis,116783514,EA,2025-05-20,Which,US01,MAT-73628,EMP924997,19,2025-04-02,Released,208594862,2025-04-03,Health Solution,Own,2025-04-03,GBP,2062822030,NB,PG46,EU01,358866209,2025-04-18,2,2025-10-28,Closed,CT-3230-HFO,72,46,50,148,241,148,145
EA,10,42,Jersey,12429.26,34726.27,2025-10-14,Yes,Source,Nothing,Realize,Company,No,Treat,2025-10-24,688845492,Simple,Stock,39,Participant,EUR,She,303035227,Holly Hall,670455438,EA,2024-01-31,Dog,AP03,MAT-49651,EMP577892,52,2025-10-13,Pending,752565001,2025-10-14,High Injection,Professional,2025-10-14,GBP,5800193261,NB,PG32,EU01,570809136,2025-10-24,4,2023-12-05,Closed,CT-9831-IEW,29,115,65,172,7,172,170
EA,1,1,Comoros,46255.1,12025.18,2025-01-04,Yes,Discussion,Suggest,Move,Strong,Yes,Cost,2025-01-29,901252579,Feeling,Main,54,Particularly,JPY,Outside,905589654,Frank Bradford,617529758,EA,2023-12-29,Story,US01,MAT-61362,EMP189373,45,2025-01-03,Pending,726024331,2025-01-04,Better Tablet,He,2025-01-04,USD,9020863719,FO,PG29,NA01,329745102,2025-01-29,3,2025-02-22,Open,CT-3228-ZKT,78,116,24,123,424,123,119
EA,7,29,Azerbaijan,15440.67,33888.27,2025-07-15,Yes,You,Eat,Price,Man,Yes,Imagine,2025-07-23,519621961,Different,Behind,24,Appear,EUR,Sure,143184371,Lisa Allen,536650402,EA,2024-11-29,Discussion,LAT04,MAT-53554,EMP552279,44,2025-07-14,Released,782117742,2025-07-15,They Capsule,Find,2025-07-15,GBP,8156141039,FO,PG26,NA01,577047664,2025-07-23,5,2024-01-14,Open,CT-5014-EEP,161,6,170,208,320,208,205
EA,2,8,Tanzania,10078.95,43704.55,2025-02-23,No,Our,Political,Interesting,Another,No,Scientist,2025-03-20,555955176,Yard,Tonight,20,Rise,USD,Plan,851924980,Daniel Christensen,497086699,EA,2024-08-18,Part,LAT04,MAT-16078,EMP866236,59,2025-02-22,Pending,194632906,2025-02-23,Stock Patch,Quite,2025-02-23,USD,5367318794,NB,PG45,NA01,648422272,2025-03-20,5,2026-04-17,Open,CT-9831-IEW,31,54,14,98,158,98,98
EA,8,31,Mozambique,26881.5,12402.15,2025-08-03,No,Picture,Perhaps,Parent,Oil,No,Performance,2025-08-16,255405331,Particularly,Along,82,Really,GBP,Score,298493290,Rhonda Shepherd,875020359,EA,2025-09-28,Try,EU02,MAT-84265,EMP128824,27,2025-08-02,Released,360894229,2025-08-03,Help Solution,Take,2025-08-03,USD,3463344477,FO,PG57,EU01,932830803,2025-08-16,2,2026-01-02,Open,CT-8970-PLO,32,60,31,98,368,98,94
EA,12,49,Serbia,46212.26,17311.73,2024-12-02,No,Final,Still,Detail,Hair,No,Admit,2024-12-24,240589349,Determine,These,69,Word,USD,Teacher,312628540,Derek Wilson,504076223,EA,2026-08-13,Way,LAT04,MAT-91309,EMP701126,89,2024-12-01,Released,821227814,2024-12-02,Simply Injection,Him,2024-12-02,GBP,6358857616,NB,PG79,NA01,142878541,2024-12-24,1,2024-05-08,Open,CT-8015-GMQ,145,216,15,229,231,229,224
EA,3,10,Moldova,6394.45,14715.27,2025-03-07,No,Candidate,Morning,Interest,Bed,Yes,Throughout,2025-03-23,299443852,Serious,Career,88,Likely,JPY,Pick,202684064,Rhonda Giles,731316287,EA,2025-01-17,Specific,AP03,MAT-98864,EMP517185,84,2025-03-06,Pending,398565519,2025-03-07,Positive Injection,Share,2025-03-07,USD,8809409220,NB,PG89,NA01,986065816,2025-03-23,3,2025-05-30,Open,CT-9781-BYC,18,261,72,282,104,282,281
EA,7,29,Burundi,37146.02,21624.99,2025-07-18,Yes,Tell,Design,Network,Customer,No,Property,2025-08-11,545147516,Arrive,Simple,62,Fund,JPY,Hair,211448212,Jesus Newton,596539190,EA,2025-01-15,Stock,EU02,MAT-56157,EMP551009,90,2025-07-17,Released,688879891,2025-07-18,Contain Solution,You,2025-07-18,EUR,7923059106,FO,PG55,NA01,614975102,2025-08-11,2,2025-11-10,Open,CT-7487-KNX,23,24,105,206,427,206,202
EA,10,42,San Marino,35817.02,26080.3,2025-10-18,No,Need,Including,Your,Positive,Yes,Have,2025-10-26,189577732,Air,Green,51,However,USD,Least,757682994,Stephanie Stanley,132562238,EA,2026-02-05,Free,US01,MAT-47140,EMP881014,87,2025-10-17,Released,144607408,2025-10-18,Side Capsule,Suffer,2025-10-18,EUR,2772462336,FO,PG86,NA01,275388836,2025-10-26,4,2026-07-20,Closed,CT-8742-ECD,6,34,1,37,379,37,37
EA,6,25,British Virgin Islands,37518.46,19620.04,2025-06-16,No,Lead,Point,State,Option,Yes,Cold,2025-07-11,854795294,Public,Can,58,Range,EUR,Order,473257151,Jason Nolan Jr.,385252751,EA,2025-12-22,Arm,LAT04,MAT-22610,EMP313442,84,2025-06-15,Pending,599342920,2025-06-16,Us Solution,Beautiful,2025-06-16,EUR,6686400222,FO,PG12,NA01,724654825,2025-07-11,4,2024-09-19,Closed,CT-9771-CZL,77,209,91,259,400,259,257
EA,7,30,Haiti,33819.68,43619.32,2025-07-24,Yes,Number,Of,Put,Return,No,Break,2025-08-12,581942893,Shake,Game,49,High,JPY,Medical,723089719,Scott Cohen,438217100,EA,2026-11-07,Feeling,US01,MAT-84153,EMP520160,42,2025-07-23,Pending,338893498,2025-07-24,Floor Patch,In,2025-07-24,EUR,2250882908,NB,PG55,NA01,687447139,2025-08-12,5,2025-09-14,Open,CT-3472-PNG,25,189,148,250,451,250,246
EA,8,32,Algeria,19328.64,30026.77,2025-08-04,Yes,Physical,Family,Successful,Later,No,Various,2025-08-22,765887210,Identify,Baby,66,Again,GBP,Force,411702128,Tiffany Larson,448242566,EA,2025-09-03,Hair,US01,MAT-81584,EMP283505,61,2025-08-03,Released,445185698,2025-08-04,Set Solution,Good,2025-08-04,GBP,2145457874,FO,PG59,EU01,816304193,2025-08-22,3,2025-02-01,Closed,CT-5806-JWO,8,4,6,21,379,21,18
EA,1,5,Niger,30187.72,17118.92,2025-01-29,Yes,Others,Approach,Sit,Everyone,No,Religious,2025-02-05,662072785,Writer,Street,34,Car,GBP,More,384357190,Carol Brewer,203599737,EA,2026-10-18,Majority,US01,MAT-59372,EMP130658,33,2025-01-28,Pending,430100525,2025-01-29,Issue Patch,Party,2025-01-29,USD,4630108439,NB,PG44,EU01,617862582,2025-02-05,1,2023-12-21,Closed,CT-7487-KNX,154,266,98,291,473,291,291
EA,1,3,Bulgaria,44097.83,28941.91,2025-01-15,No,Republican,Such,Say,Tend,Yes,Those,2025-02-07,437042079,Sense,That,50,Great,EUR,Western,392335170,Melissa Anderson,328023856,EA,2024-05-12,Itself,US01,MAT-81584,EMP257329,39,2025-01-14,Released,288816100,2025-01-15,Set Solution,Simply,2025-01-15,EUR,5465856149,NB,PG11,EU01,300265211,2025-02-07,4,2025-10-16,Closed,CT-5806-JWO,91,8,10,119,319,119,117
EA,9,38,Azerbaijan,1644.96,31277.96,2025-09-17,No,Free,Treat,Suffer,Wind,Yes,Once,2025-10-03,299539469,Even,To,83,Change,EUR,Military,696561937,Nicholas Clay,147228839,EA,2024-03-16,Many,LAT04,MAT-39627,EMP366278,44,2025-09-16,Pending,825801972,2025-09-17,Fund Tablet,Court,2025-09-17,USD,8235093624,FO,PG65,EU01,725551979,2025-10-03,2,2023-12-20,Closed,CT-5014-EEP,25,5,9,27,433,27,27
EA,3,13,Jordan,24969.24,15756.87,2025-03-26,No,Itself,Build,Performance,Cause,No,Off,2025-04-14,905646248,Item,Else,81,Each,USD,Particular,220809757,Christopher Brown,425543819,EA,2026-03-15,Company,LAT04,MAT-53554,EMP197216,35,2025-03-25,Released,650966593,2025-03-26,They Capsule,Happy,2025-03-26,EUR,2810852403,FO,PG18,EU01,336212467,2025-04-14,5,2025-01-04,Closed,CT-5014-EEP,9,7,11,30,198,30,30
EA,12,49,Comoros,16555.71,16195.62,2024-12-08,Yes,Over,Course,However,While,No,Ready,2024-12-16,222685617,Way,Set,16,Husband,GBP,Increase,519057299,Aaron Johnson,953054009,EA,2026-07-04,Method,US01,MAT-40706,EMP695368,26,2024-12-07,Released,813247268,2024-12-08,Keep Capsule,Edge,2024-12-08,GBP,5159340434,FO,PG98,EU01,907086920,2024-12-16,1,2025-02-24,Closed,CT-3395-UCM,37,31,7,38,472,38,38
EA,12,50,New Caledonia,13185.64,34177.14,2024-12-15,No,Reflect,Condition,Seven,Beat,No,Upon,2025-01-04,429633261,Instead,Treat,53,Local,EUR,Feel,785180266,Melissa Smith,631263077,EA,2024-02-05,Attention,AP03,MAT-47986,EMP222418,55,2024-12-14,Released,482279683,2024-12-15,Experience Tablet,Pretty,2024-12-15,GBP,5387860560,NB,PG10,EU01,951573529,2025-01-04,2,2025-10-01,Closed,CT-4229-AWU,47,25,38,61,68,61,61
EA,1,5,India,22885.71,24256.85,2025-01-28,Yes,Both,These,Reason,Down,No,Likely,2025-02-14,303981000,Significant,Different,22,Seek,EUR,Money,466198976,Kristy Blackwell,591808514,EA,2024-09-09,Child,AP03,MAT-18097,EMP494492,35,2025-01-27,Released,643450794,2025-01-28,Enter Capsule,While,2025-01-28,EUR,1999734373,NB,PG96,NA01,308538864,2025-02-14,3,2026-10-03,Open,CT-7047-GQC,31,1,97,189,379,189,185
EA,3,12,Barbados,20827.21,29469.22,2025-03-22,Yes,From,Investment,View,Value,No,For,2025-04-03,906783540,Himself,Nearly,67,Somebody,EUR,Prepare,170651706,Terry Gutierrez V,760573835,EA,2024-12-13,Responsibility,LAT04,MAT-49508,EMP825155,74,2025-03-21,Released,492755836,2025-03-22,Able Patch,Cost,2025-03-22,GBP,4184451252,NB,PG55,NA01,103841359,2025-04-03,2,2024-03-17,Open,CT-6592-IDY,228,23,162,233,428,233,233
EA,6,26,Wallis and Futuna,3250.44,32710.48,2025-06-28,No,Would,Campaign,Among,Hear,No,News,2025-07-19,788751154,Ever,Participant,26,Knowledge,USD,Treatment,143362130,Tracey Jackson,219817738,EA,2024-06-27,Many,LAT04,MAT-33775,EMP900127,58,2025-06-27,Pending,412931726,2025-06-28,Something Patch,Development,2025-06-28,USD,1148059840,NB,PG74,EU01,402326875,2025-07-19,5,2024-03-19,Open,CT-9831-IEW,145,92,117,195,457,195,191
EA,11,48,Switzerland,28325.29,33820.4,2024-11-30,Yes,Owner,Song,Capital,World,Yes,Defense,2024-12-16,471973361,Win,Care,29,Avoid,GBP,Ten,210499069,Taylor Thomas,280850199,EA,2024-12-20,Describe,AP03,MAT-54713,EMP410728,83,2024-11-29,Released,729278231,2024-11-30,Free Solution,Vote,2024-11-30,EUR,1203164555,FO,PG21,NA01,690574423,2024-12-16,1,2024-10-09,Open,CT-3230-HFO,7,142,56,154,348,154,154
EA,7,31,Tanzania,23410.57,41003.31,2025-07-30,Yes,Chair,Strong,Modern,Market,No,Machine,2025-08-13,733669048,Identify,Into,25,Just,JPY,Drive,387163667,Sherry Hill,435450326,EA,2023-12-07,American,LAT04,MAT-16078,EMP856298,28,2025-07-29,Pending,497500547,2025-07-30,Stock Patch,True,2025-07-30,USD,6870380849,NB,PG86,NA01,682363254,2025-08-13,3,2024-03-18,Open,CT-9831-IEW,213,20,184,253,219,253,252
EA,5,21,Estonia,33672.91,8712.91,2025-05-21,Yes,Attorney,Democratic,Piece,Budget,Yes,Speak,2025-06-01,976654118,Simple,Rise,58,Carry,JPY,Certain,329101727,Nicholas Garcia,216208888,EA,2025-05-30,Popular,EU02,MAT-54383,EMP410323,58,2025-05-20,Released,975747588,2025-05-21,Agency Injection,Physical,2025-05-21,USD,5716809275,NB,PG10,NA01,352167524,2025-06-01,3,2024-08-12,Closed,CT-3636-AVP,39,127,102,168,121,168,165
EA,4,17,Indonesia,23314.18,8055.82,2025-04-24,No,Operation,Forget,Prepare,Can,Yes,South,2025-05-11,157591380,Hold,Billion,30,Edge,GBP,Any,928705661,Rebecca Mendoza,313744432,EA,2026-08-04,Film,EU02,MAT-58634,EMP383332,34,2025-04-23,Pending,450935344,2025-04-24,Impact Patch,Operation,2025-04-24,EUR,7904892700,FO,PG91,NA01,538813870,2025-05-11,1,2024-03-24,Open,CT-7047-GQC,124,80,186,283,360,283,283
EA,9,38,Bouvet Island (Bouvetoya),12527.29,32116.64,2025-09-20,No,Let,Science,About,Claim,No,Movement,2025-09-29,833484898,Claim,Name,14,Plant,EUR,Responsibility,783550986,Jessica Leonard,336048338,EA,2025-03-19,They,LAT04,MAT-22354,EMP891345,49,2025-09-19,Pending,648909235,2025-09-20,Light Tablet,Moment,2025-09-20,USD,7529442370,NB,PG46,EU01,223346436,2025-09-29,2,2024-02-17,Open,CT-4229-AWU,64,23,148,258,284,258,258
EA,9,40,Thailand,29395.47,7494.38,2025-09-29,No,Case,Difference,Each,What,No,System,2025-10-28,456031951,Usually,Fund,31,Method,USD,Traditional,360966580,Alexis Oliver,509007480,EA,2024-09-26,Character,AP03,MAT-30703,EMP483071,65,2025-09-28,Released,547983312,2025-09-29,Cold Injection,Beyond,2025-09-29,EUR,8281744769,NB,PG73,EU01,617734444,2025-10-28,4,2024-11-27,Open,CT-3228-ZKT,36,133,64,216,155,216,214
EA,8,35,Jordan,7220.55,38854.12,2025-08-26,Yes,Hand,Data,Anyone,Song,Yes,While,2025-09-04,333305967,Laugh,Allow,11,Thought,EUR,President,167557281,Christopher Bailey,440976351,EA,2025-07-31,Leave,LAT04,MAT-53554,EMP962640,46,2025-08-25,Pending,418096951,2025-08-26,They Capsule,Loss,2025-08-26,EUR,4555535478,FO,PG57,EU01,978038794,2025-09-04,3,2024-10-30,Closed,CT-5014-EEP,64,69,149,220,108,220,219
EA,11,47,Madagascar,15023.78,25463.89,2024-11-18,No,Which,Decision,Nature,Share,No,Attention,2024-12-16,581614289,Sea,Detail,52,Detail,EUR,Feel,477206550,Jennifer Cole,933353179,EA,2024-02-06,Turn,EU02,MAT-79992,EMP821794,14,2024-11-17,Released,997885604,2024-11-18,Anyone Tablet,Adult,2024-11-18,EUR,7897883444,NB,PG77,EU01,326742569,2024-12-16,5,2026-07-15,Open,CT-6551-IBW,215,280,73,299,273,299,294
EA,5,19,Cyprus,17936.46,6812.91,2025-05-11,No,Seem,Know,Top,Type,Yes,Common,2025-05-21,891743954,Economy,Decide,22,Every,GBP,Attack,767023394,Shawn Finley,695659854,EA,2024-01-04,Director,US01,MAT-59372,EMP483980,65,2025-05-10,Released,908976394,2025-05-11,Issue Patch,Answer,2025-05-11,GBP,5578802008,FO,PG78,EU01,221934869,2025-05-21,1,2026-08-02,Open,CT-7487-KNX,13,19,189,251,78,251,248
EA,3,9,Zimbabwe,27610.42,15482.54,2025-03-02,Yes,Everything,Foot,Economy,Would,Yes,Since,2025-03-17,934670026,Or,Happy,22,Time,JPY,Successful,394075744,Paula Lee,800499206,EA,2025-10-09,Record,EU02,MAT-97442,EMP827937,82,2025-03-01,Pending,195788895,2025-03-02,Common Patch,Look,2025-03-02,USD,7756176067,FO,PG61,EU01,640110223,2025-03-17,4,2024-03-20,Closed,CT-2004-PSX,20,55,38,78,171,78,73
EA,11,47,Comoros,40193.98,12146.42,2024-11-23,Yes,Break,Tend,People,Painting,No,Shake,2024-12-16,745839318,Mission,Be,78,Music,EUR,Black,442017693,Alexander Johnson,231485982,EA,2024-10-07,Leg,US01,MAT-40706,EMP496256,82,2024-11-22,Pending,288273427,2024-11-23,Keep Capsule,Kitchen,2024-11-23,USD,3555828232,FO,PG14,NA01,754429658,2024-12-16,2,2025-07-10,Closed,CT-3395-UCM,84,22,12,90,484,90,88
EA,10,43,Azerbaijan,48513.49,34474.34,2025-10-23,Yes,Mean,Happen,State,Move,No,Black,2025-11-15,757514784,Find,Build,21,Carry,GBP,Mrs,153659048,Patricia Coleman,104489022,EA,2024-02-21,Board,LAT04,MAT-39627,EMP654520,11,2025-10-22,Pending,181858240,2025-10-23,Fund Tablet,Agent,2025-10-23,GBP,9131343452,NB,PG72,EU01,120889320,2025-11-15,4,2026-06-20,Closed,CT-5014-EEP,19,47,117,197,216,197,194
EA,6,24,Zimbabwe,16832.0,42565.21,2025-06-15,Yes,Item,Individual,Everything,Strategy,No,Cup,2025-07-06,576171753,Lawyer,Field,13,Choice,GBP,Institution,234365131,Adam Patel,527580257,EA,2025-11-17,Put,EU02,MAT-32011,EMP484715,44,2025-06-14,Released,329040045,2025-06-15,Offer Tablet,Me,2025-06-15,EUR,1493288219,FO,PG63,EU01,854008987,2025-07-06,5,2026-05-29,Closed,CT-2004-PSX,35,1,30,104,155,104,101
EA,6,25,Ecuador,17719.42,7157.61,2025-06-21,No,Actually,Leader,Able,Time,Yes,Hair,2025-07-17,513091911,Decade,Factor,68,Myself,JPY,Article,710670496,Tara Robinson,792683477,EA,2023-12-20,Car,AP03,MAT-86168,EMP126177,61,2025-06-20,Pending,342807182,2025-06-21,Run Solution,Off,2025-06-21,GBP,9911555203,FO,PG37,EU01,228926799,2025-07-17,3,2025-05-18,Closed,CT-6109-EDZ,177,138,125,270,35,270,270
EA,10,41,Anguilla,25452.06,26962.25,2025-10-06,No,Message,Lose,Nation,Pull,No,Between,2025-10-16,386386456,Say,Continue,24,Agency,JPY,Number,863738138,Katie Horton,410061284,EA,2026-04-08,Fight,US01,MAT-74459,EMP896782,17,2025-10-05,Released,646031140,2025-10-06,Memory Solution,Region,2025-10-06,GBP,7671364260,NB,PG17,EU01,488675602,2025-10-16,2,2025-09-02,Open,CT-8015-GMQ,7,15,153,269,143,269,266
EA,6,26,Zimbabwe,49085.65,8742.11,2025-06-29,No,Father,Difference,Drop,Military,No,Activity,2025-07-14,882138409,After,A,52,Environment,EUR,Eight,909257437,John Preston,130463320,EA,2026-01-06,Statement,EU02,MAT-60599,EMP175592,78,2025-06-28,Pending,269565472,2025-06-29,Traditional Patch,Soon,2025-06-29,GBP,3919226428,FO,PG16,NA01,188661032,2025-07-14,3,2025-02-27,Closed,CT-2004-PSX,17,57,26,111,361,111,107
EA,7,28,Moldova,46797.58,34616.56,2025-07-09,No,Language,Happen,Man,Language,Yes,Whose,2025-07-31,874482388,Court,Image,61,Expert,USD,Newspaper,897913186,Brianna Sanchez,296616277,EA,2026-08-28,Finally,AP03,MAT-98864,EMP880522,25,2025-07-08,Pending,769261329,2025-07-09,Positive Injection,Cause,2025-07-09,USD,4821280348,NB,PG45,NA01,379493789,2025-07-31,3,2024-06-05,Closed,CT-9781-BYC,27,8,56,88,451,88,83
EA,5,18,Cambodia,40576.61,16193.71,2025-05-02,No,Interest,None,Clearly,Former,Yes,Next,2025-06-01,920406294,Vote,Building,24,Generation,GBP,Edge,851934915,Daniel Wright,727147263,EA,2025-04-29,Young,AP03,MAT-86168,EMP788104,64,2025-05-01,Pending,260884758,2025-05-02,Run Solution,Itself,2025-05-02,EUR,6444334988,FO,PG82,EU01,435500487,2025-06-01,5,2025-09-13,Open,CT-6109-EDZ,120,85,28,135,290,135,133
EA,3,13,Turkey,15037.84,20645.16,2025-03-30,Yes,Budget,Night,This,Best,Yes,Model,2025-04-28,588651704,Research,Idea,46,Front,JPY,Someone,935821794,Jordan Mata,317726479,EA,2025-11-08,Plant,US01,MAT-34899,EMP124496,61,2025-03-29,Released,882232309,2025-03-30,Continue Capsule,Network,2025-03-30,USD,1947775558,NB,PG58,NA01,637867969,2025-04-28,5,2024-11-18,Closed,CT-3395-UCM,6,21,5,40,190,40,35
EA,10,42,Albania,36754.22,31372.7,2025-10-13,Yes,Easy,Near,Suffer,Central,Yes,Soldier,2025-11-11,216275412,Green,Team,26,Environmental,USD,A,996518039,Joshua Nelson,233564065,EA,2026-03-04,Never,AP03,MAT-98864,EMP917006,82,2025-10-12,Pending,138496476,2025-10-13,Positive Injection,Happen,2025-10-13,USD,9330613194,FO,PG34,EU01,695298690,2025-11-11,5,2025-10-07,Open,CT-9781-BYC,45,13,45,50,296,50,45
EA,3,11,Kazakhstan,19091.02,10927.94,2025-03-12,Yes,Trip,Ready,Too,Heavy,Yes,Suddenly,2025-04-09,917291667,Very,Leader,19,Expert,JPY,Traditional,305021198,Tracie Brown,848626158,EA,2023-12-08,Stage,US01,MAT-78401,EMP592896,50,2025-03-11,Released,616051443,2025-03-12,Expect Tablet,Address,2025-03-12,EUR,3453436851,NB,PG77,EU01,584714241,2025-04-09,1,2026-01-01,Closed,CT-1696-SCY,91,244,82,260,477,260,257
EA,4,14,Philippines,3752.51,28185.88,2025-04-06,Yes,Group,Worker,Later,Use,Yes,Energy,2025-04-30,270063554,Technology,Challenge,35,Become,USD,Play,739738916,Mary Miller,269968116,EA,2026-09-06,Fear,US01,MAT-23246,EMP297372,77,2025-04-05,Released,846441880,2025-04-06,Type Injection,Life,2025-04-06,EUR,3131292611,FO,PG60,EU01,352968752,2025-04-30,1,2024-09-18,Open,CT-8872-GKR,8,65,61,66,39,66,66
EA,8,31,Nauru,32881.22,41867.83,2025-08-02,Yes,Bill,Author,Whose,Quite,No,Federal,2025-08-19,888590840,Sport,Every,34,However,GBP,If,375501691,Jason Miller,862870481,EA,2024-07-12,Mr,US01,MAT-47140,EMP564395,43,2025-08-01,Released,303029375,2025-08-02,Side Capsule,Energy,2025-08-02,EUR,6332028469,FO,PG97,EU01,802608362,2025-08-19,1,2024-04-01,Open,CT-8742-ECD,29,173,166,175,242,175,172
EA,7,27,Ecuador,7208.76,27513.25,2025-07-04,No,Fill,Hard,Other,Quality,Yes,Somebody,2025-07-31,999507862,Term,Sign,22,Decide,EUR,Raise,514511412,Jessica Moore,673459628,EA,2025-11-24,Understand,AP03,MAT-86168,EMP875064,89,2025-07-03,Released,218500147,2025-07-04,Run Solution,Against,2025-07-04,EUR,4411486613,NB,PG56,NA01,752276005,2025-07-31,2,2026-09-10,Open,CT-6109-EDZ,52,107,74,142,89,142,141
EA,7,29,Guam,38211.68,14792.94,2025-07-17,No,Read,Among,System,Party,Yes,Light,2025-08-03,893208463,Computer,Actually,68,Pm,GBP,Son,116160868,Donald Daniels,129702791,EA,2026-10-02,Clearly,LAT04,MAT-91309,EMP138621,54,2025-07-16,Pending,473231169,2025-07-17,Simply Injection,Begin,2025-07-17,EUR,1538645404,FO,PG36,NA01,632849587,2025-08-03,3,2024-09-14,Closed,CT-8015-GMQ,37,18,142,169,405,169,169
EA,1,3,Trinidad and Tobago,4212.31,23400.01,2025-01-14,Yes,Voice,Happy,We,Account,Yes,Generation,2025-02-02,785564625,Recent,Sign,60,After,GBP,Large,314777492,Samantha Aguilar,782649875,EA,2026-02-28,Pull,LAT04,MAT-45907,EMP509240,87,2025-01-13,Released,419199187,2025-01-14,Speech Patch,Forget,2025-01-14,USD,6656112598,FO,PG30,NA01,924507497,2025-02-02,1,2024-01-16,Open,CT-3472-PNG,15,25,25,25,344,25,25
EA,3,11,Bouvet Island (Bouvetoya),40848.9,3448.59,2025-03-16,Yes,Book,Record,I,Social,No,Business,2025-04-11,369888350,Special,Election,26,Town,EUR,Of,394095991,Gregory Pollard,827971362,EA,2025-07-03,Account,AP03,MAT-47986,EMP433075,69,2025-03-15,Pending,278019482,2025-03-16,Experience Tablet,Book,2025-03-16,EUR,5585418799,NB,PG45,EU01,449551685,2025-04-11,4,2026-07-15,Open,CT-4229-AWU,5,0,6,15,146,15,11
EA,1,3,United States of America,46226.62,29904.21,2025-01-15,Yes,Scene,Scene,Million,Present,No,Whom,2025-01-23,335224229,Behind,Spring,80,Director,EUR,Mouth,465325903,Shelly Mckenzie,399061320,EA,2026-11-04,Growth,AP03,MAT-37872,EMP932020,61,2025-01-14,Released,118078055,2025-01-15,Effort Capsule,Particularly,2025-01-15,EUR,3479625932,FO,PG60,NA01,840759058,2025-01-23,4,2024-06-19,Closed,CT-1816-RCG,87,229,229,281,200,281,278
EA,12,49,Sudan,32794.1,38679.45,2024-12-03,Yes,Participant,Building,Stage,Sea,No,Wait,2025-01-02,962160764,Music,Gas,26,Once,GBP,Interest,852922320,Ross Guerra,472745203,EA,2025-06-16,Mr,EU02,MAT-58266,EMP265746,69,2024-12-02,Pending,226488394,2024-12-03,Tree Injection,In,2024-12-03,USD,7401168721,NB,PG62,NA01,875511588,2025-01-02,1,2024-09-06,Open,CT-3228-ZKT,220,226,74,259,184,259,254
EA,12,51,Burundi,26741.05,21907.03,2024-12-18,No,Cultural,Hot,Cut,Conference,Yes,Speech,2024-12-31,372340575,Issue,Difficult,58,Charge,JPY,Land,955951280,Tonya Tucker,720983257,EA,2026-03-17,Size,AP03,MAT-46171,EMP245369,17,2024-12-17,Released,241402651,2024-12-18,Though Solution,Environmental,2024-12-18,USD,3543176155,FO,PG46,EU01,898134187,2024-12-31,3,2026-04-16,Closed,CT-3636-AVP,6,48,41,55,354,55,51
EA,10,40,Dominican Republic,48700.2,6477.17,2025-10-05,No,House,Hotel,Message,Always,Yes,Board,2025-10-23,171596579,Professional,By,75,White,JPY,On,781594564,Teresa Sanders,458683468,EA,2025-06-25,Life,EU02,MAT-14115,EMP341269,59,2025-10-04,Released,567383159,2025-10-05,Property Tablet,Road,2025-10-05,EUR,7183086624,NB,PG91,NA01,335688947,2025-10-23,2,2025-12-28,Closed,CT-1696-SCY,52,47,76,189,72,189,187
EA,11,48,Albania,49691.67,40194.36,2024-11-30,Yes,Build,It,Issue,Themselves,No,Call,2024-12-12,108681084,Main,Less,88,Method,JPY,Cup,929573411,James Fitzgerald,989585442,EA,2026-08-29,Use,EU02,MAT-31615,EMP232019,17,2024-11-29,Pending,970565687,2024-11-30,Trouble Capsule,After,2024-11-30,GBP,1352624292,NB,PG62,NA01,862009353,2024-12-12,2,2025-04-07,Closed,CT-9781-BYC,100,114,217,226,444,226,222
EA,2,7,Cuba,21125.85,16097.7,2025-02-12,No,Public,Huge,Campaign,Condition,Yes,Job,2025-03-03,176774127,Structure,Player,40,Report,JPY,High,955308332,Alexandra Jackson,520127235,EA,2025-04-16,Notice,US01,MAT-59372,EMP905360,90,2025-02-11,Released,443687492,2025-02-12,Issue Patch,Lead,2025-02-12,USD,3209017108,FO,PG49,EU01,126022896,2025-03-03,3,2025-11-13,Open,CT-7487-KNX,9,41,2,52,262,52,48
EA,6,23,Antarctica (the territory South of 60 deg S),28269.51,7727.21,2025-06-05,No,Kid,There,Area,Exist,Yes,Let,2025-07-04,722467033,Speech,Change,88,Town,GBP,Receive,120938542,Tiffany Black,876587049,EA,2025-09-24,Some,EU02,MAT-68176,EMP218203,28,2025-06-04,Released,595000610,2025-06-05,Treat Tablet,Medical,2025-06-05,GBP,2004010015,FO,PG36,EU01,623784350,2025-07-04,4,2026-09-18,Closed,CT-3230-HFO,43,34,151,154,232,154,151
EA,7,30,India,28632.1,38946.19,2025-07-26,Yes,It,Family,Focus,Parent,Yes,Front,2025-08-10,516721274,Much,Open,52,Officer,EUR,Discover,968914268,Jason Anderson,896275281,EA,2025-08-05,Part,EU02,MAT-58634,EMP123349,43,2025-07-25,Pending,725720791,2025-07-26,Impact Patch,Score,2025-07-26,USD,5286013796,FO,PG16,EU01,141371727,2025-08-10,5,2025-04-19,Open,CT-7047-GQC,33,22,8,64,151,64,63
EA,1,4,Trinidad and Tobago,17584.12,42401.33,2025-01-20,Yes,Old,Population,Receive,New,Yes,Nor,2025-01-31,702366645,Fish,Yeah,82,Party,USD,In,254039568,Andrew Miller,202768421,EA,2024-06-08,Also,US01,MAT-22152,EMP637567,65,2025-01-19,Released,163843800,2025-01-20,Culture Solution,Especially,2025-01-20,USD,5339208912,NB,PG20,EU01,367936929,2025-01-31,3,2025-08-26,Open,CT-3472-PNG,49,126,21,154,467,154,151
EA,5,19,Tanzania,32646.52,16926.22,2025-05-07,No,Four,Market,View,Happy,No,Husband,2025-05-25,977897879,Office,Democratic,21,Reflect,GBP,Ever,742489696,Michael Johnson,509213095,EA,2026-10-28,Special,AP03,MAT-49651,EMP886648,57,2025-05-06,Released,115970522,2025-05-07,High Injection,Exactly,2025-05-07,USD,6014378829,NB,PG73,NA01,433911667,2025-05-25,1,2026-06-01,Open,CT-9831-IEW,172,175,158,220,69,220,220
EA,4,16,Belize,31997.15,5460.34,2025-04-19,No,Turn,Trouble,Beat,Body,No,With,2025-05-01,802687667,Maybe,Service,88,Laugh,EUR,Entire,595693764,Melissa Neal,773206638,EA,2026-03-09,Modern,LAT04,MAT-82814,EMP209917,11,2025-04-18,Released,590982410,2025-04-19,Reduce Solution,Support,2025-04-19,GBP,6616622336,FO,PG41,EU01,135707786,2025-05-01,5,2024-08-29,Open,CT-3395-UCM,233,182,229,250,255,250,249
EA,6,24,Barbados,40631.98,1123.71,2025-06-11,No,Reason,How,Physical,No,No,Guess,2025-07-06,528328863,Alone,Goal,86,Put,JPY,Such,948504760,David Porter,775222603,EA,2026-07-16,Feel,EU02,MAT-55297,EMP874139,10,2025-06-10,Pending,135114989,2025-06-11,New Solution,Key,2025-06-11,GBP,8160108498,NB,PG48,NA01,520956836,2025-07-06,5,2025-06-19,Open,CT-1816-RCG,219,123,135,247,460,247,247
EA,7,30,Barbados,35381.76,11996.88,2025-07-23,Yes,Even,Though,Reality,Book,Yes,Professor,2025-08-11,474631562,Maybe,Certain,39,Well,JPY,Congress,472827314,Donna Duarte,327831126,EA,2026-02-12,Expect,AP03,MAT-37872,EMP587295,75,2025-07-22,Pending,236322142,2025-07-23,Effort Capsule,Yes,2025-07-23,USD,3745976975,NB,PG81,NA01,263646576,2025-08-11,5,2026-10-28,Closed,CT-1816-RCG,4,20,0,23,34,23,20
EA,11,48,Niger,33466.32,18980.74,2024-11-28,Yes,Grow,Discover,If,Somebody,No,Fire,2024-12-24,134484040,Increase,Occur,12,Exactly,USD,Friend,549394552,William Parks,456474608,EA,2026-01-19,Way,LAT04,MAT-66257,EMP216135,73,2024-11-27,Released,464718308,2024-11-28,Hundred Solution,Pull,2024-11-28,GBP,7893466623,FO,PG89,NA01,205736594,2024-12-24,3,2024-11-06,Open,CT-7484-BIH,80,130,188,206,500,206,202
EA,6,24,Haiti,34337.48,7764.93,2025-06-13,Yes,Ready,Main,Win,Know,Yes,Power,2025-07-12,730581195,Human,Popular,84,Early,GBP,Our,380017185,James Parks,811404409,EA,2025-04-26,Card,US01,MAT-78401,EMP293899,90,2025-06-12,Pending,632930946,2025-06-13,Expect Tablet,Believe,2025-06-13,USD,1093190780,NB,PG76,NA01,763800419,2025-07-12,2,2025-04-24,Open,CT-1696-SCY,101,96,204,241,470,241,238
EA,6,23,Niger,12282.58,6222.74,2025-06-05,Yes,Lose,Level,Usually,Girl,No,Decide,2025-06-14,140321819,Prove,Name,29,Watch,USD,They,387844709,Gregory Norman,839260453,EA,2025-07-07,Work,LAT04,MAT-66257,EMP435653,10,2025-06-04,Released,991891146,2025-06-05,Hundred Solution,Between,2025-06-05,USD,9385217774,FO,PG32,EU01,683418741,2025-06-14,2,2025-12-11,Open,CT-7484-BIH,130,32,171,270,325,270,265
EA,4,15,Central African Republic,11283.2,30704.65,2025-04-08,No,Say,Issue,Option,Professional,Yes,Language,2025-04-20,607204053,Project,Mother,88,Beat,USD,Probably,739777039,Samuel Hardy,439571613,EA,2026-02-10,Everybody,LAT04,MAT-22610,EMP174817,64,2025-04-07,Released,773887918,2025-04-08,Us Solution,Always,2025-04-08,GBP,3701026832,NB,PG74,EU01,294900558,2025-04-20,1,2024-12-07,Open,CT-9771-CZL,64,116,139,173,21,173,172
EA,2,6,Serbia,9292.11,2184.3,2025-02-08,Yes,Believe,Federal,Each,General,Yes,Necessary,2025-02-18,775293393,Value,Discussion,48,There,EUR,Base,908561440,Jessica White,983474939,EA,2026-04-14,Executive,US01,MAT-74459,EMP955222,53,2025-02-07,Released,685101803,2025-02-08,Memory Solution,Hair,2025-02-08,GBP,6511825791,NB,PG13,NA01,697848710,2025-02-18,4,2024-09-17,Open,CT-8015-GMQ,19,32,89,161,6,161,156
EA,2,6,Mauritius,28548.24,15038.44,2025-02-03,Yes,Else,Ground,Let,Increase,No,Himself,2025-03-03,954510768,Along,Beat,67,Begin,EUR,Dark,558103917,Cindy Perkins,182058175,EA,2026-06-30,Training,LAT04,MAT-53554,EMP939358,56,2025-02-02,Released,847286536,2025-02-03,They Capsule,Scene,2025-02-03,GBP,3406153667,FO,PG87,NA01,313471194,2025-03-03,1,2025-09-09,Open,CT-5014-EEP,4,51,8,51,483,51,48
EA,8,32,Haiti,32006.1,24030.85,2025-08-06,No,While,Well,Fish,For,Yes,Charge,2025-08-24,588910552,Language,Industry,27,Through,GBP,Over,570768075,Jacob Brock,557296892,EA,2024-02-10,Produce,EU02,MAT-14115,EMP701399,36,2025-08-05,Pending,127365713,2025-08-06,Property Tablet,Expect,2025-08-06,EUR,9524516443,NB,PG34,EU01,208404845,2025-08-24,3,2023-11-25,Closed,CT-1696-SCY,55,60,10,77,354,77,77
EA,9,40,Libyan Arab Jamahiriya,48846.44,20888.62,2025-09-29,No,Analysis,Statement,Fast,Represent,Yes,Money,2025-10-22,201143047,Media,Out,13,Himself,USD,Since,576488845,Sarah Luna,387367834,EA,2025-01-31,Article,EU02,MAT-68176,EMP130027,26,2025-09-28,Pending,904695261,2025-09-29,Treat Tablet,Manage,2025-09-29,USD,5314950664,NB,PG17,EU01,982950200,2025-10-22,3,2024-10-19,Closed,CT-3230-HFO,15,2,14,15,349,15,14
EA,5,20,Puerto Rico,42328.65,36468.03,2025-05-14,No,Or,Pressure,Should,Enough,No,Republican,2025-05-28,463662171,Hair,Source,19,Dinner,USD,Factor,142787269,David Salazar,681320009,EA,2024-04-15,End,EU02,MAT-32011,EMP204612,64,2025-05-13,Released,360731967,2025-05-14,Offer Tablet,This,2025-05-14,GBP,2065114756,NB,PG47,EU01,983883658,2025-05-28,1,2024-05-12,Open,CT-2004-PSX,232,224,258,275,59,275,273
EA,5,20,Sudan,1146.16,30905.61,2025-05-12,No,Factor,Fill,Maintain,Offer,Yes,Leave,2025-06-09,740859710,Go,Move,45,Agency,USD,Wife,331421227,Dr. Nathan Figueroa,274245149,EA,2023-11-14,Might,LAT04,MAT-53554,EMP291489,63,2025-05-11,Released,864924803,2025-05-12,They Capsule,Physical,2025-05-12,EUR,5931031677,NB,PG24,EU01,790183548,2025-06-09,2,2026-09-20,Open,CT-5014-EEP,36,18,167,229,456,229,228
EA,3,12,Mozambique,11446.34,33640.8,2025-03-22,No,I,Budget,Ready,Price,No,Picture,2025-04-11,930599714,Job,Movie,41,Congress,JPY,Two,885836697,Marissa Weiss,592530791,EA,2023-11-22,Head,EU02,MAT-82398,EMP514402,39,2025-03-21,Pending,788274855,2025-03-22,Range Solution,Those,2025-03-22,USD,8857735421,FO,PG86,NA01,508308500,2025-04-11,1,2024-05-23,Open,CT-8970-PLO,37,3,0,55,93,55,52
EA,6,25,Brunei Darussalam,10346.71,14337.13,2025-06-20,No,Heart,Tv,We,Take,Yes,Chance,2025-07-17,589641506,Second,Recent,19,Sort,JPY,Number,421146507,Bradley Bernard,171183741,EA,2025-05-08,Cost,US01,MAT-30745,EMP114610,67,2025-06-19,Released,554122249,2025-06-20,Indicate Patch,Several,2025-06-20,GBP,9597250523,FO,PG64,EU01,198897120,2025-07-17,3,2025-06-13,Open,CT-4229-AWU,0,8,243,299,402,299,298
EA,2,8,Azerbaijan,13262.24,13210.51,2025-02-23,Yes,With,Fear,System,Range,No,Single,2025-03-10,957432154,Certainly,Player,30,Sense,GBP,Wear,728504125,Lisa Walker,359903702,EA,2025-05-17,Over,LAT04,MAT-39627,EMP704505,90,2025-02-22,Pending,922966464,2025-02-23,Fund Tablet,Choice,2025-02-23,USD,3505619586,NB,PG17,NA01,903198991,2025-03-10,4,2024-10-14,Closed,CT-5014-EEP,123,48,21,170,375,170,167
EA,2,5,Burundi,33598.53,36316.79,2025-02-01,Yes,Air,Response,Without,Trip,No,Economic,2025-02-13,105792709,Them,Decision,82,Thought,JPY,Interest,576469447,Joseph Anderson,404703796,EA,2026-03-22,With,EU02,MAT-18458,EMP857815,62,2025-01-31,Pending,110341779,2025-02-01,Reason Tablet,Wear,2025-02-01,EUR,1526908109,FO,PG20,NA01,883787873,2025-02-13,5,2024-09-15,Open,CT-7487-KNX,34,30,11,73,398,73,73
EA,3,13,Thailand,15715.25,18583.55,2025-03-29,No,Kid,Bank,Hour,Store,No,Work,2025-04-14,861541433,Tv,Series,25,Some,GBP,Dark,773773094,Jennifer Thompson,314515781,EA,2025-11-28,Material,AP03,MAT-18409,EMP276194,40,2025-03-28,Released,954656491,2025-03-29,Commercial Tablet,End,2025-03-29,USD,1709521773,NB,PG19,NA01,617238241,2025-04-14,1,2026-04-06,Open,CT-3228-ZKT,125,42,145,237,359,237,237
EA,1,4,San Marino,5593.79,27309.75,2025-01-24,No,Positive,Likely,Then,Seek,Yes,Game,2025-02-07,347137806,Probably,Music,62,Group,USD,Name,109044090,Justin Patterson DDS,111521732,EA,2024-09-13,Base,EU02,MAT-47254,EMP595922,81,2025-01-23,Pending,510214947,2025-01-24,Article Tablet,Occur,2025-01-24,EUR,7269147130,FO,PG34,EU01,527558836,2025-02-07,2,2026-09-07,Open,CT-8742-ECD,64,33,236,247,322,247,245
EA,1,2,Central African Republic,26928.53,30643.31,2025-01-09,No,Last,Tree,Me,Read,Yes,Thousand,2025-01-19,611234815,Woman,Business,18,Strategy,USD,Become,427784738,Bradley Ryan,681723847,EA,2025-07-07,Rather,LAT04,MAT-93544,EMP854738,76,2025-01-08,Released,624094160,2025-01-09,Player Solution,Customer,2025-01-09,GBP,7659203080,FO,PG54,EU01,571020410,2025-01-19,1,2025-03-17,Closed,CT-9771-CZL,189,95,76,293,399,293,289
EA,7,30,Bouvet Island (Bouvetoya),17675.26,28182.89,2025-07-21,No,Near,Hospital,Really,Enough,No,International,2025-08-20,493078057,Either,Side,55,Customer,GBP,Bring,754820435,Amanda Wood,821751886,EA,2026-04-13,Others,EU02,MAT-40089,EMP803355,10,2025-07-20,Released,311835607,2025-07-21,Pull Patch,Democrat,2025-07-21,USD,4979938023,NB,PG15,NA01,313606612,2025-08-20,1,2023-12-03,Closed,CT-4229-AWU,15,44,12,51,391,51,49
EA,10,41,Nauru,15074.91,20434.74,2025-10-12,No,Development,Another,Would,Age,Yes,Outside,2025-10-30,234132071,Feel,Section,69,Public,JPY,Leg,627638968,Bryan Harris,971018471,EA,2024-05-28,Reality,EU02,MAT-15875,EMP847386,64,2025-10-11,Released,825412502,2025-10-12,Happy Solution,Reason,2025-10-12,USD,5259367945,NB,PG86,NA01,214484365,2025-10-30,1,2024-06-13,Closed,CT-8742-ECD,137,21,21,198,312,198,196
EA,7,31,United States of America,12179.68,37411.78,2025-07-31,No,Live,Collection,President,Street,Yes,Likely,2025-08-19,234818832,Teacher,Often,40,Smile,EUR,Knowledge,722013924,Wayne Perkins,985848841,EA,2025-06-25,Hundred,EU02,MAT-55297,EMP649369,61,2025-07-30,Pending,632599333,2025-07-31,New Solution,Discussion,2025-07-31,GBP,9864581628,FO,PG43,NA01,935453892,2025-08-19,5,2024-12-03,Closed,CT-1816-RCG,44,75,95,150,439,150,147
EA,6,24,Barbados,11246.69,7883.08,2025-06-11,Yes,Return,Above,And,Task,Yes,Foreign,2025-07-08,661650707,Pull,Modern,61,Officer,JPY,Best,625864880,Thomas Bright,685095154,EA,2026-05-17,Direction,AP03,MAT-37872,EMP775167,68,2025-06-10,Released,483880934,2025-06-11,Effort Capsule,Draw,2025-06-11,EUR,5091073183,NB,PG34,EU01,721731670,2025-07-08,1,2025-05-09,Open,CT-1816-RCG,68,21,69,101,61,101,99
EA,12,51,San Marino,38500.26,37662.73,2024-12-20,No,Large,Meet,Thousand,See,No,Knowledge,2025-01-08,706454939,Carry,Performance,66,Hand,EUR,Score,230104221,Latoya Johnson,231947632,EA,2026-02-21,Begin,LAT04,MAT-16848,EMP640178,39,2024-12-19,Pending,154617641,2024-12-20,Blue Patch,World,2024-12-20,GBP,5831963422,NB,PG34,EU01,414737529,2025-01-08,3,2024-12-28,Closed,CT-8742-ECD,8,27,11,28,444,28,26
EA,1,1,Barbados,13435.04,36281.7,2025-01-04,Yes,Manage,At,Available,Watch,Yes,Wonder,2025-01-14,275625607,Into,Arm,31,On,GBP,Economic,713613886,Jose Oliver,913788226,EA,2026-08-03,Common,AP03,MAT-37872,EMP834560,27,2025-01-03,Pending,598643895,2025-01-04,Effort Capsule,Born,2025-01-04,EUR,9224706482,FO,PG29,NA01,621695957,2025-01-14,4,2026-03-13,Open,CT-1816-RCG,72,51,147,213,13,213,209
EA,12,49,Barbados,18922.81,44747.3,2024-12-05,No,Test,Time,Shoulder,Statement,No,International,2024-12-15,888957617,With,Similar,67,Environment,EUR,Rich,593182486,Isabella Rowe,999333499,EA,2026-03-27,Way,AP03,MAT-37872,EMP665596,32,2024-12-04,Pending,409088037,2024-12-05,Effort Capsule,Owner,2024-12-05,GBP,7544674075,NB,PG47,NA01,679502033,2024-12-15,5,2024-07-04,Open,CT-1816-RCG,163,37,178,254,77,254,254
EA,10,43,Algeria,6132.22,908.03,2025-10-20,Yes,Food,In,Report,Size,Yes,Left,2025-11-09,216444015,Agreement,Itself,19,Describe,GBP,Future,280363213,Lisa Morgan,411081699,EA,2025-06-19,Now,AP03,MAT-42350,EMP702441,71,2025-10-19,Released,961731126,2025-10-20,Figure Capsule,Include,2025-10-20,GBP,1698182543,NB,PG96,NA01,663927528,2025-11-09,5,2026-08-13,Closed,CT-5806-JWO,122,141,81,234,256,234,229
EA,1,4,Barbados,20846.53,41600.46,2025-01-20,No,Skin,More,Whom,Worker,Yes,Well,2025-01-29,569572524,Exactly,View,31,Value,USD,Rather,277932427,Jordan Pearson,642848971,EA,2026-05-01,Year,LAT04,MAT-17085,EMP605521,56,2025-01-19,Released,286259703,2025-01-20,Myself Capsule,Knowledge,2025-01-20,USD,4898316631,NB,PG55,NA01,512923704,2025-01-29,1,2023-11-17,Closed,CT-6592-IDY,19,92,34,200,67,200,198
EA,10,40,Turkey,34162.78,39406.92,2025-10-05,No,After,Expect,Media,Dinner,Yes,Garden,2025-10-15,845633404,Reach,News,40,Prove,EUR,Almost,531780231,Brandy Smith,716115612,EA,2025-05-13,Poor,LAT04,MAT-82814,EMP983573,88,2025-10-04,Pending,980397963,2025-10-05,Reduce Solution,Term,2025-10-05,USD,8378672343,FO,PG28,EU01,898081634,2025-10-15,4,2026-04-26,Closed,CT-3395-UCM,7,8,0,11,275,11,8
EA,10,42,Moldova,24758.66,35799.98,2025-10-14,Yes,Argue,Professional,And,Only,Yes,Reflect,2025-10-25,342440039,Maintain,Feeling,18,Majority,JPY,Cold,499308214,Heather Anthony,398863389,EA,2024-01-21,Sort,AP03,MAT-98864,EMP779762,86,2025-10-13,Pending,901517678,2025-10-14,Positive Injection,Enjoy,2025-10-14,GBP,4578163482,FO,PG68,NA01,918375818,2025-10-25,4,2026-03-08,Open,CT-9781-BYC,29,41,147,169,15,169,164
EA,6,24,Belize,38429.24,26491.27,2025-06-10,Yes,Draw,Soon,Exactly,Friend,No,Short,2025-06-27,967162560,Threat,Season,43,First,USD,Reason,379617381,Christie Collier,880276268,EA,2025-10-08,Read,AP03,MAT-86168,EMP961440,50,2025-06-09,Released,222388778,2025-06-10,Run Solution,Politics,2025-06-10,USD,8224115449,NB,PG17,NA01,784209597,2025-06-27,3,2025-12-23,Closed,CT-6109-EDZ,101,6,87,113,94,113,110
EA,7,30,Barbados,41336.42,28047.87,2025-07-24,No,Manager,Third,Behind,Degree,Yes,Similar,2025-08-07,799620182,Republican,Leader,78,Authority,GBP,General,182756019,Kevin Casey,710610973,EA,2025-08-11,Son,EU02,MAT-55297,EMP183224,21,2025-07-23,Released,190110084,2025-07-24,New Solution,As,2025-07-24,EUR,2472548590,NB,PG13,NA01,484789641,2025-08-07,3,2024-02-21,Open,CT-1816-RCG,60,36,63,88,301,88,86
EA,1,5,Pitcairn Islands,21101.86,28517.15,2025-01-27,No,Top,Party,Painting,American,No,White,2025-02-05,465788969,Opportunity,Never,61,Growth,GBP,Project,588349247,Jeffrey Carlson,631763708,EA,2026-01-26,Later,US01,MAT-16627,EMP649047,50,2025-01-26,Pending,785855966,2025-01-27,Receive Patch,Administration,2025-01-27,EUR,6411172768,NB,PG47,NA01,357181244,2025-02-05,5,2024-07-11,Closed,CT-9831-IEW,13,10,1,13,459,13,8
EA,5,20,Jersey,20203.13,36281.61,2025-05-18,Yes,Family,In,Drug,Put,No,Particularly,2025-06-17,984014054,Own,Fact,40,Local,JPY,Social,382746217,Albert Hammond,937794717,EA,2026-08-17,Direction,AP03,MAT-49651,EMP706162,14,2025-05-17,Pending,413286541,2025-05-18,High Injection,Meet,2025-05-18,USD,3487067849,FO,PG81,EU01,148113590,2025-06-17,4,2026-01-21,Closed,CT-9831-IEW,103,131,140,162,275,162,160
EA,12,51,Switzerland,11826.43,29671.22,2024-12-16,Yes,Over,Star,Go,Clearly,Yes,Through,2025-01-01,811030597,Degree,Successful,71,Thank,JPY,Ability,481233051,Nathan Wong,413879563,EA,2024-06-25,Unit,AP03,MAT-54713,EMP481408,67,2024-12-15,Pending,271569754,2024-12-16,Free Solution,His,2024-12-16,GBP,8086146757,NB,PG56,NA01,831222010,2025-01-01,1,2026-07-13,Closed,CT-3230-HFO,22,12,25,40,417,40,37
EA,7,31,Philippines,2693.05,26850.49,2025-07-31,Yes,Old,Herself,Near,Mrs,No,Paper,2025-08-25,350757702,Wrong,Out,30,Night,JPY,Develop,169370837,James Chandler,989446862,EA,2025-02-14,Crime,US01,MAT-23246,EMP458502,76,2025-07-30,Pending,878015725,2025-07-31,Type Injection,Production,2025-07-31,EUR,1992067186,NB,PG22,EU01,140434665,2025-08-25,2,2025-06-28,Open,CT-8872-GKR,171,201,100,234,257,234,229
EA,2,7,Azerbaijan,49688.84,29869.93,2025-02-11,No,Huge,Center,Growth,Leader,Yes,Teach,2025-02-26,393503735,According,Administration,64,Company,EUR,Town,321200491,Denise Nash,817483551,EA,2025-10-16,Move,LAT04,MAT-16078,EMP501861,44,2025-02-10,Pending,316381422,2025-02-11,Stock Patch,Against,2025-02-11,GBP,6212536247,NB,PG25,EU01,248539968,2025-02-26,1,2026-11-06,Open,CT-9831-IEW,21,162,128,172,192,172,167
EA,6,24,San Marino,23548.44,8620.11,2025-06-10,No,Expect,Since,Everyone,Side,Yes,Check,2025-07-02,221980824,Important,Exist,61,Education,JPY,Discover,247181899,James Carson,513280872,EA,2025-10-10,Each,LAT04,MAT-16848,EMP725645,88,2025-06-09,Pending,367394228,2025-06-10,Blue Patch,There,2025-06-10,EUR,8261667448,NB,PG77,EU01,240853837,2025-07-02,1,2026-09-24,Open,CT-8742-ECD,19,69,49,70,442,70,70
EA,9,39,New Caledonia,24608.51,28781.96,2025-09-26,Yes,Amount,Day,Hot,Bit,Yes,To,2025-10-21,411141302,Expert,Item,12,Soldier,JPY,Part,155388287,Shane Lane,171742406,EA,2025-09-29,Share,AP03,MAT-47986,EMP568835,55,2025-09-25,Pending,236347653,2025-09-26,Experience Tablet,Hour,2025-09-26,GBP,7429186962,NB,PG27,EU01,630678951,2025-10-21,4,2025-12-08,Closed,CT-4229-AWU,86,98,18,124,65,124,119
EA,4,15,Bulgaria,12441.22,20573.19,2025-04-08,Yes,Technology,Left,Bit,Same,Yes,Set,2025-05-02,775100646,Talk,Address,17,Different,GBP,Class,836379026,Meagan Richardson,243222694,EA,2025-05-17,Radio,US01,MAT-81584,EMP603399,72,2025-04-07,Pending,897470990,2025-04-08,Set Solution,Determine,2025-04-08,USD,8674438060,NB,PG69,NA01,652681703,2025-05-02,5,2025-01-20,Open,CT-5806-JWO,15,17,2,102,165,102,99
EA,4,17,San Marino,49871.36,26821.04,2025-04-25,No,West,Give,Before,Someone,Yes,Baby,2025-05-04,793795828,Course,Real,41,Involve,EUR,As,602079736,Heather Hines,844468661,EA,2025-09-09,I,EU02,MAT-47254,EMP493761,46,2025-04-24,Pending,545204803,2025-04-25,Article Tablet,Spend,2025-04-25,USD,8123545150,NB,PG76,EU01,991974700,2025-05-04,4,2026-04-07,Closed,CT-8742-ECD,140,198,78,208,225,208,207
EA,3,13,Guinea-Bissau,18401.89,12265.45,2025-03-29,Yes,Foreign,Light,Whose,Including,Yes,Stock,2025-04-26,849000844,Boy,Kid,72,Watch,USD,Beautiful,881157786,Christopher Johnson,515117611,EA,2024-06-19,If,EU02,MAT-97442,EMP722156,81,2025-03-28,Released,125746797,2025-03-29,Common Patch,Personal,2025-03-29,GBP,4589661193,NB,PG29,EU01,518208659,2025-04-26,1,2023-12-13,Open,CT-2004-PSX,166,107,119,197,398,197,196
EA,10,41,Trinidad and Tobago,48608.26,20226.23,2025-10-07,No,Assume,Guy,Toward,We,Yes,Big,2025-10-14,699860126,Few,Less,36,Suggest,USD,Understand,405196269,Keith Holden,148946918,EA,2024-01-15,Billion,US01,MAT-84153,EMP308509,18,2025-10-06,Released,617906202,2025-10-07,Floor Patch,Audience,2025-10-07,GBP,9842679788,FO,PG20,EU01,374122283,2025-10-14,5,2024-07-30,Closed,CT-3472-PNG,44,190,185,247,223,247,246
EA,7,31,Liechtenstein,27268.43,7150.15,2025-07-29,No,Part,President,Just,Discussion,Yes,Service,2025-08-12,393254362,Behavior,Draw,55,Although,JPY,Bank,188616990,Kelsey James,364630701,EA,2025-03-12,Environment,US01,MAT-86920,EMP931721,63,2025-07-28,Pending,242606090,2025-07-29,Various Solution,Although,2025-07-29,GBP,7416406664,FO,PG80,EU01,231717809,2025-08-12,4,2026-10-29,Open,CT-8970-PLO,85,47,29,104,281,104,104
EA,10,43,Turkey,9874.57,14704.94,2025-10-21,No,Set,Movie,List,Tell,Yes,Remember,2025-11-08,563931564,Less,Large,19,Sister,EUR,Capital,396860931,Pam Banks,838460776,EA,2025-01-28,Keep,LAT04,MAT-33775,EMP571155,12,2025-10-20,Released,887537899,2025-10-21,Something Patch,See,2025-10-21,GBP,5612546310,FO,PG96,NA01,498063047,2025-11-08,4,2026-07-01,Open,CT-9831-IEW,8,2,30,34,276,34,33
EA,9,37,Sudan,25143.06,40454.87,2025-09-08,Yes,Summer,Stop,Training,Inside,No,Who,2025-09-25,977087839,Television,Light,15,Important,GBP,Week,855184735,John Mendez,589911629,EA,2024-07-18,Various,AP03,MAT-18409,EMP310692,81,2025-09-07,Released,645139644,2025-09-08,Commercial Tablet,Street,2025-09-08,GBP,7287670313,NB,PG91,EU01,297005891,2025-09-25,4,2024-09-30,Closed,CT-3228-ZKT,32,73,62,141,5,141,136
EA,3,11,Morocco,15197.18,40933.08,2025-03-15,Yes,Later,Huge,Like,Agreement,Yes,Certainly,2025-04-09,110882693,Mr,Today,53,Song,GBP,One,705249571,David Brandt,400073972,EA,2024-07-19,Director,LAT04,MAT-91309,EMP324920,50,2025-03-14,Released,818527842,2025-03-15,Simply Injection,Adult,2025-03-15,EUR,9319187728,NB,PG95,EU01,798512507,2025-04-09,2,2024-02-07,Closed,CT-8015-GMQ,12,35,8,49,461,49,45
EA,1,1,Switzerland,40451.72,30341.15,2025-01-01,Yes,Information,Cause,Or,Process,No,Simply,2025-01-14,776509027,Tough,Discuss,65,Message,USD,I,866368772,Benjamin Pierce,519046981,EA,2024-02-22,Two,US01,MAT-73628,EMP442780,40,2024-12-31,Pending,311389250,2025-01-01,Health Solution,Still,2025-01-01,GBP,8185561056,FO,PG53,EU01,235636132,2025-01-14,1,2024-11-17,Open,CT-3230-HFO,203,32,227,277,473,277,277
EA,1,1,Turkey,48628.26,16173.09,2025-01-04,No,Forward,Control,Night,Us,Yes,Staff,2025-02-01,604026185,Truth,Daughter,46,Like,JPY,Again,206625154,Bradley Hoover,603691180,EA,2026-03-06,Become,LAT04,MAT-82814,EMP965923,22,2025-01-03,Pending,109337964,2025-01-04,Reduce Solution,Call,2025-01-04,GBP,5568221606,NB,PG31,NA01,615958678,2025-02-01,4,2024-07-24,Closed,CT-3395-UCM,108,56,126,130,247,130,128
EA,1,4,Jordan,21706.8,24874.99,2025-01-25,Yes,Agency,Expect,Foot,Including,No,Manager,2025-02-21,190893742,Lot,Someone,37,Make,JPY,Hand,784173423,Larry Jordan,969925035,EA,2026-08-07,Physical,LAT04,MAT-53554,EMP792696,31,2025-01-24,Pending,866385180,2025-01-25,They Capsule,Soon,2025-01-25,USD,8865820713,FO,PG17,EU01,440006782,2025-02-21,2,2025-07-11,Open,CT-5014-EEP,60,131,168,275,480,275,271
EA,6,25,Algeria,12145.8,42484.79,2025-06-17,Yes,Wear,First,Town,View,No,Measure,2025-07-14,141714091,Within,Couple,74,Term,GBP,Appear,839782601,Vanessa Curry,838083173,EA,2024-02-09,Color,US01,MAT-81584,EMP470089,86,2025-06-16,Released,851890981,2025-06-17,Set Solution,Idea,2025-06-17,GBP,1411868660,NB,PG90,EU01,527082357,2025-07-14,4,2025-02-25,Closed,CT-5806-JWO,14,62,16,64,404,64,63
EA,8,34,Dominican Republic,18570.77,30729.79,2025-08-22,No,Media,Small,Seven,Spring,Yes,Include,2025-09-13,402104323,Control,Pretty,69,Indeed,GBP,Recently,280718400,Diane Bennett,174041248,EA,2024-05-20,Author,US01,MAT-78401,EMP544143,79,2025-08-21,Pending,766028670,2025-08-22,Expect Tablet,Few,2025-08-22,USD,2778685085,FO,PG72,NA01,817129513,2025-09-13,5,2025-11-10,Open,CT-1696-SCY,144,92,95,201,35,201,199
EA,12,51,Niger,33867.33,21364.71,2024-12-19,No,Herself,Indeed,Meeting,Once,Yes,Serve,2024-12-26,226906277,Police,Not,60,Lot,USD,Analysis,887051154,Kenneth Davis,277630333,EA,2026-03-18,Cover,EU02,MAT-18458,EMP848295,13,2024-12-18,Released,812348450,2024-12-19,Reason Tablet,Fish,2024-12-19,USD,5835047896,NB,PG61,NA01,535813327,2024-12-26,4,2025-09-29,Closed,CT-7487-KNX,50,148,54,177,25,177,174
EA,5,21,Haiti,13352.38,3394.58,2025-05-21,No,Wrong,Necessary,People,Financial,No,Suddenly,2025-06-18,274827409,Business,Them,88,This,EUR,Pressure,958380972,Jane Downs,861496155,EA,2024-10-16,Ago,US01,MAT-78401,EMP932912,29,2025-05-20,Pending,317162277,2025-05-21,Expect Tablet,Sit,2025-05-21,EUR,7213076895,FO,PG27,NA01,284135244,2025-06-18,2,2025-06-13,Closed,CT-1696-SCY,7,2,71,192,354,192,188
EA,1,3,Liechtenstein,40545.72,44772.93,2025-01-19,Yes,Support,Miss,Nature,Subject,Yes,Site,2025-02-02,561649393,Green,Edge,79,For,EUR,If,191852163,Laura Fowler,206042556,EA,2025-06-12,Or,EU02,MAT-82398,EMP986677,70,2025-01-18,Pending,994471274,2025-01-19,Range Solution,Each,2025-01-19,USD,3155809284,NB,PG18,EU01,156374974,2025-02-02,3,2025-06-28,Open,CT-8970-PLO,71,30,50,108,214,108,104
EA,2,6,Mozambique,27258.3,36259.26,2025-02-06,Yes,Any,Occur,Soon,Believe,No,Eat,2025-03-07,683343959,Nearly,Side,80,Serve,GBP,Way,882969745,Robert Chen,638797937,EA,2024-08-23,Else,US01,MAT-86920,EMP353706,80,2025-02-05,Released,480946298,2025-02-06,Various Solution,Share,2025-02-06,EUR,4221972572,FO,PG78,EU01,848290671,2025-03-07,2,2026-10-31,Closed,CT-8970-PLO,37,52,38,111,490,111,109
EA,1,2,Madagascar,22969.82,2963.61,2025-01-08,Yes,I,Center,Thank,Box,No,Treat,2025-01-16,918658838,When,Argue,57,Decade,EUR,From,134834282,Brandon Simpson,166794765,EA,2025-02-07,Pressure,US01,MAT-52579,EMP915740,31,2025-01-07,Released,537909568,2025-01-08,Cell Tablet,Blood,2025-01-08,GBP,6875938952,FO,PG94,EU01,957990335,2025-01-16,3,2025-08-05,Open,CT-6551-IBW,71,54,81,111,196,111,107
EA,11,47,Seychelles,9813.47,21740.97,2024-11-18,Yes,Into,Computer,Even,Meet,No,Size,2024-12-09,837650159,Part,Provide,35,Try,EUR,Half,538115444,Matthew Johnson,597609491,EA,2025-08-25,Kitchen,AP03,MAT-86168,EMP833315,44,2024-11-17,Pending,544100014,2024-11-18,Run Solution,Two,2024-11-18,USD,3777101068,FO,PG52,NA01,537165350,2024-12-09,3,2025-02-23,Open,CT-6109-EDZ,185,138,150,199,439,199,198
EA,3,12,Barbados,40582.39,11021.14,2025-03-21,No,Those,Although,Challenge,Community,Yes,Direction,2025-04-01,321989503,Society,Road,46,Western,JPY,Husband,571103249,Christopher Morgan,997124964,EA,2025-12-16,Usually,AP03,MAT-37872,EMP957920,52,2025-03-20,Released,863728612,2025-03-21,Effort Capsule,Until,2025-03-21,GBP,5952858928,NB,PG44,NA01,533298872,2025-04-01,5,2024-07-29,Open,CT-1816-RCG,96,63,152,171,466,171,170
EA,5,22,Cuba,26773.14,8779.57,2025-05-26,Yes,Woman,Activity,Stage,His,Yes,Language,2025-06-12,373216633,Area,Although,27,Successful,USD,Spring,326498019,Angela Mason,327506058,EA,2024-01-25,Onto,EU02,MAT-56157,EMP202669,49,2025-05-25,Pending,673245369,2025-05-26,Contain Solution,Together,2025-05-26,EUR,5617086968,NB,PG64,NA01,551542541,2025-06-12,2,2026-06-17,Open,CT-7487-KNX,49,51,3,89,458,89,85
EA,7,30,Albania,49496.56,27008.45,2025-07-23,Yes,Kid,It,Less,Threat,No,Season,2025-08-22,341141979,Always,Another,89,Reflect,GBP,Into,608422765,Devin Smith,415220289,EA,2024-07-08,Film,AP03,MAT-96156,EMP655263,22,2025-07-22,Released,191260686,2025-07-23,Compare Tablet,Opportunity,2025-07-23,USD,2352712800,FO,PG18,NA01,425193558,2025-08-22,3,2026-06-04,Closed,CT-9781-BYC,184,278,48,295,367,295,293
EA,12,1,Mozambique,16047.28,20741.01,2024-12-31,Yes,Exactly,Minute,Do,Entire,Yes,You,2025-01-29,742740751,Explain,Attack,19,Worry,GBP,Person,698458486,Allen Schwartz,880505332,EA,2025-02-05,Teach,EU02,MAT-82398,EMP842031,81,2024-12-30,Released,945364195,2024-12-31,Range Solution,Full,2024-12-31,GBP,3425898391,FO,PG84,NA01,475291909,2025-01-29,1,2025-03-22,Open,CT-8970-PLO,8,5,14,32,148,32,31
EA,10,41,Belgium,19064.49,21075.88,2025-10-06,No,Table,Probably,Five,Region,No,Safe,2025-10-31,532575823,Allow,Two,72,Set,GBP,Bag,206444968,Anthony Jacobson,706107858,EA,2026-06-05,Really,LAT04,MAT-66257,EMP843780,14,2025-10-05,Pending,846221867,2025-10-06,Hundred Solution,Myself,2025-10-06,GBP,3061867487,NB,PG73,NA01,993957259,2025-10-31,2,2025-02-27,Closed,CT-7484-BIH,62,98,43,119,122,119,118
EA,1,1,Libyan Arab Jamahiriya,45240.1,10904.73,2025-01-05,Yes,Professor,Degree,West,Forget,No,This,2025-01-15,362598287,Simple,Board,53,Source,JPY,Fund,152172571,Stephanie Greer,529242209,EA,2024-04-12,Real,US01,MAT-84153,EMP114302,15,2025-01-04,Released,757211143,2025-01-05,Floor Patch,Candidate,2025-01-05,USD,3090285528,FO,PG59,EU01,158379990,2025-01-15,3,2026-02-06,Open,CT-3472-PNG,217,178,70,233,72,233,229
EA,10,43,Guyana,12674.32,22465.17,2025-10-25,Yes,Fight,Can,Administration,Although,No,Across,2025-11-20,655822050,Price,Resource,49,Certain,EUR,Age,701701329,David Gutierrez,923503403,EA,2024-05-17,Firm,AP03,MAT-26378,EMP424254,48,2025-10-24,Pending,684881916,2025-10-25,Shake Tablet,Among,2025-10-25,EUR,2892010930,NB,PG66,NA01,158933876,2025-11-20,4,2024-08-04,Open,CT-5806-JWO,99,161,125,166,223,166,165
EA,1,5,Barbados,7096.4,27167.33,2025-01-27,Yes,Career,Born,Exist,Rest,No,Focus,2025-02-11,323593714,Dream,Nearly,73,Nation,USD,Speech,968582376,Angela Floyd,507188899,EA,2024-01-11,Increase,LAT04,MAT-49508,EMP605524,35,2025-01-26,Pending,867644207,2025-01-27,Able Patch,Class,2025-01-27,USD,9485975829,NB,PG84,NA01,692914535,2025-02-11,5,2024-10-29,Closed,CT-6592-IDY,4,43,1,54,332,54,49
EA,5,20,Anguilla,24969.62,22385.43,2025-05-13,Yes,Career,Staff,This,Road,Yes,Begin,2025-06-12,481892002,Husband,Nature,57,Return,GBP,Dinner,113516389,Cynthia Williams,409393763,EA,2025-06-04,Raise,US01,MAT-74459,EMP113602,39,2025-05-12,Released,109553198,2025-05-13,Memory Solution,Individual,2025-05-13,USD,6820947025,FO,PG26,NA01,719603006,2025-06-12,4,2024-09-26,Open,CT-8015-GMQ,2,15,26,71,102,71,70
EA,1,2,New Caledonia,11535.32,28679.61,2025-01-08,Yes,Wear,Theory,Loss,Party,Yes,Create,2025-02-03,391175292,Newspaper,Space,85,Parent,GBP,Reveal,965199863,Matthew Liu,853700981,EA,2024-04-16,Interesting,AP03,MAT-96156,EMP241241,51,2025-01-07,Released,596300522,2025-01-08,Compare Tablet,Dog,2025-01-08,EUR,6501980073,NB,PG77,EU01,968317482,2025-02-03,3,2025-02-20,Closed,CT-9781-BYC,46,193,240,296,141,296,294
EA,10,42,Liechtenstein,38993.56,18454.11,2025-10-16,No,Movie,Especially,Away,Full,No,Recently,2025-11-01,635466830,Full,Call,80,Unit,USD,Gas,602667693,Heather Smith,598645296,EA,2025-08-03,Upon,AP03,MAT-85304,EMP614727,71,2025-10-15,Pending,979070406,2025-10-16,Artist Solution,Must,2025-10-16,EUR,2494650395,NB,PG55,EU01,803796439,2025-11-01,2,2024-09-06,Open,CT-8970-PLO,7,9,8,13,250,13,11
EA,8,32,Cyprus,36728.14,38424.99,2025-08-09,Yes,Sure,Approach,Drug,Scene,Yes,Often,2025-08-31,411522057,Accept,House,36,Ask,USD,Situation,491623601,Aaron Ruiz,704847114,EA,2025-12-13,Policy,EU02,MAT-56157,EMP565033,75,2025-08-08,Pending,545496368,2025-08-09,Contain Solution,Happy,2025-08-09,USD,8005340958,NB,PG31,NA01,188654831,2025-08-31,2,2026-05-30,Open,CT-7487-KNX,107,265,176,293,194,293,293
EA,4,16,United States of America,13503.55,37250.35,2025-04-20,Yes,Support,Four,Maintain,Player,No,During,2025-05-11,547644793,Mr,Add,45,Anyone,USD,Particularly,505410134,Sabrina Jenkins,412046711,EA,2026-08-13,Writer,AP03,MAT-37872,EMP593459,10,2025-04-19,Released,754353059,2025-04-20,Effort Capsule,Individual,2025-04-20,GBP,5003721045,FO,PG64,NA01,464561297,2025-05-11,5,2025-04-26,Open,CT-1816-RCG,65,179,149,249,436,249,246
EA,11,45,Marshall Islands,24059.91,42057.99,2025-11-03,Yes,Book,Design,Meeting,Agreement,Yes,Hospital,2025-11-20,579967975,Per,Near,59,Very,JPY,Mother,214175113,Cynthia Harris,913790660,EA,2025-05-03,Hot,US01,MAT-74459,EMP478828,11,2025-11-02,Pending,795591852,2025-11-03,Memory Solution,Gun,2025-11-03,GBP,9207476461,NB,PG38,NA01,884684579,2025-11-20,2,2025-05-02,Closed,CT-8015-GMQ,95,64,121,214,358,214,212
EA,3,12,Libyan Arab Jamahiriya,17084.82,23811.19,2025-03-21,Yes,Nation,So,Perform,Central,No,Instead,2025-03-28,778940658,Million,Bad,15,Tough,EUR,Seven,826633763,Kayla Ray,458356914,EA,2024-11-22,Whose,LAT04,MAT-45907,EMP926084,82,2025-03-20,Released,356143134,2025-03-21,Speech Patch,Mean,2025-03-21,GBP,1741445368,NB,PG28,NA01,477337628,2025-03-28,3,2025-08-21,Closed,CT-3472-PNG,159,159,113,160,497,160,159
EA,9,39,Belize,8572.05,34368.03,2025-09-28,No,Final,Ten,Consider,Ask,Yes,Foreign,2025-10-07,785466640,Son,Star,41,Technology,EUR,Level,580430399,Deanna Hall,575424163,EA,2024-08-20,Strategy,LAT04,MAT-82814,EMP374490,11,2025-09-27,Pending,474952922,2025-09-28,Reduce Solution,Institution,2025-09-28,USD,1447612365,FO,PG27,EU01,966740550,2025-10-07,5,2026-03-12,Open,CT-3395-UCM,4,20,63,65,21,65,64
EA,2,6,Nicaragua,42199.75,4756.21,2025-02-06,No,Song,Color,Close,Discover,Yes,Book,2025-02-26,482639172,Oil,Guess,90,Paper,EUR,Bit,744618620,Larry Clarke MD,114187447,EA,2024-06-19,Each,AP03,MAT-46171,EMP869491,39,2025-02-05,Pending,187257687,2025-02-06,Though Solution,Discover,2025-02-06,GBP,8444871175,NB,PG34,NA01,197205224,2025-02-26,2,2024-08-09,Closed,CT-3636-AVP,19,25,8,131,287,131,128
EA,2,7,Anguilla,41768.6,43610.88,2025-02-10,Yes,Large,International,Activity,Century,No,Enjoy,2025-03-03,131235411,Southern,Radio,70,Such,GBP,Pm,446855201,John Meza,138215787,EA,2026-09-23,A,US01,MAT-74459,EMP431040,14,2025-02-09,Pending,314496364,2025-02-10,Memory Solution,Edge,2025-02-10,USD,3612009940,FO,PG47,EU01,298449653,2025-03-03,1,2025-05-21,Open,CT-8015-GMQ,49,45,178,196,363,196,191
EA,5,21,Ecuador,19984.99,44736.22,2025-05-23,Yes,Sit,Style,Third,Lot,Yes,Plan,2025-06-18,850925275,Order,Owner,58,Model,JPY,Nor,220519687,Karen Carter,197122402,EA,2023-11-17,Effect,EU02,MAT-40089,EMP592654,31,2025-05-22,Released,117028401,2025-05-23,Pull Patch,Garden,2025-05-23,USD,8432522862,NB,PG77,NA01,669309937,2025-06-18,2,2024-10-07,Open,CT-4229-AWU,2,63,56,97,137,97,94
EA,5,19,Libyan Arab Jamahiriya,25655.55,3972.76,2025-05-08,Yes,Interview,Type,Serve,Into,Yes,Operation,2025-06-01,175114260,Rate,Leave,83,Will,JPY,Would,406495378,Daniel Lyons,385351248,EA,2026-11-01,Admit,US01,MAT-84153,EMP197093,25,2025-05-07,Released,518430496,2025-05-08,Floor Patch,Head,2025-05-08,GBP,6407394843,FO,PG77,NA01,266092571,2025-06-01,2,2024-09-09,Open,CT-3472-PNG,125,68,25,171,452,171,171
EA,12,49,Anguilla,31199.6,16806.84,2024-12-03,No,Method,Marriage,Box,Hospital,No,Special,2024-12-30,818605314,If,Play,57,Majority,USD,Memory,649513834,Russell Bond,232578507,EA,2024-07-02,Data,US01,MAT-74459,EMP280432,80,2024-12-02,Pending,627570134,2024-12-03,Memory Solution,Book,2024-12-03,GBP,2219457457,FO,PG51,EU01,112425246,2024-12-30,3,2024-12-10,Closed,CT-8015-GMQ,158,198,206,227,16,227,226
EA,6,26,Moldova,36880.11,28280.05,2025-06-23,No,Various,Head,Short,Tonight,Yes,Table,2025-07-20,795033207,Happen,Space,23,Close,USD,Travel,781851538,Samantha Mccullough,925772727,EA,2025-10-27,Per,EU02,MAT-31615,EMP623106,15,2025-06-22,Released,788975346,2025-06-23,Trouble Capsule,Town,2025-06-23,GBP,9829929431,FO,PG78,NA01,857213901,2025-07-20,5,2025-04-29,Open,CT-9781-BYC,204,192,62,225,124,225,222
EA,3,9,Guyana,33178.53,8000.24,2025-03-02,No,Among,Cover,Each,Really,Yes,Forget,2025-03-10,921790437,Clear,Task,10,Employee,USD,Official,495338380,Diane Pacheco,857060208,EA,2026-05-31,Everything,US01,MAT-78401,EMP390652,20,2025-03-01,Released,753723191,2025-03-02,Expect Tablet,Near,2025-03-02,GBP,6652530821,NB,PG99,NA01,169304517,2025-03-10,5,2025-09-29,Closed,CT-1696-SCY,232,250,198,271,283,271,267
EA,7,27,Heard Island and McDonald Islands,11673.98,14016.71,2025-07-01,Yes,Morning,Successful,Give,Over,Yes,Instead,2025-07-11,200386271,Apply,Fear,75,Seek,EUR,Past,712772961,Joanna Evans,342035194,EA,2026-03-24,Question,EU02,MAT-74247,EMP919037,74,2025-06-30,Released,632540030,2025-07-01,Great Patch,Not,2025-07-01,EUR,4964431691,FO,PG18,EU01,353554470,2025-07-11,2,2026-01-04,Open,CT-7484-BIH,37,64,6,115,464,115,111
EA,11,48,Turkey,49868.74,34731.53,2024-11-28,Yes,Reach,Red,Forget,Enough,No,The,2024-12-20,492100162,Daughter,Process,83,Against,EUR,Actually,602792521,Billy Sellers,462881797,EA,2025-07-28,Prove,LAT04,MAT-16078,EMP606343,10,2024-11-27,Released,138565811,2024-11-28,Stock Patch,Trouble,2024-11-28,USD,1104767240,FO,PG70,EU01,145179193,2024-12-20,2,2023-11-13,Open,CT-9831-IEW,22,164,194,204,223,204,201
EA,4,17,Guinea-Bissau,8434.85,11359.35,2025-04-25,No,Himself,There,Professional,But,Yes,Science,2025-05-15,767521922,Girl,Range,55,Organization,EUR,Skill,349806588,Jessica Banks,594226090,EA,2024-07-18,Degree,EU02,MAT-97442,EMP472674,74,2025-04-24,Released,381974788,2025-04-25,Common Patch,Follow,2025-04-25,USD,1613541365,FO,PG69,EU01,500954307,2025-05-15,3,2023-12-05,Closed,CT-2004-PSX,39,112,103,218,134,218,218
EA,10,43,Hungary,49933.0,37119.68,2025-10-25,No,Exactly,Statement,Like,Defense,No,Magazine,2025-11-05,116423552,Voice,Hour,60,Social,USD,Economy,173587091,Lauren Nichols,613223484,EA,2026-04-22,Environment,US01,MAT-22108,EMP433357,90,2025-10-24,Pending,251153136,2025-10-25,Win Injection,Hope,2025-10-25,GBP,6566381306,NB,PG76,NA01,389973522,2025-11-05,2,2024-12-28,Closed,CT-6910-RDE,231,40,201,239,59,239,239
EA,6,26,Guam,37542.31,17434.05,2025-06-29,No,Pull,Leg,Family,Figure,No,Officer,2025-07-29,845459584,Analysis,Apply,84,Manager,GBP,Also,219510790,Maria White,489517411,EA,2025-08-28,Article,EU02,MAT-14039,EMP412712,89,2025-06-28,Pending,469071636,2025-06-29,Should Tablet,Travel,2025-06-29,EUR,3073689615,FO,PG57,NA01,572888252,2025-07-29,2,2024-03-10,Closed,CT-6109-EDZ,52,44,264,284,380,284,280
EA,4,16,Azerbaijan,17367.57,28250.78,2025-04-15,Yes,Those,East,Property,Paper,No,Marriage,2025-05-05,255678224,Morning,Congress,90,Couple,JPY,Community,147713213,Hannah Graves,506295059,EA,2025-09-12,Series,LAT04,MAT-22610,EMP930394,47,2025-04-14,Released,484349602,2025-04-15,Us Solution,If,2025-04-15,EUR,6846091554,FO,PG13,EU01,172365780,2025-05-05,1,2025-09-26,Closed,CT-9771-CZL,122,1,47,282,177,282,281
EA,6,24,Comoros,8331.6,35978.58,2025-06-11,No,Road,Now,Hard,Once,Yes,Imagine,2025-06-23,698385083,Market,Grow,77,Suggest,JPY,Cover,492712319,Stephanie Jones,696728222,EA,2025-02-15,Standard,AP03,MAT-30703,EMP171177,87,2025-06-10,Released,857673070,2025-06-11,Cold Injection,Song,2025-06-11,USD,3020944938,NB,PG28,NA01,334298832,2025-06-23,2,2025-07-12,Open,CT-3228-ZKT,223,196,255,295,189,295,290
EA,9,39,Nauru,47010.24,33731.38,2025-09-24,Yes,Ground,Relationship,Stand,Matter,Yes,Future,2025-10-07,183819675,Shoulder,Find,22,Research,EUR,Perhaps,573545466,Taylor Murphy,891441003,EA,2026-08-08,Pay,US01,MAT-47140,EMP214048,81,2025-09-23,Released,484105891,2025-09-24,Side Capsule,Box,2025-09-24,EUR,9016782498,FO,PG91,NA01,976020605,2025-10-07,1,2025-01-26,Open,CT-8742-ECD,23,9,28,39,284,39,39
EA,2,7,Niger,26239.19,2790.26,2025-02-11,Yes,End,Can,Example,Final,No,Agree,2025-02-23,767716591,Practice,Expect,44,Popular,JPY,Office,543900035,Richard Williamson,350838987,EA,2025-12-02,Free,EU02,MAT-56157,EMP805353,71,2025-02-10,Pending,174220603,2025-02-11,Contain Solution,Follow,2025-02-11,GBP,5884240173,FO,PG89,EU01,438316609,2025-02-23,3,2024-02-05,Open,CT-7487-KNX,7,26,3,35,460,35,31
EA,8,33,Cambodia,47506.01,30580.74,2025-08-14,Yes,Order,Boy,Certainly,Exactly,Yes,Respond,2025-08-24,915063445,Create,Number,19,Common,EUR,Series,300423784,Michael Fernandez,761086828,EA,2024-04-16,Professor,LAT04,MAT-66331,EMP387775,74,2025-08-13,Pending,658189808,2025-08-14,Step Solution,Story,2025-08-14,GBP,8390859393,NB,PG28,EU01,692198471,2025-08-24,1,2024-03-14,Open,CT-8872-GKR,276,130,220,293,235,293,291
EA,12,50,Nicaragua,31944.96,9781.39,2024-12-14,No,Network,Kitchen,News,Guy,Yes,Party,2025-01-04,523114378,How,Far,31,Special,GBP,Analysis,289081973,Rebecca Castillo,546246935,EA,2024-04-09,Game,US01,MAT-81584,EMP979531,69,2024-12-13,Released,767278311,2024-12-14,Set Solution,Require,2024-12-14,USD,8881397829,NB,PG58,NA01,411176782,2025-01-04,5,2024-03-16,Closed,CT-5806-JWO,87,43,107,176,414,176,176
EA,5,21,Barbados,3080.57,31849.77,2025-05-25,Yes,Weight,Especially,Majority,Certain,No,Country,2025-06-21,328200265,Different,Right,74,About,GBP,Positive,203442759,Angela Flores,877313369,EA,2024-11-27,Establish,AP03,MAT-37872,EMP936148,65,2025-05-24,Released,301647447,2025-05-25,Effort Capsule,Same,2025-05-25,USD,1460027936,FO,PG16,NA01,423456265,2025-06-21,3,2025-01-20,Open,CT-1816-RCG,40,49,153,222,455,222,220
EA,10,40,Grenada,34585.57,11234.79,2025-10-04,No,Agree,Should,But,Raise,Yes,Join,2025-10-12,273234599,Particularly,Peace,53,American,EUR,Major,261222866,Lisa Calderon,995271046,EA,2025-02-07,Budget,AP03,MAT-96156,EMP244575,75,2025-10-03,Released,127403205,2025-10-04,Compare Tablet,Explain,2025-10-04,GBP,5265565167,FO,PG23,NA01,827056744,2025-10-12,4,2024-12-17,Open,CT-9781-BYC,53,18,165,253,482,253,250
EA,2,8,Russian Federation,15359.47,3230.83,2025-02-22,Yes,Rate,Situation,Floor,Home,Yes,Particularly,2025-03-19,759251488,Many,Our,70,Everyone,GBP,Past,478559389,Dawn Maxwell,817853945,EA,2024-11-22,Left,AP03,MAT-93657,EMP329450,76,2025-02-21,Released,149073926,2025-02-22,Dog Patch,Study,2025-02-22,EUR,9426657112,NB,PG21,NA01,195031947,2025-03-19,1,2023-12-16,Closed,CT-6910-RDE,142,38,123,240,138,240,238
EA,10,44,Grenada,40885.2,10496.81,2025-10-27,No,Choose,Almost,Discuss,Food,Yes,All,2025-11-26,255501891,Music,Store,25,Director,GBP,Response,433404960,Michael Diaz,162638245,EA,2024-01-03,Bad,AP03,MAT-98864,EMP648058,83,2025-10-26,Released,601735136,2025-10-27,Positive Injection,Customer,2025-10-27,USD,1863720875,FO,PG68,EU01,776345484,2025-11-26,2,2024-05-05,Open,CT-9781-BYC,11,25,48,106,320,106,101
EA,9,39,Puerto Rico,47169.79,25195.34,2025-09-27,Yes,Cover,Window,Outside,Appear,Yes,Radio,2025-10-04,597080198,One,Foot,59,Throw,USD,Water,202036829,Jared Brewer,807043409,EA,2024-01-28,The,EU02,MAT-32011,EMP411306,26,2025-09-26,Pending,632953762,2025-09-27,Offer Tablet,President,2025-09-27,GBP,7258895554,NB,PG73,EU01,286237410,2025-10-04,1,2025-04-06,Closed,CT-2004-PSX,7,12,3,29,466,29,27
EA,1,1,British Virgin Islands,17446.24,17667.54,2025-01-03,No,Lead,Experience,Herself,Carry,No,Service,2025-01-26,544059503,Work,Pm,56,Also,EUR,Understand,544797648,Rebecca Wade,775573481,EA,2024-06-13,Million,LAT04,MAT-22610,EMP887995,45,2025-01-02,Pending,754700499,2025-01-03,Us Solution,Board,2025-01-03,USD,8146824467,FO,PG60,EU01,715023972,2025-01-26,1,2025-11-10,Open,CT-9771-CZL,64,7,23,73,254,73,73
EA,1,2,Anguilla,43693.02,41106.92,2025-01-12,Yes,General,Add,Order,Pretty,Yes,Father,2025-02-06,634542722,System,Rest,22,Dog,USD,Build,460683350,Kayla Arnold,229495639,EA,2024-08-11,Mention,US01,MAT-74459,EMP670325,38,2025-01-11,Pending,683304899,2025-01-12,Memory Solution,Knowledge,2025-01-12,EUR,3209067314,NB,PG52,EU01,827787195,2025-02-06,5,2025-10-24,Open,CT-8015-GMQ,50,25,36,93,441,93,92
EA,4,14,Pitcairn Islands,21811.56,38230.98,2025-04-05,No,Yet,Every,Person,Factor,Yes,Some,2025-05-01,981278656,Image,Continue,72,Consumer,EUR,Hour,919041041,Walter Scott,357244133,EA,2024-11-18,War,EU02,MAT-54383,EMP213493,17,2025-04-04,Pending,233950318,2025-04-05,Agency Injection,Matter,2025-04-05,GBP,2376298338,FO,PG26,EU01,980276059,2025-05-01,2,2025-04-20,Closed,CT-3636-AVP,96,182,95,225,448,225,225
EA,11,45,Cuba,28064.73,12405.93,2025-11-04,Yes,Know,Treatment,Production,Quite,Yes,Risk,2025-12-03,681476311,Animal,Tree,49,Mouth,GBP,Bit,502827022,Gloria Jensen,171076771,EA,2023-11-29,List,EU02,MAT-56157,EMP815793,23,2025-11-03,Pending,143675163,2025-11-04,Contain Solution,How,2025-11-04,USD,2648451089,NB,PG17,EU01,461344231,2025-12-03,5,2025-08-25,Open,CT-7487-KNX,42,79,141,170,175,170,169
EA,7,28,British Virgin Islands,25582.94,15532.14,2025-07-11,No,Run,Woman,Account,Radio,Yes,Form,2025-07-26,562484588,Democrat,Operation,75,East,EUR,Various,416937529,David Martin,164249039,EA,2025-11-16,Teach,LAT04,MAT-22610,EMP574781,87,2025-07-10,Released,251062035,2025-07-11,Us Solution,Inside,2025-07-11,GBP,3082456723,NB,PG80,EU01,685741259,2025-07-26,2,2025-09-25,Open,CT-9771-CZL,22,20,61,65,312,65,64
EA,1,5,Belize,22069.61,11487.92,2025-01-29,Yes,Fire,Herself,Their,Us,No,Just,2025-02-14,137509353,Bring,Campaign,15,Full,USD,Beat,455078930,Dana Hutchinson,857609847,EA,2024-08-18,Land,US01,MAT-40706,EMP775818,90,2025-01-28,Released,394462770,2025-01-29,Keep Capsule,Could,2025-01-29,GBP,9869125077,NB,PG42,EU01,235768164,2025-02-14,2,2025-06-01,Closed,CT-3395-UCM,137,86,25,226,194,226,222
EA,7,27,Madagascar,49232.86,12667.98,2025-07-04,Yes,Quite,Prevent,Institution,Cost,Yes,Describe,2025-07-16,927447423,Design,Body,51,Management,EUR,Consider,224171738,David Miller,933979022,EA,2026-06-09,Leg,US01,MAT-52579,EMP413497,81,2025-07-03,Released,709150952,2025-07-04,Cell Tablet,Reduce,2025-07-04,USD,4140064217,NB,PG65,EU01,165393643,2025-07-16,4,2026-01-30,Open,CT-6551-IBW,35,141,39,154,163,154,150
