name_v,filename_v,health_authority_division_c,type_v,status_v,approved_date_c,major_version_number_v,approver_v,lilly_receipt_date_c,clinical_study_v,ly_number_c,submission_outcome
Home Trial Submission,worry_1.pdf,MHRA,Protocol Amendment,In Review,2024-08-01,5,Jeffrey Fitzpatrick,2024-05-30,CT-2004-PSX,LY234379,Pending Questions
Home Trial Submission,perform_47.pdf,FDA,Protocol Amendment,Submitted,2024-11-12,6,Charles Hatfield,2024-12-05,CT-2004-PSX,LY735852,Accepted
Pay Study Submission,throw_99.pdf,FDA,ANDA,Approved,2024-01-29,3,Michael Walker,2024-04-04,CT-6592-IDY,LY767658,Accepted
Skin Trial Submission,heavy_34.pdf,PMDA,IND,Submitted,2025-08-01,6,Victor Reynolds,2025-08-11,CT-8970-PLO,LY403551,Pending Questions
Skin Trial Submission,among_10.pdf,FDA,CTA,Submitted,2025-07-06,6,Kim Strong,2025-06-06,CT-8970-PLO,LY217267,Pending Questions
Improve Trial Submission,direction_8.pdf,PMDA,Protocol Amendment,In Review,2025-06-02,2,Edgar Santiago,2024-01-11,CT-5806-JWO,LY781478,Accepted
Improve Trial Submission,front_61.pdf,PMDA,Protocol Amendment,Submitted,2024-01-11,2,Lauren Johnson,2023-11-25,CT-5806-JWO,LY615927,Accepted
Improve Trial Submission,over_28.pdf,PMDA,Protocol Amendment,Approved,2023-11-16,1,Lisa Nelson,2024-03-03,CT-5806-JWO,LY399036,Accepted
Past Trial Submission,each_94.pdf,EMA,ANDA,Submitted,2024-12-28,1,Elizabeth Simmons,2025-01-08,CT-8015-GMQ,LY978513,Pending Questions
Past Trial Submission,himself_92.pdf,EMA,Protocol Amendment,In Review,2024-12-30,5,Michael Macdonald,2024-12-06,CT-8015-GMQ,LY944982,Rejected
Reality Program Submission,public_23.pdf,PMDA,ANDA,Submitted,2024-12-28,2,Raymond Johnson,2025-02-10,CT-8872-GKR,LY807579,Rejected
Reality Program Submission,lot_64.pdf,PMDA,ANDA,Submitted,2023-11-21,3,Bonnie Taylor,2024-09-13,CT-8872-GKR,LY357024,Accepted
Miss Trial Submission,community_85.pdf,FDA,Protocol Amendment,Approved,2024-03-07,5,Donna Snyder,2024-01-27,CT-1696-SCY,LY907886,Rejected
Miss Trial Submission,skin_59.pdf,PMDA,CTA,Submitted,2025-11-29,3,Diane Duffy,2025-10-16,CT-1696-SCY,LY670470,Rejected
Both Program Submission,concern_81.pdf,MHRA,ANDA,Submitted,2025-03-31,2,Anthony Richards,2024-01-22,CT-3228-ZKT,LY251548,Rejected
Both Program Submission,free_95.pdf,PMDA,ANDA,Submitted,2025-10-20,4,Carlos Yates,2024-03-31,CT-3228-ZKT,LY519885,Accepted
Shake Study Submission,every_61.pdf,EMA,CTA,Approved,2025-05-28,6,Joe Morrison,2024-12-03,CT-6910-RDE,LY483744,Accepted
Shake Study Submission,view_39.pdf,MHRA,Protocol Amendment,Approved,2024-05-01,6,Kristy Jordan,2025-11-01,CT-6910-RDE,LY722737,Accepted
Compare Study Submission,care_90.pdf,FDA,IND,In Review,2024-04-07,2,Caroline Kim,2025-10-29,CT-8742-ECD,LY391023,Accepted
Compare Study Submission,door_9.pdf,PMDA,IND,Approved,2025-09-10,3,Wendy Robinson,2025-05-27,CT-8742-ECD,LY752535,Pending Questions
Compare Study Submission,bar_18.pdf,FDA,CTA,In Review,2024-10-03,3,David Terry,2024-01-03,CT-8742-ECD,LY575461,Accepted
Season Trial Submission,per_67.pdf,EMA,CTA,In Review,2024-06-08,6,Jonathan Snyder,2024-03-16,CT-7047-GQC,LY168034,Rejected
And Study Submission,collection_91.pdf,EMA,ANDA,Submitted,2024-04-02,5,Anna Jones,2024-01-22,CT-1816-RCG,LY199193,Rejected
And Study Submission,authority_58.pdf,PMDA,Protocol Amendment,Submitted,2025-04-16,2,Tyler Odonnell,2024-11-18,CT-1816-RCG,LY582187,Pending Questions
City Program Submission,health_84.pdf,EMA,CTA,Submitted,2025-02-13,4,James Collins,2024-09-10,CT-6109-EDZ,LY783975,Pending Questions
City Program Submission,network_91.pdf,EMA,ANDA,Submitted,2025-07-03,2,Melody Walsh,2025-08-29,CT-6109-EDZ,LY466360,Rejected
Myself Program Submission,one_12.pdf,MHRA,CTA,Approved,2025-04-25,6,Caitlin Jones,2024-02-17,CT-9831-IEW,LY613380,Rejected
Myself Program Submission,now_81.pdf,FDA,CTA,Approved,2025-08-29,3,Johnny Lewis,2025-07-11,CT-9831-IEW,LY825295,Pending Questions
Myself Program Submission,sister_98.pdf,PMDA,ANDA,Approved,2025-07-09,4,Jonathan Smith,2024-09-08,CT-9831-IEW,LY752584,Accepted
Majority Trial Submission,four_64.pdf,EMA,CTA,In Review,2025-08-08,2,Jerry Fernandez,2025-03-24,CT-3395-UCM,LY568630,Pending Questions
Majority Trial Submission,building_86.pdf,MHRA,ANDA,In Review,2025-04-01,5,Erika Harris,2025-01-01,CT-3395-UCM,LY591631,Rejected
Majority Trial Submission,stock_67.pdf,PMDA,IND,Submitted,2025-01-31,5,Julian Evans,2025-02-11,CT-3395-UCM,LY438173,Rejected
Front Study Submission,bad_71.pdf,FDA,CTA,Approved,2025-07-26,1,Charles Wallace,2025-01-20,CT-4229-AWU,LY555236,Pending Questions
Front Study Submission,do_69.pdf,MHRA,Protocol Amendment,In Review,2025-11-02,6,James Anderson,2024-08-17,CT-4229-AWU,LY111884,Pending Questions
Front Study Submission,wide_28.pdf,EMA,ANDA,In Review,2024-12-29,1,Kelsey Wilson,2024-06-20,CT-4229-AWU,LY136280,Rejected
Job Trial Submission,teacher_50.pdf,MHRA,Protocol Amendment,Approved,2025-03-15,6,Barbara Doyle,2024-05-13,CT-9771-CZL,LY476117,Rejected
Job Trial Submission,management_94.pdf,MHRA,IND,In Review,2025-06-30,3,Danielle Hughes,2024-09-23,CT-9771-CZL,LY871968,Accepted
Attorney Study Submission,window_19.pdf,EMA,Protocol Amendment,Approved,2025-09-28,4,Monique Long,2024-08-25,CT-5014-EEP,LY602004,Rejected
Attorney Study Submission,design_71.pdf,MHRA,CTA,In Review,2024-04-30,2,Cynthia Davis,2025-06-04,CT-5014-EEP,LY550980,Accepted
Attorney Study Submission,save_17.pdf,MHRA,IND,In Review,2024-04-23,3,Heather Bryan,2025-03-18,CT-5014-EEP,LY783527,Rejected
Wear Program Submission,head_81.pdf,EMA,IND,Submitted,2023-12-29,4,David Clark,2025-03-09,CT-3636-AVP,LY513977,Rejected
Wear Program Submission,deep_45.pdf,FDA,ANDA,Approved,2024-02-12,1,Dr. Thomas Robles,2024-05-04,CT-3636-AVP,LY888470,Accepted
Wear Program Submission,deep_59.pdf,EMA,IND,Submitted,2024-06-12,2,Tracy Arnold,2025-02-16,CT-3636-AVP,LY164254,Accepted
Member Trial Submission,southern_85.pdf,PMDA,CTA,In Review,2025-11-24,6,Kristin Walsh,2025-03-17,CT-7484-BIH,LY813742,Pending Questions
Recent Trial Submission,yeah_41.pdf,MHRA,ANDA,Submitted,2025-01-09,3,James Haynes,2024-12-16,CT-7487-KNX,LY509568,Accepted
Recent Trial Submission,avoid_80.pdf,MHRA,ANDA,In Review,2024-09-01,2,Lauren Little,2024-05-23,CT-7487-KNX,LY525760,Accepted
Recent Trial Submission,whether_90.pdf,MHRA,CTA,Approved,2024-11-12,5,Jennifer Smith,2023-12-28,CT-7487-KNX,LY929242,Accepted
Talk Trial Submission,consumer_93.pdf,PMDA,CTA,In Review,2025-04-12,3,Nicole Dorsey,2024-11-28,CT-3230-HFO,LY478396,Pending Questions
Camera Trial Submission,wish_1.pdf,EMA,Protocol Amendment,Approved,2024-11-07,2,Joseph Hunter,2024-01-17,CT-6551-IBW,LY530534,Pending Questions
Camera Trial Submission,hair_19.pdf,FDA,Protocol Amendment,In Review,2024-12-14,5,Kelly Smith,2024-07-02,CT-6551-IBW,LY136035,Accepted
Put Trial Submission,physical_3.pdf,FDA,Protocol Amendment,Submitted,2025-08-31,2,Amy Mcdonald,2024-10-10,CT-3472-PNG,LY504406,Accepted
Put Trial Submission,trip_76.pdf,FDA,ANDA,Submitted,2024-01-21,2,Angela Wang,2024-08-14,CT-3472-PNG,LY217008,Accepted
Put Trial Submission,back_83.pdf,PMDA,IND,Submitted,2024-10-31,2,Janice Martin,2024-10-30,CT-3472-PNG,LY602501,Pending Questions
None Trial Submission,then_69.pdf,EMA,IND,Submitted,2024-02-02,1,Ryan Rivera,2024-11-16,CT-9781-BYC,LY730051,Pending Questions
None Trial Submission,reveal_45.pdf,MHRA,IND,Approved,2025-11-18,1,Andrew Hamilton,2024-02-03,CT-9781-BYC,LY425687,Rejected
None Trial Submission,east_1.pdf,PMDA,Protocol Amendment,Approved,2025-07-28,6,Elizabeth Wallace,2023-11-26,CT-9781-BYC,LY608190,Rejected
