order_number,trial_alias,country_name,actual_qty,carrier_code,order_date,order_confirm_date,actual_ship_date,actual_delivery_date,shipment_addr_type,destination_addr_type,pod_activity_date,wh_id,requested_delivery_date,order_status,hu_id,tracking_number,from_country_name,fit_for_use,class_id,shipping_location,released_date_depot,ip_helper,shipment_prepare_duration,shipment_transit_duration,release_depot_duration,total_timeline
C87DA7B5-D02,CT-6910-RDE,Saint Kitts and Nevis,89,Kuehne+Nagel,2025-01-14,2025-01-15,2025-01-19,2025-01-30,Depot,Site,2025-02-01,WH-294,2025-02-09,Completed,HUL405116570,TRK25287292,Saint Kitts and Nevis,No,Frozen Storage,Coreyshire Logistics Center,2025-01-18,Coreyshire Logistics Center (Saint Kitts and Nevis),5,11,14,16
502EC192-A84,CT-3472-PNG,Saint Kitts and Nevis,60,UPS,2025-05-16,2025-05-17,2025-05-26,2025-06-07,Depot,Site,2025-06-09,WH-294,2025-06-09,Released,HUL215298958,TRK41716227,Saint Kitts and Nevis,Yes,Frozen Storage,Coreyshire Logistics Center,2025-05-22,Coreyshire Logistics Center (Saint Kitts and Nevis),10,12,18,22
D30AB6AE-A77,CT-8970-PLO,Saint Kitts and Nevis,90,UPS,2025-10-03,2025-10-04,2025-10-09,2025-10-16,Depot,Site,2025-10-17,WH-294,2025-10-23,In Progress,HUL689265771,TRK36226141,Saint Kitts and Nevis,Yes,Frozen Storage,Coreyshire Logistics Center,2025-10-08,Coreyshire Logistics Center (Saint Kitts and Nevis),6,7,9,13
93E2AB3B-625,CT-6109-EDZ,Saint Kitts and Nevis,219,Kuehne+Nagel,2025-06-07,2025-06-08,2025-06-10,2025-06-15,Depot,Site,2025-06-16,WH-294,2025-06-28,Completed,HUL376111581,TRK04267882,Saint Kitts and Nevis,Yes,Frozen Storage,Coreyshire Logistics Center,2025-06-09,Coreyshire Logistics Center (Saint Kitts and Nevis),3,5,7,8
49D908EC-D19,CT-8742-ECD,Saint Kitts and Nevis,138,FedEx,2025-06-21,2025-06-22,2025-06-27,2025-07-08,Depot,Site,2025-07-08,WH-294,2025-07-10,Closed,HUL959426068,TRK72484254,Saint Kitts and Nevis,No,Frozen Storage,Coreyshire Logistics Center,2025-06-26,Coreyshire Logistics Center (Saint Kitts and Nevis),6,11,12,17
7F8EA55C-605,CT-6910-RDE,Saint Kitts and Nevis,136,UPS,2024-12-14,2024-12-15,2024-12-22,2024-12-27,Depot,Site,2024-12-27,WH-294,2024-12-31,Created,HUL240423199,TRK52802566,Saint Kitts and Nevis,Yes,Frozen Storage,Coreyshire Logistics Center,2024-12-21,Coreyshire Logistics Center (Saint Kitts and Nevis),8,5,6,13
AB2CA71A-47C,CT-5014-EEP,Saint Kitts and Nevis,261,UPS,2024-12-07,2024-12-08,2024-12-14,2024-12-19,Depot,Site,2024-12-19,WH-294,2024-12-28,Created,HUL663041523,TRK79650212,Saint Kitts and Nevis,Yes,Frozen Storage,Coreyshire Logistics Center,2024-12-11,Coreyshire Logistics Center (Saint Kitts and Nevis),7,5,8,12
EA3FBE37-E91,CT-2004-PSX,Saint Kitts and Nevis,23,Kuehne+Nagel,2025-01-28,2025-01-29,2025-02-04,2025-02-18,Depot,Site,2025-02-19,WH-294,2025-02-06,Completed,HUL376123397,TRK08247301,Saint Kitts and Nevis,Yes,Frozen Storage,Coreyshire Logistics Center,2025-02-03,Coreyshire Logistics Center (Saint Kitts and Nevis),7,14,16,21
C2863B49-6B7,CT-9831-IEW,Saint Kitts and Nevis,289,UPS,2025-03-12,2025-03-13,2025-03-22,2025-03-28,Depot,Site,2025-03-30,WH-294,2025-04-06,Released,HUL992148573,TRK48385635,Saint Kitts and Nevis,No,Frozen Storage,Coreyshire Logistics Center,2025-03-18,Coreyshire Logistics Center (Saint Kitts and Nevis),10,6,12,16
7EA3E715-4EB,CT-7484-BIH,Saint Kitts and Nevis,30,UPS,2025-10-26,2025-10-27,2025-10-31,2025-11-07,Depot,Site,2025-11-09,WH-294,2025-11-20,Created,HUL803200011,TRK88862152,Saint Kitts and Nevis,No,Frozen Storage,Coreyshire Logistics Center,2025-10-27,Coreyshire Logistics Center (Saint Kitts and Nevis),5,7,13,12
F52B62BD-E91,CT-3395-UCM,Saint Kitts and Nevis,121,Kuehne+Nagel,2025-04-30,2025-05-01,2025-05-03,2025-05-09,Depot,Site,2025-05-10,WH-294,2025-05-13,Created,HUL970237663,TRK65515847,Saint Kitts and Nevis,No,Frozen Storage,Coreyshire Logistics Center,2025-04-30,Coreyshire Logistics Center (Saint Kitts and Nevis),3,6,10,9
D465FA61-668,CT-1696-SCY,Saint Kitts and Nevis,197,FedEx,2025-02-18,2025-02-19,2025-02-24,2025-03-10,Depot,Site,2025-03-10,WH-294,2025-03-04,Closed,HUL949940184,TRK40578109,Saint Kitts and Nevis,Yes,Frozen Storage,Coreyshire Logistics Center,2025-02-22,Coreyshire Logistics Center (Saint Kitts and Nevis),6,14,16,20
BAFF899E-7D4,CT-6592-IDY,Saint Kitts and Nevis,11,UPS,2024-11-19,2024-11-20,2024-11-29,2024-12-03,Depot,Site,2024-12-03,WH-294,2024-12-06,Closed,HUL364548530,TRK94946998,Saint Kitts and Nevis,No,Frozen Storage,Coreyshire Logistics Center,2024-11-27,Coreyshire Logistics Center (Saint Kitts and Nevis),10,4,6,14
082EC977-749,CT-3472-PNG,Saint Kitts and Nevis,242,FedEx,2025-09-04,2025-09-05,2025-09-13,2025-09-24,Depot,Site,2025-09-25,WH-294,2025-09-27,Closed,HUL987724064,TRK28185280,Saint Kitts and Nevis,No,Frozen Storage,Coreyshire Logistics Center,2025-09-12,Coreyshire Logistics Center (Saint Kitts and Nevis),9,11,13,20
1DE4A4D7-80D,CT-8742-ECD,Saint Kitts and Nevis,169,DHL,2025-10-20,2025-10-21,2025-10-23,2025-10-27,Depot,Site,2025-10-28,WH-294,2025-11-13,Released,HUL319721181,TRK20193885,Saint Kitts and Nevis,No,Frozen Storage,Coreyshire Logistics Center,2025-10-20,Coreyshire Logistics Center (Saint Kitts and Nevis),3,4,8,7
4FFC728A-450,CT-7487-KNX,Saint Kitts and Nevis,18,FedEx,2025-10-03,2025-10-04,2025-10-11,2025-10-18,Depot,Site,2025-10-19,WH-294,2025-10-16,In Progress,HUL853417975,TRK59830941,Saint Kitts and Nevis,Yes,Frozen Storage,Coreyshire Logistics Center,2025-10-10,Coreyshire Logistics Center (Saint Kitts and Nevis),8,7,9,15
BE0807F8-705,CT-6551-IBW,Saint Kitts and Nevis,170,Kuehne+Nagel,2025-04-08,2025-04-09,2025-04-18,2025-04-28,Depot,Site,2025-04-30,WH-294,2025-04-23,Released,HUL111022181,TRK26345981,Saint Kitts and Nevis,Yes,Frozen Storage,Coreyshire Logistics Center,2025-04-14,Coreyshire Logistics Center (Saint Kitts and Nevis),10,10,16,20
C863EED3-4DE,CT-9781-BYC,Saint Kitts and Nevis,106,DHL,2025-02-23,2025-02-24,2025-02-27,2025-03-13,Depot,Site,2025-03-13,WH-294,2025-03-24,Created,HUL490708756,TRK62947962,Saint Kitts and Nevis,No,Frozen Storage,Coreyshire Logistics Center,2025-02-26,Coreyshire Logistics Center (Saint Kitts and Nevis),4,14,15,18
1591A2AC-D6F,CT-9831-IEW,Saint Kitts and Nevis,14,Kuehne+Nagel,2024-12-27,2024-12-28,2024-12-31,2025-01-04,Depot,Site,2025-01-04,WH-294,2025-01-18,Released,HUL156995357,TRK67091302,Saint Kitts and Nevis,No,Frozen Storage,Coreyshire Logistics Center,2024-12-27,Coreyshire Logistics Center (Saint Kitts and Nevis),4,4,8,8
805781A7-E1A,CT-7484-BIH,Saint Kitts and Nevis,225,DHL,2025-04-11,2025-04-12,2025-04-18,2025-04-22,Depot,Site,2025-04-22,WH-294,2025-05-02,Completed,HUL481160342,TRK59828287,Saint Kitts and Nevis,Yes,Frozen Storage,Coreyshire Logistics Center,2025-04-17,Coreyshire Logistics Center (Saint Kitts and Nevis),7,4,5,11
13D53FD1-2EA,CT-8742-ECD,Saint Kitts and Nevis,15,UPS,2025-09-26,2025-09-27,2025-09-28,2025-10-02,Depot,Site,2025-10-03,WH-294,2025-10-09,In Progress,HUL950994029,TRK77763649,Saint Kitts and Nevis,No,Frozen Storage,Coreyshire Logistics Center,2025-09-25,Coreyshire Logistics Center (Saint Kitts and Nevis),2,4,8,6
354C0CEF-9FF,CT-3230-HFO,Saint Kitts and Nevis,66,WorldCourier,2025-03-14,2025-03-15,2025-03-17,2025-03-20,Depot,Site,2025-03-22,WH-294,2025-04-05,Completed,HUL267459218,TRK56994702,Saint Kitts and Nevis,Yes,Frozen Storage,Coreyshire Logistics Center,2025-03-14,Coreyshire Logistics Center (Saint Kitts and Nevis),3,3,8,6
48F49FFF-6F5,CT-8742-ECD,Saint Kitts and Nevis,75,FedEx,2024-12-12,2024-12-13,2024-12-22,2025-01-04,Depot,Site,2025-01-04,WH-294,2024-12-27,Released,HUL250694486,TRK91877581,Saint Kitts and Nevis,No,Frozen Storage,Coreyshire Logistics Center,2024-12-18,Coreyshire Logistics Center (Saint Kitts and Nevis),10,13,17,23
37399508-4AE,CT-2004-PSX,Saint Kitts and Nevis,236,FedEx,2025-10-15,2025-10-16,2025-10-21,2025-10-30,Depot,Site,2025-10-31,WH-294,2025-11-02,Closed,HUL307542922,TRK09863461,Saint Kitts and Nevis,Yes,Frozen Storage,Coreyshire Logistics Center,2025-10-19,Coreyshire Logistics Center (Saint Kitts and Nevis),6,9,12,15
9CBEBD35-414,CT-8970-PLO,Saint Kitts and Nevis,187,FedEx,2025-03-19,2025-03-20,2025-03-24,2025-04-07,Depot,Site,2025-04-09,WH-294,2025-03-30,Created,HUL808757528,TRK74064520,Saint Kitts and Nevis,No,Frozen Storage,Coreyshire Logistics Center,2025-03-22,Coreyshire Logistics Center (Saint Kitts and Nevis),5,14,18,19
0559EAA9-2EA,CT-6910-RDE,Saint Kitts and Nevis,53,DHL,2025-03-29,2025-03-30,2025-03-31,2025-04-13,Depot,Site,2025-04-14,WH-294,2025-04-22,In Progress,HUL968500740,TRK18200610,Saint Kitts and Nevis,No,Frozen Storage,Coreyshire Logistics Center,2025-03-29,Coreyshire Logistics Center (Saint Kitts and Nevis),2,13,16,15
AAD7229E-CD6,CT-8742-ECD,Saint Kitts and Nevis,208,DHL,2024-12-16,2024-12-17,2024-12-18,2024-12-24,Depot,Site,2024-12-26,WH-294,2025-01-07,Created,HUL559253290,TRK92255415,Saint Kitts and Nevis,Yes,Frozen Storage,Coreyshire Logistics Center,2024-12-16,Coreyshire Logistics Center (Saint Kitts and Nevis),2,6,10,8
7ECBBF33-951,CT-3636-AVP,Saint Kitts and Nevis,97,FedEx,2025-01-22,2025-01-23,2025-01-27,2025-02-07,Depot,Site,2025-02-07,WH-294,2025-02-16,Closed,HUL494155936,TRK76687186,Saint Kitts and Nevis,No,Frozen Storage,Coreyshire Logistics Center,2025-01-26,Coreyshire Logistics Center (Saint Kitts and Nevis),5,11,12,16
F892BADA-B88,CT-6551-IBW,Saint Kitts and Nevis,172,FedEx,2025-07-07,2025-07-08,2025-07-11,2025-07-14,Depot,Site,2025-07-16,WH-294,2025-07-24,In Progress,HUL906709050,TRK52103587,Saint Kitts and Nevis,Yes,Frozen Storage,Coreyshire Logistics Center,2025-07-07,Coreyshire Logistics Center (Saint Kitts and Nevis),4,3,9,7
216A0628-CE4,CT-8015-GMQ,Saint Kitts and Nevis,264,UPS,2025-06-24,2025-06-25,2025-07-03,2025-07-14,Depot,Site,2025-07-15,WH-294,2025-07-07,Closed,HUL350635472,TRK04134731,Saint Kitts and Nevis,No,Frozen Storage,Coreyshire Logistics Center,2025-06-30,Coreyshire Logistics Center (Saint Kitts and Nevis),9,11,15,20
661396B5-BE2,CT-3472-PNG,Saint Kitts and Nevis,264,Kuehne+Nagel,2025-05-14,2025-05-15,2025-05-17,2025-05-27,Depot,Site,2025-05-29,WH-294,2025-05-26,Released,HUL651850783,TRK58873277,Saint Kitts and Nevis,Yes,Frozen Storage,Coreyshire Logistics Center,2025-05-15,Coreyshire Logistics Center (Saint Kitts and Nevis),3,10,14,13
C1EDEFA4-014,CT-3636-AVP,Saint Kitts and Nevis,235,Kuehne+Nagel,2025-11-02,2025-11-03,2025-11-11,2025-11-21,Depot,Site,2025-11-22,WH-294,2025-11-27,Completed,HUL511972644,TRK82844697,Saint Kitts and Nevis,Yes,Frozen Storage,Coreyshire Logistics Center,2025-11-08,Coreyshire Logistics Center (Saint Kitts and Nevis),9,10,14,19
6779AAB3-F3B,CT-5014-EEP,Saint Kitts and Nevis,148,WorldCourier,2025-08-06,2025-08-07,2025-08-13,2025-08-22,Depot,Site,2025-08-24,WH-294,2025-09-04,Released,HUL253134328,TRK13120468,Saint Kitts and Nevis,Yes,Frozen Storage,Coreyshire Logistics Center,2025-08-11,Coreyshire Logistics Center (Saint Kitts and Nevis),7,9,13,16
C39FF96A-D71,CT-5014-EEP,Saint Kitts and Nevis,180,UPS,2025-05-13,2025-05-14,2025-05-19,2025-06-02,Depot,Site,2025-06-02,WH-294,2025-05-24,Released,HUL253391541,TRK37149722,Saint Kitts and Nevis,No,Frozen Storage,Coreyshire Logistics Center,2025-05-15,Coreyshire Logistics Center (Saint Kitts and Nevis),6,14,18,20
23447E8F-F1B,CT-6551-IBW,Saint Kitts and Nevis,128,FedEx,2025-07-17,2025-07-18,2025-07-20,2025-08-02,Depot,Site,2025-08-03,WH-294,2025-07-29,Created,HUL360069240,TRK12508277,Saint Kitts and Nevis,No,Frozen Storage,Coreyshire Logistics Center,2025-07-17,Coreyshire Logistics Center (Saint Kitts and Nevis),3,13,17,16
D620F7F5-660,CT-6592-IDY,Saint Kitts and Nevis,262,DHL,2025-03-20,2025-03-21,2025-03-25,2025-04-04,Depot,Site,2025-04-04,WH-294,2025-04-16,Created,HUL708662146,TRK37394704,Saint Kitts and Nevis,Yes,Frozen Storage,Coreyshire Logistics Center,2025-03-23,Coreyshire Logistics Center (Saint Kitts and Nevis),5,10,12,15
9D1D8DAF-160,CT-6551-IBW,Saint Kitts and Nevis,163,UPS,2024-12-24,2024-12-25,2024-12-31,2025-01-12,Depot,Site,2025-01-13,WH-294,2025-01-03,In Progress,HUL416021560,TRK67473515,Saint Kitts and Nevis,No,Frozen Storage,Coreyshire Logistics Center,2024-12-27,Coreyshire Logistics Center (Saint Kitts and Nevis),7,12,17,19
CCD65B39-FFB,CT-3228-ZKT,Saint Kitts and Nevis,33,UPS,2024-12-14,2024-12-15,2024-12-24,2024-12-28,Depot,Site,2024-12-30,WH-294,2025-01-11,Created,HUL606161931,TRK63397351,Saint Kitts and Nevis,No,Frozen Storage,Coreyshire Logistics Center,2024-12-22,Coreyshire Logistics Center (Saint Kitts and Nevis),10,4,8,14
D9F20807-A58,CT-1696-SCY,Saint Kitts and Nevis,107,FedEx,2025-03-17,2025-03-18,2025-03-19,2025-04-02,Depot,Site,2025-04-04,WH-294,2025-03-31,Created,HUL689917556,TRK64065429,Saint Kitts and Nevis,Yes,Frozen Storage,Coreyshire Logistics Center,2025-03-18,Coreyshire Logistics Center (Saint Kitts and Nevis),2,14,17,16
053A9347-DD8,CT-3636-AVP,Saint Kitts and Nevis,113,Kuehne+Nagel,2025-02-08,2025-02-09,2025-02-10,2025-02-23,Depot,Site,2025-02-25,WH-294,2025-02-25,Completed,HUL922590169,TRK98656968,Saint Kitts and Nevis,No,Frozen Storage,Coreyshire Logistics Center,2025-02-06,Coreyshire Logistics Center (Saint Kitts and Nevis),2,13,19,15
33A5606D-712,CT-6910-RDE,Saint Kitts and Nevis,249,FedEx,2025-05-15,2025-05-16,2025-05-21,2025-06-03,Depot,Site,2025-06-05,WH-294,2025-06-14,Released,HUL859113627,TRK35611593,Saint Kitts and Nevis,Yes,Frozen Storage,Coreyshire Logistics Center,2025-05-17,Coreyshire Logistics Center (Saint Kitts and Nevis),6,13,19,19
EC2064DF-354,CT-9771-CZL,Saint Kitts and Nevis,230,FedEx,2024-12-06,2024-12-07,2024-12-11,2024-12-15,Depot,Site,2024-12-16,WH-294,2024-12-13,Released,HUL728494033,TRK85419116,Saint Kitts and Nevis,Yes,Frozen Storage,Coreyshire Logistics Center,2024-12-09,Coreyshire Logistics Center (Saint Kitts and Nevis),5,4,7,9
C061C212-E16,CT-3230-HFO,Saint Kitts and Nevis,291,Kuehne+Nagel,2025-08-23,2025-08-24,2025-09-01,2025-09-07,Depot,Site,2025-09-08,WH-294,2025-09-02,In Progress,HUL706839613,TRK99397109,Saint Kitts and Nevis,Yes,Frozen Storage,Coreyshire Logistics Center,2025-08-30,Coreyshire Logistics Center (Saint Kitts and Nevis),9,6,9,15
333F654A-085,CT-7487-KNX,Saint Kitts and Nevis,45,FedEx,2025-07-20,2025-07-21,2025-07-23,2025-07-30,Depot,Site,2025-07-30,WH-294,2025-08-08,Closed,HUL779366564,TRK01662585,Saint Kitts and Nevis,Yes,Frozen Storage,Coreyshire Logistics Center,2025-07-22,Coreyshire Logistics Center (Saint Kitts and Nevis),3,7,8,10
91976714-574,CT-6910-RDE,Saint Kitts and Nevis,235,FedEx,2025-07-26,2025-07-27,2025-07-31,2025-08-03,Depot,Site,2025-08-04,WH-294,2025-08-10,Created,HUL634470053,TRK73052219,Saint Kitts and Nevis,No,Frozen Storage,Coreyshire Logistics Center,2025-07-29,Coreyshire Logistics Center (Saint Kitts and Nevis),5,3,6,8
43A721B6-D4D,CT-8872-GKR,Saint Kitts and Nevis,243,WorldCourier,2025-09-25,2025-09-26,2025-10-01,2025-10-11,Depot,Site,2025-10-12,WH-294,2025-10-15,Released,HUL330644688,TRK04758245,Saint Kitts and Nevis,Yes,Frozen Storage,Coreyshire Logistics Center,2025-09-27,Coreyshire Logistics Center (Saint Kitts and Nevis),6,10,15,16
CDED8377-18B,CT-3472-PNG,Saint Kitts and Nevis,181,DHL,2025-06-30,2025-07-01,2025-07-04,2025-07-12,Depot,Site,2025-07-14,WH-294,2025-07-28,In Progress,HUL581941580,TRK34020872,Saint Kitts and Nevis,Yes,Frozen Storage,Coreyshire Logistics Center,2025-07-03,Coreyshire Logistics Center (Saint Kitts and Nevis),4,8,11,12
E1DECF3D-AD6,CT-7487-KNX,Saint Kitts and Nevis,199,WorldCourier,2025-03-16,2025-03-17,2025-03-24,2025-04-06,Depot,Site,2025-04-08,WH-294,2025-04-15,Closed,HUL703212865,TRK63921748,Saint Kitts and Nevis,No,Frozen Storage,Coreyshire Logistics Center,2025-03-20,Coreyshire Logistics Center (Saint Kitts and Nevis),8,13,19,21
F5EA0FB0-86D,CT-3230-HFO,Saint Kitts and Nevis,143,WorldCourier,2025-04-03,2025-04-04,2025-04-09,2025-04-20,Depot,Site,2025-04-21,WH-294,2025-04-18,Closed,HUL784864186,TRK55779542,Saint Kitts and Nevis,Yes,Frozen Storage,Coreyshire Logistics Center,2025-04-08,Coreyshire Logistics Center (Saint Kitts and Nevis),6,11,13,17
A66ABC3D-ED8,CT-9831-IEW,Saint Kitts and Nevis,169,FedEx,2025-10-14,2025-10-15,2025-10-22,2025-11-03,Depot,Site,2025-11-04,WH-294,2025-10-24,In Progress,HUL754716936,TRK08674604,Saint Kitts and Nevis,Yes,Frozen Storage,Coreyshire Logistics Center,2025-10-19,Coreyshire Logistics Center (Saint Kitts and Nevis),8,12,16,20
95696318-323,CT-3228-ZKT,Saint Kitts and Nevis,122,WorldCourier,2025-01-04,2025-01-05,2025-01-10,2025-01-20,Depot,Site,2025-01-20,WH-294,2025-01-29,Created,HUL554051548,TRK75953977,Saint Kitts and Nevis,Yes,Frozen Storage,Coreyshire Logistics Center,2025-01-06,Coreyshire Logistics Center (Saint Kitts and Nevis),6,10,14,16
A7AEB7DC-2CF,CT-5014-EEP,Saint Kitts and Nevis,206,WorldCourier,2025-07-15,2025-07-16,2025-07-23,2025-07-26,Depot,Site,2025-07-26,WH-294,2025-07-23,In Progress,HUL486869459,TRK23537183,Saint Kitts and Nevis,Yes,Frozen Storage,Coreyshire Logistics Center,2025-07-21,Coreyshire Logistics Center (Saint Kitts and Nevis),8,3,5,11
D4D67F91-29D,CT-9831-IEW,Saint Kitts and Nevis,93,WorldCourier,2025-02-23,2025-02-24,2025-02-25,2025-03-07,Depot,Site,2025-03-07,WH-294,2025-03-20,Released,HUL655404190,TRK98252562,Saint Kitts and Nevis,Yes,Frozen Storage,Coreyshire Logistics Center,2025-02-21,Coreyshire Logistics Center (Saint Kitts and Nevis),2,10,14,12
06816510-E5D,CT-8970-PLO,Saint Kitts and Nevis,93,FedEx,2025-08-03,2025-08-04,2025-08-08,2025-08-16,Depot,Site,2025-08-16,WH-294,2025-08-16,Closed,HUL555537273,TRK89483640,Saint Kitts and Nevis,No,Frozen Storage,Coreyshire Logistics Center,2025-08-06,Coreyshire Logistics Center (Saint Kitts and Nevis),5,8,10,13
1466B603-499,CT-8015-GMQ,Saint Kitts and Nevis,227,Kuehne+Nagel,2024-12-02,2024-12-03,2024-12-08,2024-12-18,Depot,Site,2024-12-19,WH-294,2024-12-24,Released,HUL364845323,TRK54635093,Saint Kitts and Nevis,No,Frozen Storage,Coreyshire Logistics Center,2024-12-05,Coreyshire Logistics Center (Saint Kitts and Nevis),6,10,14,16
092A544D-1B7,CT-9781-BYC,Saint Kitts and Nevis,279,FedEx,2025-03-07,2025-03-08,2025-03-13,2025-03-17,Depot,Site,2025-03-17,WH-294,2025-03-23,Completed,HUL940696968,TRK79226793,Saint Kitts and Nevis,Yes,Frozen Storage,Coreyshire Logistics Center,2025-03-11,Coreyshire Logistics Center (Saint Kitts and Nevis),6,4,6,10
D991D9F7-CFE,CT-7487-KNX,Saint Kitts and Nevis,205,UPS,2025-07-18,2025-07-19,2025-07-25,2025-07-31,Depot,Site,2025-07-31,WH-294,2025-08-11,Released,HUL465039801,TRK80642396,Saint Kitts and Nevis,No,Frozen Storage,Coreyshire Logistics Center,2025-07-22,Coreyshire Logistics Center (Saint Kitts and Nevis),7,6,9,13
79E2FD5B-55E,CT-8742-ECD,Saint Kitts and Nevis,34,DHL,2025-10-18,2025-10-19,2025-10-25,2025-10-28,Depot,Site,2025-10-30,WH-294,2025-10-26,Created,HUL453750227,TRK68317088,Saint Kitts and Nevis,Yes,Frozen Storage,Coreyshire Logistics Center,2025-10-21,Coreyshire Logistics Center (Saint Kitts and Nevis),7,3,9,10
B8C67610-950,CT-9771-CZL,Saint Kitts and Nevis,259,DHL,2025-06-16,2025-06-17,2025-06-26,2025-07-07,Depot,Site,2025-07-09,WH-294,2025-07-11,Released,HUL339947950,TRK48027343,Saint Kitts and Nevis,No,Frozen Storage,Coreyshire Logistics Center,2025-06-22,Coreyshire Logistics Center (Saint Kitts and Nevis),10,11,17,21
9E01693A-016,CT-3472-PNG,Saint Kitts and Nevis,247,WorldCourier,2025-07-24,2025-07-25,2025-08-01,2025-08-09,Depot,Site,2025-08-11,WH-294,2025-08-12,Completed,HUL207263517,TRK42589592,Saint Kitts and Nevis,Yes,Frozen Storage,Coreyshire Logistics Center,2025-07-31,Coreyshire Logistics Center (Saint Kitts and Nevis),8,8,11,16
6C1C5C9C-E11,CT-5806-JWO,Saint Kitts and Nevis,21,UPS,2025-08-04,2025-08-05,2025-08-10,2025-08-14,Depot,Site,2025-08-16,WH-294,2025-08-22,Closed,HUL800743976,TRK07669337,Saint Kitts and Nevis,No,Frozen Storage,Coreyshire Logistics Center,2025-08-07,Coreyshire Logistics Center (Saint Kitts and Nevis),6,4,9,10
43F442CA-654,CT-7487-KNX,Saint Kitts and Nevis,287,Kuehne+Nagel,2025-01-29,2025-01-30,2025-02-02,2025-02-07,Depot,Site,2025-02-09,WH-294,2025-02-05,Closed,HUL722669849,TRK85949399,Saint Kitts and Nevis,No,Frozen Storage,Coreyshire Logistics Center,2025-01-30,Coreyshire Logistics Center (Saint Kitts and Nevis),4,5,10,9
19165D8C-A56,CT-5806-JWO,Saint Kitts and Nevis,119,DHL,2025-01-15,2025-01-16,2025-01-22,2025-02-03,Depot,Site,2025-02-05,WH-294,2025-02-07,Created,HUL204836315,TRK06934144,Saint Kitts and Nevis,Yes,Frozen Storage,Coreyshire Logistics Center,2025-01-21,Coreyshire Logistics Center (Saint Kitts and Nevis),7,12,15,19
84747643-3B7,CT-5014-EEP,Saint Kitts and Nevis,25,Kuehne+Nagel,2025-09-17,2025-09-18,2025-09-22,2025-09-26,Depot,Site,2025-09-28,WH-294,2025-10-03,Created,HUL430984802,TRK50968865,Saint Kitts and Nevis,No,Frozen Storage,Coreyshire Logistics Center,2025-09-18,Coreyshire Logistics Center (Saint Kitts and Nevis),5,4,10,9
1237E7EE-E08,CT-5014-EEP,Saint Kitts and Nevis,27,Kuehne+Nagel,2025-03-26,2025-03-27,2025-04-05,2025-04-12,Depot,Site,2025-04-12,WH-294,2025-04-14,Created,HUL692089877,TRK82984294,Saint Kitts and Nevis,Yes,Frozen Storage,Coreyshire Logistics Center,2025-04-02,Coreyshire Logistics Center (Saint Kitts and Nevis),10,7,10,17
423FCCAC-9C3,CT-3395-UCM,Saint Kitts and Nevis,34,Kuehne+Nagel,2024-12-08,2024-12-09,2024-12-14,2024-12-26,Depot,Site,2024-12-28,WH-294,2024-12-16,Released,HUL706263116,TRK98666046,Saint Kitts and Nevis,No,Frozen Storage,Coreyshire Logistics Center,2024-12-10,Coreyshire Logistics Center (Saint Kitts and Nevis),6,12,18,18
9313CC9E-3F2,CT-4229-AWU,Saint Kitts and Nevis,60,UPS,2024-12-15,2024-12-16,2024-12-19,2024-12-24,Depot,Site,2024-12-24,WH-294,2025-01-04,Closed,HUL752056890,TRK12603064,Saint Kitts and Nevis,Yes,Frozen Storage,Coreyshire Logistics Center,2024-12-17,Coreyshire Logistics Center (Saint Kitts and Nevis),4,5,7,9
6EDC0958-393,CT-7047-GQC,Saint Kitts and Nevis,189,Kuehne+Nagel,2025-01-28,2025-01-29,2025-02-01,2025-02-06,Depot,Site,2025-02-07,WH-294,2025-02-14,Released,HUL247381579,TRK66564554,Saint Kitts and Nevis,Yes,Frozen Storage,Coreyshire Logistics Center,2025-01-31,Coreyshire Logistics Center (Saint Kitts and Nevis),4,5,7,9
3927BB78-AC5,CT-6592-IDY,Saint Kitts and Nevis,228,FedEx,2025-03-22,2025-03-23,2025-03-31,2025-04-03,Depot,Site,2025-04-05,WH-294,2025-04-03,In Progress,HUL986721536,TRK95913919,Saint Kitts and Nevis,Yes,Frozen Storage,Coreyshire Logistics Center,2025-03-30,Coreyshire Logistics Center (Saint Kitts and Nevis),9,3,6,12
71D8D50F-7AE,CT-9831-IEW,Saint Kitts and Nevis,191,DHL,2025-06-28,2025-06-29,2025-07-06,2025-07-19,Depot,Site,2025-07-19,WH-294,2025-07-19,Closed,HUL197382288,TRK17033976,Saint Kitts and Nevis,No,Frozen Storage,Coreyshire Logistics Center,2025-07-05,Coreyshire Logistics Center (Saint Kitts and Nevis),8,13,14,21
16279966-43F,CT-3230-HFO,Saint Kitts and Nevis,152,DHL,2024-11-30,2024-12-01,2024-12-03,2024-12-10,Depot,Site,2024-12-10,WH-294,2024-12-16,Completed,HUL462442421,TRK15595067,Saint Kitts and Nevis,No,Frozen Storage,Coreyshire Logistics Center,2024-12-02,Coreyshire Logistics Center (Saint Kitts and Nevis),3,7,8,10
3B0FDA9F-884,CT-9831-IEW,Saint Kitts and Nevis,251,UPS,2025-07-30,2025-07-31,2025-08-09,2025-08-18,Depot,Site,2025-08-19,WH-294,2025-08-13,In Progress,HUL878661000,TRK93824148,Saint Kitts and Nevis,No,Frozen Storage,Coreyshire Logistics Center,2025-08-08,Coreyshire Logistics Center (Saint Kitts and Nevis),10,9,11,19
A7510327-2D1,CT-3636-AVP,Saint Kitts and Nevis,163,UPS,2025-05-21,2025-05-22,2025-05-27,2025-06-08,Depot,Site,2025-06-08,WH-294,2025-06-01,Created,HUL874100587,TRK16865747,Saint Kitts and Nevis,No,Frozen Storage,Coreyshire Logistics Center,2025-05-25,Coreyshire Logistics Center (Saint Kitts and Nevis),6,12,14,18
CE77A960-CDA,CT-7047-GQC,Saint Kitts and Nevis,282,Kuehne+Nagel,2025-04-24,2025-04-25,2025-05-04,2025-05-09,Depot,Site,2025-05-11,WH-294,2025-05-11,Completed,HUL342791177,TRK55075290,Saint Kitts and Nevis,Yes,Frozen Storage,Coreyshire Logistics Center,2025-05-02,Coreyshire Logistics Center (Saint Kitts and Nevis),10,5,9,15
13D23ECC-032,CT-4229-AWU,Saint Kitts and Nevis,255,UPS,2025-09-20,2025-09-21,2025-09-28,2025-10-08,Depot,Site,2025-10-09,WH-294,2025-09-29,Closed,HUL963571345,TRK16328766,Saint Kitts and Nevis,No,Frozen Storage,Coreyshire Logistics Center,2025-09-27,Coreyshire Logistics Center (Saint Kitts and Nevis),8,10,12,18
DB096D51-BDC,CT-3228-ZKT,Saint Kitts and Nevis,214,FedEx,2025-09-29,2025-09-30,2025-10-08,2025-10-20,Depot,Site,2025-10-22,WH-294,2025-10-28,Closed,HUL225222711,TRK71923099,Saint Kitts and Nevis,No,Frozen Storage,Coreyshire Logistics Center,2025-10-07,Coreyshire Logistics Center (Saint Kitts and Nevis),9,12,15,21
5B47E6AA-FAF,CT-5014-EEP,Saint Kitts and Nevis,217,WorldCourier,2025-08-26,2025-08-27,2025-09-05,2025-09-15,Depot,Site,2025-09-16,WH-294,2025-09-04,Created,HUL936790963,TRK84723312,Saint Kitts and Nevis,No,Frozen Storage,Coreyshire Logistics Center,2025-09-02,Coreyshire Logistics Center (Saint Kitts and Nevis),10,10,14,20
ECA8CBD1-E04,CT-6551-IBW,Saint Kitts and Nevis,296,Kuehne+Nagel,2024-11-18,2024-11-19,2024-11-28,2024-12-06,Depot,Site,2024-12-06,WH-294,2024-12-16,In Progress,HUL152147531,TRK24149685,Saint Kitts and Nevis,No,Frozen Storage,Coreyshire Logistics Center,2024-11-26,Coreyshire Logistics Center (Saint Kitts and Nevis),10,8,10,18
D5E639AD-82A,CT-7487-KNX,Saint Kitts and Nevis,247,Kuehne+Nagel,2025-05-11,2025-05-12,2025-05-17,2025-05-29,Depot,Site,2025-05-31,WH-294,2025-05-21,Released,HUL506969986,TRK69658316,Saint Kitts and Nevis,No,Frozen Storage,Coreyshire Logistics Center,2025-05-16,Coreyshire Logistics Center (Saint Kitts and Nevis),6,12,15,18
7C05434F-BD5,CT-2004-PSX,Saint Kitts and Nevis,77,Kuehne+Nagel,2025-03-02,2025-03-03,2025-03-10,2025-03-16,Depot,Site,2025-03-16,WH-294,2025-03-17,In Progress,HUL989106248,TRK65326789,Saint Kitts and Nevis,Yes,Frozen Storage,Coreyshire Logistics Center,2025-03-08,Coreyshire Logistics Center (Saint Kitts and Nevis),8,6,8,14
75038E9B-BA2,CT-3395-UCM,Saint Kitts and Nevis,90,UPS,2024-11-23,2024-11-24,2024-11-30,2024-12-06,Depot,Site,2024-12-08,WH-294,2024-12-16,Completed,HUL394904246,TRK69380177,Saint Kitts and Nevis,No,Frozen Storage,Coreyshire Logistics Center,2024-11-27,Coreyshire Logistics Center (Saint Kitts and Nevis),7,6,11,13
60F22C34-AA2,CT-5014-EEP,Saint Kitts and Nevis,192,UPS,2025-10-23,2025-10-24,2025-10-27,2025-11-01,Depot,Site,2025-11-02,WH-294,2025-11-15,In Progress,HUL690652387,TRK72174579,Saint Kitts and Nevis,Yes,Frozen Storage,Coreyshire Logistics Center,2025-10-26,Coreyshire Logistics Center (Saint Kitts and Nevis),4,5,7,9
44597FDE-ED2,CT-2004-PSX,Saint Kitts and Nevis,101,FedEx,2025-06-15,2025-06-16,2025-06-18,2025-06-22,Depot,Site,2025-06-23,WH-294,2025-07-06,Completed,HUL821435966,TRK20231850,Saint Kitts and Nevis,Yes,Frozen Storage,Coreyshire Logistics Center,2025-06-14,Coreyshire Logistics Center (Saint Kitts and Nevis),3,4,9,7
9853B6AB-C01,CT-6109-EDZ,Saint Kitts and Nevis,268,FedEx,2025-06-21,2025-06-22,2025-07-01,2025-07-09,Depot,Site,2025-07-10,WH-294,2025-07-17,Released,HUL861872687,TRK71507602,Saint Kitts and Nevis,Yes,Frozen Storage,Coreyshire Logistics Center,2025-06-30,Coreyshire Logistics Center (Saint Kitts and Nevis),10,8,10,18
2D1D3AF0-A99,CT-8015-GMQ,Saint Kitts and Nevis,265,DHL,2025-10-06,2025-10-07,2025-10-13,2025-10-18,Depot,Site,2025-10-20,WH-294,2025-10-16,Released,HUL271843248,TRK82037649,Saint Kitts and Nevis,Yes,Frozen Storage,Coreyshire Logistics Center,2025-10-11,Coreyshire Logistics Center (Saint Kitts and Nevis),7,5,9,12
19B119B0-986,CT-2004-PSX,Saint Kitts and Nevis,108,WorldCourier,2025-06-29,2025-06-30,2025-07-05,2025-07-15,Depot,Site,2025-07-15,WH-294,2025-07-14,In Progress,HUL979342984,TRK89991794,Saint Kitts and Nevis,No,Frozen Storage,Coreyshire Logistics Center,2025-07-02,Coreyshire Logistics Center (Saint Kitts and Nevis),6,10,13,16
8733D49D-751,CT-9781-BYC,Saint Kitts and Nevis,84,UPS,2025-07-09,2025-07-10,2025-07-11,2025-07-23,Depot,Site,2025-07-24,WH-294,2025-07-31,Completed,HUL240297703,TRK60030207,Saint Kitts and Nevis,No,Frozen Storage,Coreyshire Logistics Center,2025-07-10,Coreyshire Logistics Center (Saint Kitts and Nevis),2,12,14,14
DC77B20F-464,CT-6109-EDZ,Saint Kitts and Nevis,132,DHL,2025-05-02,2025-05-03,2025-05-05,2025-05-18,Depot,Site,2025-05-18,WH-294,2025-06-01,Created,HUL665226397,TRK85099830,Saint Kitts and Nevis,Yes,Frozen Storage,Coreyshire Logistics Center,2025-05-04,Coreyshire Logistics Center (Saint Kitts and Nevis),3,13,14,16
7BB74C9C-D85,CT-3395-UCM,Saint Kitts and Nevis,40,FedEx,2025-03-30,2025-03-31,2025-04-07,2025-04-16,Depot,Site,2025-04-17,WH-294,2025-04-28,Released,HUL681717010,TRK40528428,Saint Kitts and Nevis,Yes,Frozen Storage,Coreyshire Logistics Center,2025-04-03,Coreyshire Logistics Center (Saint Kitts and Nevis),8,9,14,17
3FCA798E-FD6,CT-9781-BYC,Saint Kitts and Nevis,48,UPS,2025-10-13,2025-10-14,2025-10-19,2025-10-25,Depot,Site,2025-10-26,WH-294,2025-11-11,Released,HUL905090908,TRK34981297,Saint Kitts and Nevis,Yes,Frozen Storage,Coreyshire Logistics Center,2025-10-16,Coreyshire Logistics Center (Saint Kitts and Nevis),6,6,10,12
B83CFAB5-B68,CT-1696-SCY,Saint Kitts and Nevis,256,Kuehne+Nagel,2025-03-12,2025-03-13,2025-03-20,2025-03-27,Depot,Site,2025-03-27,WH-294,2025-04-09,Closed,HUL566526733,TRK00236073,Saint Kitts and Nevis,No,Frozen Storage,Coreyshire Logistics Center,2025-03-19,Coreyshire Logistics Center (Saint Kitts and Nevis),8,7,8,15
6BF20FDB-A43,CT-8872-GKR,Saint Kitts and Nevis,61,Kuehne+Nagel,2025-04-06,2025-04-07,2025-04-09,2025-04-13,Depot,Site,2025-04-13,WH-294,2025-04-30,Closed,HUL652738458,TRK48938201,Saint Kitts and Nevis,Yes,Frozen Storage,Coreyshire Logistics Center,2025-04-06,Coreyshire Logistics Center (Saint Kitts and Nevis),3,4,7,7
835C170B-558,CT-8742-ECD,Saint Kitts and Nevis,170,Kuehne+Nagel,2025-08-02,2025-08-03,2025-08-10,2025-08-19,Depot,Site,2025-08-21,WH-294,2025-08-19,Closed,HUL866960716,TRK41821226,Saint Kitts and Nevis,No,Frozen Storage,Coreyshire Logistics Center,2025-08-07,Coreyshire Logistics Center (Saint Kitts and Nevis),8,9,14,17
88D93C9A-BB6,CT-6109-EDZ,Saint Kitts and Nevis,138,Kuehne+Nagel,2025-07-04,2025-07-05,2025-07-08,2025-07-12,Depot,Site,2025-07-12,WH-294,2025-07-31,In Progress,HUL614186378,TRK18556499,Saint Kitts and Nevis,No,Frozen Storage,Coreyshire Logistics Center,2025-07-05,Coreyshire Logistics Center (Saint Kitts and Nevis),4,4,7,8
81962565-3BA,CT-8015-GMQ,Saint Kitts and Nevis,166,DHL,2025-07-17,2025-07-18,2025-07-20,2025-07-25,Depot,Site,2025-07-27,WH-294,2025-08-03,Completed,HUL281174728,TRK50033894,Saint Kitts and Nevis,No,Frozen Storage,Coreyshire Logistics Center,2025-07-16,Coreyshire Logistics Center (Saint Kitts and Nevis),3,5,11,8
84171620-97D,CT-3472-PNG,Saint Kitts and Nevis,20,Kuehne+Nagel,2025-01-14,2025-01-15,2025-01-21,2025-01-25,Depot,Site,2025-01-26,WH-294,2025-02-02,Created,HUL120819991,TRK07542899,Saint Kitts and Nevis,Yes,Frozen Storage,Coreyshire Logistics Center,2025-01-19,Coreyshire Logistics Center (Saint Kitts and Nevis),7,4,7,11
276063F6-554,CT-4229-AWU,Saint Kitts and Nevis,11,WorldCourier,2025-03-16,2025-03-17,2025-03-20,2025-03-26,Depot,Site,2025-03-26,WH-294,2025-04-11,Released,HUL722136534,TRK22779818,Saint Kitts and Nevis,Yes,Frozen Storage,Coreyshire Logistics Center,2025-03-19,Coreyshire Logistics Center (Saint Kitts and Nevis),4,6,7,10
4D00FA38-F44,CT-1816-RCG,Saint Kitts and Nevis,280,Kuehne+Nagel,2025-01-15,2025-01-16,2025-01-25,2025-02-07,Depot,Site,2025-02-08,WH-294,2025-01-23,Created,HUL834910169,TRK52692895,Saint Kitts and Nevis,No,Frozen Storage,Coreyshire Logistics Center,2025-01-21,Coreyshire Logistics Center (Saint Kitts and Nevis),10,13,18,23
B9D604CE-B27,CT-3228-ZKT,Saint Kitts and Nevis,255,DHL,2024-12-03,2024-12-04,2024-12-11,2024-12-23,Depot,Site,2024-12-24,WH-294,2025-01-02,Closed,HUL518978016,TRK71816173,Saint Kitts and Nevis,Yes,Frozen Storage,Coreyshire Logistics Center,2024-12-08,Coreyshire Logistics Center (Saint Kitts and Nevis),8,12,16,20
88381E6F-DB8,CT-3636-AVP,Saint Kitts and Nevis,54,Kuehne+Nagel,2024-12-18,2024-12-19,2024-12-24,2025-01-03,Depot,Site,2025-01-04,WH-294,2024-12-31,In Progress,HUL262105959,TRK11185256,Saint Kitts and Nevis,Yes,Frozen Storage,Coreyshire Logistics Center,2024-12-21,Coreyshire Logistics Center (Saint Kitts and Nevis),6,10,14,16
F82FA87C-017,CT-1696-SCY,Saint Kitts and Nevis,187,DHL,2025-10-05,2025-10-06,2025-10-09,2025-10-19,Depot,Site,2025-10-21,WH-294,2025-10-23,Released,HUL393872045,TRK40675913,Saint Kitts and Nevis,Yes,Frozen Storage,Coreyshire Logistics Center,2025-10-05,Coreyshire Logistics Center (Saint Kitts and Nevis),4,10,16,14
0B269C0B-68B,CT-9781-BYC,Saint Kitts and Nevis,225,WorldCourier,2024-11-30,2024-12-01,2024-12-05,2024-12-13,Depot,Site,2024-12-14,WH-294,2024-12-12,Closed,HUL928849044,TRK54591663,Saint Kitts and Nevis,No,Frozen Storage,Coreyshire Logistics Center,2024-12-03,Coreyshire Logistics Center (Saint Kitts and Nevis),5,8,11,13
53E512B4-F07,CT-7487-KNX,Saint Kitts and Nevis,48,Kuehne+Nagel,2025-02-12,2025-02-13,2025-02-21,2025-03-04,Depot,Site,2025-03-05,WH-294,2025-03-03,Created,HUL894041770,TRK58549056,Saint Kitts and Nevis,No,Frozen Storage,Coreyshire Logistics Center,2025-02-18,Coreyshire Logistics Center (Saint Kitts and Nevis),9,11,15,20
21ED0BE4-ED0,CT-3230-HFO,Saint Kitts and Nevis,151,DHL,2025-06-05,2025-06-06,2025-06-13,2025-06-22,Depot,Site,2025-06-22,WH-294,2025-07-04,Completed,HUL861204791,TRK75765741,Saint Kitts and Nevis,No,Frozen Storage,Coreyshire Logistics Center,2025-06-10,Coreyshire Logistics Center (Saint Kitts and Nevis),8,9,12,17
C9553C30-3C9,CT-7047-GQC,Saint Kitts and Nevis,64,FedEx,2025-07-26,2025-07-27,2025-08-05,2025-08-18,Depot,Site,2025-08-18,WH-294,2025-08-10,Released,HUL859874874,TRK59317593,Saint Kitts and Nevis,No,Frozen Storage,Coreyshire Logistics Center,2025-08-01,Coreyshire Logistics Center (Saint Kitts and Nevis),10,13,17,23
C93ED8AD-5FB,CT-3472-PNG,Saint Kitts and Nevis,150,FedEx,2025-01-20,2025-01-21,2025-01-29,2025-02-08,Depot,Site,2025-02-10,WH-294,2025-01-31,Closed,HUL957986200,TRK10922794,Saint Kitts and Nevis,Yes,Frozen Storage,Coreyshire Logistics Center,2025-01-28,Coreyshire Logistics Center (Saint Kitts and Nevis),9,10,13,19
56F016D1-42A,CT-9831-IEW,Saint Kitts and Nevis,217,FedEx,2025-05-07,2025-05-08,2025-05-10,2025-05-23,Depot,Site,2025-05-23,WH-294,2025-05-25,Created,HUL602193879,TRK48192281,Saint Kitts and Nevis,Yes,Frozen Storage,Coreyshire Logistics Center,2025-05-09,Coreyshire Logistics Center (Saint Kitts and Nevis),3,13,14,16
DC6732A6-B32,CT-3395-UCM,Saint Kitts and Nevis,247,WorldCourier,2025-04-19,2025-04-20,2025-04-22,2025-05-03,Depot,Site,2025-05-05,WH-294,2025-05-01,Created,HUL628076443,TRK55261652,Saint Kitts and Nevis,Yes,Frozen Storage,Coreyshire Logistics Center,2025-04-18,Coreyshire Logistics Center (Saint Kitts and Nevis),3,11,17,14
1C290466-294,CT-1816-RCG,Saint Kitts and Nevis,244,WorldCourier,2025-06-11,2025-06-12,2025-06-16,2025-06-26,Depot,Site,2025-06-28,WH-294,2025-07-06,Released,HUL660370939,TRK16193842,Saint Kitts and Nevis,No,Frozen Storage,Coreyshire Logistics Center,2025-06-14,Coreyshire Logistics Center (Saint Kitts and Nevis),5,10,14,15
302EBFD8-75D,CT-1816-RCG,Saint Kitts and Nevis,21,UPS,2025-07-23,2025-07-24,2025-08-01,2025-08-10,Depot,Site,2025-08-12,WH-294,2025-08-11,Created,HUL811424779,TRK45009404,Saint Kitts and Nevis,Yes,Frozen Storage,Coreyshire Logistics Center,2025-07-31,Coreyshire Logistics Center (Saint Kitts and Nevis),9,9,12,18
137379DF-53E,CT-7484-BIH,Saint Kitts and Nevis,206,DHL,2024-11-28,2024-11-29,2024-12-04,2024-12-11,Depot,Site,2024-12-12,WH-294,2024-12-24,In Progress,HUL905068658,TRK67982016,Saint Kitts and Nevis,No,Frozen Storage,Coreyshire Logistics Center,2024-11-30,Coreyshire Logistics Center (Saint Kitts and Nevis),6,7,12,13
E70B0CD9-41B,CT-1696-SCY,Saint Kitts and Nevis,241,UPS,2025-06-13,2025-06-14,2025-06-22,2025-06-27,Depot,Site,2025-06-29,WH-294,2025-07-12,Completed,HUL421816892,TRK09212883,Saint Kitts and Nevis,Yes,Frozen Storage,Coreyshire Logistics Center,2025-06-19,Coreyshire Logistics Center (Saint Kitts and Nevis),9,5,10,14
C3C4CA8C-DA3,CT-7484-BIH,Saint Kitts and Nevis,270,Kuehne+Nagel,2025-06-05,2025-06-06,2025-06-07,2025-06-16,Depot,Site,2025-06-18,WH-294,2025-06-14,Released,HUL631873316,TRK16786107,Saint Kitts and Nevis,Yes,Frozen Storage,Coreyshire Logistics Center,2025-06-05,Coreyshire Logistics Center (Saint Kitts and Nevis),2,9,13,11
7D85A9BB-51A,CT-9771-CZL,Saint Kitts and Nevis,171,UPS,2025-04-08,2025-04-09,2025-04-18,2025-04-22,Depot,Site,2025-04-24,WH-294,2025-04-20,Created,HUL338148450,TRK85664191,Saint Kitts and Nevis,Yes,Frozen Storage,Coreyshire Logistics Center,2025-04-16,Coreyshire Logistics Center (Saint Kitts and Nevis),10,4,8,14
9F746DC7-45B,CT-8015-GMQ,Saint Kitts and Nevis,161,UPS,2025-02-08,2025-02-09,2025-02-17,2025-02-28,Depot,Site,2025-03-02,WH-294,2025-02-18,Closed,HUL567287837,TRK00222818,Saint Kitts and Nevis,Yes,Frozen Storage,Coreyshire Logistics Center,2025-02-14,Coreyshire Logistics Center (Saint Kitts and Nevis),9,11,16,20
F07DEB5E-390,CT-5014-EEP,Saint Kitts and Nevis,49,Kuehne+Nagel,2025-02-03,2025-02-04,2025-02-09,2025-02-15,Depot,Site,2025-02-17,WH-294,2025-03-03,Closed,HUL696193017,TRK57696359,Saint Kitts and Nevis,No,Frozen Storage,Coreyshire Logistics Center,2025-02-05,Coreyshire Logistics Center (Saint Kitts and Nevis),6,6,12,12
DA07F536-CAB,CT-1696-SCY,Saint Kitts and Nevis,77,FedEx,2025-08-06,2025-08-07,2025-08-11,2025-08-14,Depot,Site,2025-08-14,WH-294,2025-08-24,Created,HUL381441924,TRK37805040,Saint Kitts and Nevis,Yes,Frozen Storage,Coreyshire Logistics Center,2025-08-08,Coreyshire Logistics Center (Saint Kitts and Nevis),5,3,6,8
2F2C7D94-2CE,CT-3230-HFO,Saint Kitts and Nevis,14,FedEx,2025-09-29,2025-09-30,2025-10-01,2025-10-10,Depot,Site,2025-10-11,WH-294,2025-10-22,Closed,HUL550363137,TRK44430856,Saint Kitts and Nevis,No,Frozen Storage,Coreyshire Logistics Center,2025-09-29,Coreyshire Logistics Center (Saint Kitts and Nevis),2,9,12,11
46866D25-F7F,CT-2004-PSX,Saint Kitts and Nevis,272,DHL,2025-05-14,2025-05-15,2025-05-16,2025-05-21,Depot,Site,2025-05-23,WH-294,2025-05-28,Completed,HUL414958746,TRK95760260,Saint Kitts and Nevis,Yes,Frozen Storage,Coreyshire Logistics Center,2025-05-13,Coreyshire Logistics Center (Saint Kitts and Nevis),2,5,10,7
657B8A24-549,CT-5014-EEP,Saint Kitts and Nevis,225,DHL,2025-05-12,2025-05-13,2025-05-21,2025-05-24,Depot,Site,2025-05-24,WH-294,2025-06-09,Created,HUL733476854,TRK35311455,Saint Kitts and Nevis,Yes,Frozen Storage,Coreyshire Logistics Center,2025-05-18,Coreyshire Logistics Center (Saint Kitts and Nevis),9,3,6,12
721F5CBB-8FF,CT-8970-PLO,Saint Kitts and Nevis,50,Kuehne+Nagel,2025-03-22,2025-03-23,2025-03-25,2025-04-05,Depot,Site,2025-04-05,WH-294,2025-04-11,Released,HUL977707648,TRK28426244,Saint Kitts and Nevis,No,Frozen Storage,Coreyshire Logistics Center,2025-03-24,Coreyshire Logistics Center (Saint Kitts and Nevis),3,11,12,14
3C28F46E-D2C,CT-4229-AWU,Saint Kitts and Nevis,295,FedEx,2025-06-20,2025-06-21,2025-06-22,2025-07-06,Depot,Site,2025-07-06,WH-294,2025-07-17,In Progress,HUL740222733,TRK90892480,Saint Kitts and Nevis,Yes,Frozen Storage,Coreyshire Logistics Center,2025-06-20,Coreyshire Logistics Center (Saint Kitts and Nevis),2,14,16,16
B4AACE38-46A,CT-5014-EEP,Saint Kitts and Nevis,169,UPS,2025-02-23,2025-02-24,2025-02-27,2025-03-06,Depot,Site,2025-03-06,WH-294,2025-03-10,Created,HUL558288829,TRK32337440,Saint Kitts and Nevis,Yes,Frozen Storage,Coreyshire Logistics Center,2025-02-23,Coreyshire Logistics Center (Saint Kitts and Nevis),4,7,11,11
40399FB4-B0C,CT-7487-KNX,Saint Kitts and Nevis,68,WorldCourier,2025-02-01,2025-02-02,2025-02-03,2025-02-10,Depot,Site,2025-02-10,WH-294,2025-02-13,Closed,HUL795387813,TRK15913276,Saint Kitts and Nevis,Yes,Frozen Storage,Coreyshire Logistics Center,2025-01-30,Coreyshire Logistics Center (Saint Kitts and Nevis),2,7,11,9
7B08EEA7-A6C,CT-3228-ZKT,Saint Kitts and Nevis,237,DHL,2025-03-29,2025-03-30,2025-04-05,2025-04-12,Depot,Site,2025-04-14,WH-294,2025-04-14,Created,HUL850896177,TRK34438573,Saint Kitts and Nevis,Yes,Frozen Storage,Coreyshire Logistics Center,2025-04-01,Coreyshire Logistics Center (Saint Kitts and Nevis),7,7,13,14
7697D79B-3FA,CT-8742-ECD,Saint Kitts and Nevis,243,UPS,2025-01-24,2025-01-25,2025-01-26,2025-02-09,Depot,Site,2025-02-10,WH-294,2025-02-07,Created,HUL448105985,TRK04343100,Saint Kitts and Nevis,Yes,Frozen Storage,Coreyshire Logistics Center,2025-01-23,Coreyshire Logistics Center (Saint Kitts and Nevis),2,14,18,16
30986C0B-785,CT-9771-CZL,Saint Kitts and Nevis,289,WorldCourier,2025-01-09,2025-01-10,2025-01-17,2025-01-20,Depot,Site,2025-01-20,WH-294,2025-01-19,In Progress,HUL995792017,TRK87775202,Saint Kitts and Nevis,Yes,Frozen Storage,Coreyshire Logistics Center,2025-01-13,Coreyshire Logistics Center (Saint Kitts and Nevis),8,3,7,11
E09D9D69-D6E,CT-4229-AWU,Saint Kitts and Nevis,46,FedEx,2025-07-21,2025-07-22,2025-07-23,2025-08-06,Depot,Site,2025-08-07,WH-294,2025-08-20,Closed,HUL316361480,TRK07441580,Saint Kitts and Nevis,No,Frozen Storage,Coreyshire Logistics Center,2025-07-21,Coreyshire Logistics Center (Saint Kitts and Nevis),2,14,17,16
272CA541-8B2,CT-8742-ECD,Saint Kitts and Nevis,195,Kuehne+Nagel,2025-10-12,2025-10-13,2025-10-22,2025-10-26,Depot,Site,2025-10-28,WH-294,2025-10-30,Completed,HUL695615807,TRK69835511,Saint Kitts and Nevis,Yes,Frozen Storage,Coreyshire Logistics Center,2025-10-19,Coreyshire Logistics Center (Saint Kitts and Nevis),10,4,9,14
0DB649CA-F40,CT-1816-RCG,Saint Kitts and Nevis,146,DHL,2025-07-31,2025-08-01,2025-08-02,2025-08-07,Depot,Site,2025-08-09,WH-294,2025-08-19,Created,HUL320094175,TRK61313313,Saint Kitts and Nevis,No,Frozen Storage,Coreyshire Logistics Center,2025-07-30,Coreyshire Logistics Center (Saint Kitts and Nevis),2,5,10,7
E7347777-52D,CT-1816-RCG,Saint Kitts and Nevis,97,DHL,2025-06-11,2025-06-12,2025-06-20,2025-06-26,Depot,Site,2025-06-27,WH-294,2025-07-08,Completed,HUL881145768,TRK28811593,Saint Kitts and Nevis,No,Frozen Storage,Coreyshire Logistics Center,2025-06-17,Coreyshire Logistics Center (Saint Kitts and Nevis),9,6,10,15
3FF3E6F8-274,CT-8742-ECD,Saint Kitts and Nevis,27,UPS,2024-12-20,2024-12-21,2024-12-27,2025-01-04,Depot,Site,2025-01-04,WH-294,2025-01-08,Released,HUL755503638,TRK82307868,Saint Kitts and Nevis,Yes,Frozen Storage,Coreyshire Logistics Center,2024-12-25,Coreyshire Logistics Center (Saint Kitts and Nevis),7,8,10,15
DC052809-D93,CT-1816-RCG,Saint Kitts and Nevis,211,Kuehne+Nagel,2025-01-04,2025-01-05,2025-01-08,2025-01-17,Depot,Site,2025-01-18,WH-294,2025-01-14,In Progress,HUL829998486,TRK90849850,Saint Kitts and Nevis,Yes,Frozen Storage,Coreyshire Logistics Center,2025-01-04,Coreyshire Logistics Center (Saint Kitts and Nevis),4,9,14,13
26C6F3AA-518,CT-1816-RCG,Saint Kitts and Nevis,250,Kuehne+Nagel,2024-12-05,2024-12-06,2024-12-07,2024-12-18,Depot,Site,2024-12-19,WH-294,2024-12-15,Released,HUL256419664,TRK38440450,Saint Kitts and Nevis,Yes,Frozen Storage,Coreyshire Logistics Center,2024-12-03,Coreyshire Logistics Center (Saint Kitts and Nevis),2,11,16,13
BEBE3F6F-617,CT-5806-JWO,Saint Kitts and Nevis,233,FedEx,2025-10-20,2025-10-21,2025-10-28,2025-11-05,Depot,Site,2025-11-06,WH-294,2025-11-09,Closed,HUL923501489,TRK73000980,Saint Kitts and Nevis,Yes,Frozen Storage,Coreyshire Logistics Center,2025-10-25,Coreyshire Logistics Center (Saint Kitts and Nevis),8,8,12,16
72B8F29D-C0E,CT-6592-IDY,Saint Kitts and Nevis,199,Kuehne+Nagel,2025-01-20,2025-01-21,2025-01-24,2025-02-03,Depot,Site,2025-02-03,WH-294,2025-01-29,Completed,HUL681159704,TRK72825750,Saint Kitts and Nevis,Yes,Frozen Storage,Coreyshire Logistics Center,2025-01-23,Coreyshire Logistics Center (Saint Kitts and Nevis),4,10,11,14
4C575DF3-DBF,CT-3395-UCM,Saint Kitts and Nevis,7,DHL,2025-10-05,2025-10-06,2025-10-15,2025-10-21,Depot,Site,2025-10-22,WH-294,2025-10-15,Created,HUL268929581,TRK93163098,Saint Kitts and Nevis,Yes,Frozen Storage,Coreyshire Logistics Center,2025-10-13,Coreyshire Logistics Center (Saint Kitts and Nevis),10,6,9,16
362FCDC7-090,CT-9781-BYC,Saint Kitts and Nevis,169,FedEx,2025-10-14,2025-10-15,2025-10-20,2025-10-30,Depot,Site,2025-10-30,WH-294,2025-10-25,In Progress,HUL429449740,TRK07213239,Saint Kitts and Nevis,Yes,Frozen Storage,Coreyshire Logistics Center,2025-10-19,Coreyshire Logistics Center (Saint Kitts and Nevis),6,10,11,16
D822806C-DEC,CT-6109-EDZ,Saint Kitts and Nevis,113,DHL,2025-06-10,2025-06-11,2025-06-14,2025-06-28,Depot,Site,2025-06-28,WH-294,2025-06-27,In Progress,HUL819822504,TRK34892702,Saint Kitts and Nevis,No,Frozen Storage,Coreyshire Logistics Center,2025-06-11,Coreyshire Logistics Center (Saint Kitts and Nevis),4,14,17,18
87528E6A-790,CT-1816-RCG,Saint Kitts and Nevis,85,DHL,2025-07-24,2025-07-25,2025-07-29,2025-08-07,Depot,Site,2025-08-07,WH-294,2025-08-07,Created,HUL620039124,TRK11560528,Saint Kitts and Nevis,Yes,Frozen Storage,Coreyshire Logistics Center,2025-07-27,Coreyshire Logistics Center (Saint Kitts and Nevis),5,9,11,14
FF0D6EB9-415,CT-9831-IEW,Saint Kitts and Nevis,8,UPS,2025-01-27,2025-01-28,2025-01-30,2025-02-07,Depot,Site,2025-02-08,WH-294,2025-02-05,Completed,HUL713123372,TRK11728883,Saint Kitts and Nevis,Yes,Frozen Storage,Coreyshire Logistics Center,2025-01-29,Coreyshire Logistics Center (Saint Kitts and Nevis),3,8,10,11
CA6F43AD-A7B,CT-9831-IEW,Saint Kitts and Nevis,158,FedEx,2025-05-18,2025-05-19,2025-05-25,2025-06-06,Depot,Site,2025-06-07,WH-294,2025-06-17,Completed,HUL565358734,TRK49677901,Saint Kitts and Nevis,No,Frozen Storage,Coreyshire Logistics Center,2025-05-23,Coreyshire Logistics Center (Saint Kitts and Nevis),7,12,15,19
215887CE-296,CT-3230-HFO,Saint Kitts and Nevis,40,UPS,2024-12-16,2024-12-17,2024-12-24,2025-01-05,Depot,Site,2025-01-07,WH-294,2025-01-01,Released,HUL101062255,TRK02681387,Saint Kitts and Nevis,No,Frozen Storage,Coreyshire Logistics Center,2024-12-20,Coreyshire Logistics Center (Saint Kitts and Nevis),8,12,18,20
6578EBA2-254,CT-8872-GKR,Saint Kitts and Nevis,231,WorldCourier,2025-07-31,2025-08-01,2025-08-05,2025-08-15,Depot,Site,2025-08-17,WH-294,2025-08-25,Released,HUL611543168,TRK84394397,Saint Kitts and Nevis,Yes,Frozen Storage,Coreyshire Logistics Center,2025-08-02,Coreyshire Logistics Center (Saint Kitts and Nevis),5,10,15,15
C8E46777-965,CT-9831-IEW,Saint Kitts and Nevis,169,DHL,2025-02-11,2025-02-12,2025-02-17,2025-02-25,Depot,Site,2025-02-26,WH-294,2025-02-26,Closed,HUL756703489,TRK07744194,Saint Kitts and Nevis,Yes,Frozen Storage,Coreyshire Logistics Center,2025-02-16,Coreyshire Logistics Center (Saint Kitts and Nevis),6,8,10,14
FDCEFEF5-08F,CT-8742-ECD,Saint Kitts and Nevis,69,UPS,2025-06-10,2025-06-11,2025-06-19,2025-06-22,Depot,Site,2025-06-23,WH-294,2025-07-02,Released,HUL777369610,TRK48735051,Saint Kitts and Nevis,Yes,Frozen Storage,Coreyshire Logistics Center,2025-06-16,Coreyshire Logistics Center (Saint Kitts and Nevis),9,3,7,12
84B7FABF-DFC,CT-4229-AWU,Saint Kitts and Nevis,124,UPS,2025-09-26,2025-09-27,2025-10-02,2025-10-16,Depot,Site,2025-10-16,WH-294,2025-10-21,Created,HUL932430179,TRK68359644,Saint Kitts and Nevis,No,Frozen Storage,Coreyshire Logistics Center,2025-09-30,Coreyshire Logistics Center (Saint Kitts and Nevis),6,14,16,20
E2E08976-B06,CT-5806-JWO,Saint Kitts and Nevis,102,FedEx,2025-04-08,2025-04-09,2025-04-12,2025-04-23,Depot,Site,2025-04-24,WH-294,2025-05-02,Released,HUL905341183,TRK58853485,Saint Kitts and Nevis,No,Frozen Storage,Coreyshire Logistics Center,2025-04-11,Coreyshire Logistics Center (Saint Kitts and Nevis),4,11,13,15
B346DE58-18B,CT-8742-ECD,Saint Kitts and Nevis,208,WorldCourier,2025-04-25,2025-04-26,2025-05-04,2025-05-09,Depot,Site,2025-05-10,WH-294,2025-05-04,Created,HUL472607935,TRK84980470,Saint Kitts and Nevis,Yes,Frozen Storage,Coreyshire Logistics Center,2025-04-30,Coreyshire Logistics Center (Saint Kitts and Nevis),9,5,10,14
24B63DC5-4E0,CT-2004-PSX,Saint Kitts and Nevis,193,WorldCourier,2025-03-29,2025-03-30,2025-04-06,2025-04-15,Depot,Site,2025-04-17,WH-294,2025-04-26,Completed,HUL159995707,TRK66570851,Saint Kitts and Nevis,No,Frozen Storage,Coreyshire Logistics Center,2025-04-04,Coreyshire Logistics Center (Saint Kitts and Nevis),8,9,13,17
A3929C23-5C7,CT-3472-PNG,Saint Kitts and Nevis,247,Kuehne+Nagel,2025-10-07,2025-10-08,2025-10-14,2025-10-27,Depot,Site,2025-10-29,WH-294,2025-10-14,Released,HUL308329855,TRK78188800,Saint Kitts and Nevis,No,Frozen Storage,Coreyshire Logistics Center,2025-10-10,Coreyshire Logistics Center (Saint Kitts and Nevis),7,13,19,20
57C036FF-7C4,CT-8970-PLO,Saint Kitts and Nevis,101,DHL,2025-07-29,2025-07-30,2025-08-06,2025-08-09,Depot,Site,2025-08-10,WH-294,2025-08-12,Closed,HUL134867518,TRK87470723,Saint Kitts and Nevis,No,Frozen Storage,Coreyshire Logistics Center,2025-08-04,Coreyshire Logistics Center (Saint Kitts and Nevis),8,3,6,11
C8CA32C6-E9E,CT-9831-IEW,Saint Kitts and Nevis,32,FedEx,2025-10-21,2025-10-22,2025-10-26,2025-11-01,Depot,Site,2025-11-02,WH-294,2025-11-08,Created,HUL231350325,TRK83640006,Saint Kitts and Nevis,No,Frozen Storage,Coreyshire Logistics Center,2025-10-22,Coreyshire Logistics Center (Saint Kitts and Nevis),5,6,11,11
ACC4DB4C-3ED,CT-3228-ZKT,Saint Kitts and Nevis,138,WorldCourier,2025-09-08,2025-09-09,2025-09-11,2025-09-23,Depot,Site,2025-09-25,WH-294,2025-09-25,Completed,HUL826798231,TRK95289664,Saint Kitts and Nevis,Yes,Frozen Storage,Coreyshire Logistics Center,2025-09-09,Coreyshire Logistics Center (Saint Kitts and Nevis),3,12,16,15
577BCE94-FDC,CT-8015-GMQ,Saint Kitts and Nevis,48,Kuehne+Nagel,2025-03-15,2025-03-16,2025-03-23,2025-03-31,Depot,Site,2025-04-01,WH-294,2025-04-09,Completed,HUL449891113,TRK69324945,Saint Kitts and Nevis,No,Frozen Storage,Coreyshire Logistics Center,2025-03-22,Coreyshire Logistics Center (Saint Kitts and Nevis),8,8,10,16
72E2F609-A3F,CT-3230-HFO,Saint Kitts and Nevis,275,Kuehne+Nagel,2025-01-01,2025-01-02,2025-01-06,2025-01-14,Depot,Site,2025-01-15,WH-294,2025-01-14,Completed,HUL856708115,TRK46688968,Saint Kitts and Nevis,No,Frozen Storage,Coreyshire Logistics Center,2025-01-04,Coreyshire Logistics Center (Saint Kitts and Nevis),5,8,11,13
5B67D985-194,CT-3395-UCM,Saint Kitts and Nevis,126,FedEx,2025-01-04,2025-01-05,2025-01-06,2025-01-09,Depot,Site,2025-01-10,WH-294,2025-02-01,Created,HUL348842976,TRK39150168,Saint Kitts and Nevis,No,Frozen Storage,Coreyshire Logistics Center,2025-01-02,Coreyshire Logistics Center (Saint Kitts and Nevis),2,3,8,5
A1F0CF54-5A3,CT-5014-EEP,Saint Kitts and Nevis,270,UPS,2025-01-25,2025-01-26,2025-02-03,2025-02-17,Depot,Site,2025-02-19,WH-294,2025-02-21,Closed,HUL476109993,TRK90684948,Saint Kitts and Nevis,No,Frozen Storage,Coreyshire Logistics Center,2025-01-30,Coreyshire Logistics Center (Saint Kitts and Nevis),9,14,20,23
150CE384-BD4,CT-5806-JWO,Saint Kitts and Nevis,64,Kuehne+Nagel,2025-06-17,2025-06-18,2025-06-26,2025-07-06,Depot,Site,2025-07-06,WH-294,2025-07-14,Closed,HUL130508273,TRK09528216,Saint Kitts and Nevis,No,Frozen Storage,Coreyshire Logistics Center,2025-06-24,Coreyshire Logistics Center (Saint Kitts and Nevis),9,10,12,19
1E2662CC-B8F,CT-1696-SCY,Saint Kitts and Nevis,197,WorldCourier,2025-08-22,2025-08-23,2025-08-31,2025-09-10,Depot,Site,2025-09-12,WH-294,2025-09-13,Created,HUL857549361,TRK08008625,Saint Kitts and Nevis,Yes,Frozen Storage,Coreyshire Logistics Center,2025-08-29,Coreyshire Logistics Center (Saint Kitts and Nevis),9,10,14,19
10DC3E02-6DA,CT-7487-KNX,Saint Kitts and Nevis,172,FedEx,2024-12-19,2024-12-20,2024-12-25,2024-12-28,Depot,Site,2024-12-29,WH-294,2024-12-26,Completed,HUL936234951,TRK34185859,Saint Kitts and Nevis,Yes,Frozen Storage,Coreyshire Logistics Center,2024-12-21,Coreyshire Logistics Center (Saint Kitts and Nevis),6,3,8,9
29A6CFAF-AF6,CT-1696-SCY,Saint Kitts and Nevis,188,DHL,2025-05-21,2025-05-22,2025-05-31,2025-06-08,Depot,Site,2025-06-09,WH-294,2025-06-18,Created,HUL690313147,TRK63298908,Saint Kitts and Nevis,No,Frozen Storage,Coreyshire Logistics Center,2025-05-28,Coreyshire Logistics Center (Saint Kitts and Nevis),10,8,12,18
04FD0749-0E8,CT-8970-PLO,Saint Kitts and Nevis,105,DHL,2025-01-19,2025-01-20,2025-01-28,2025-02-05,Depot,Site,2025-02-05,WH-294,2025-02-02,Closed,HUL917800605,TRK16609031,Saint Kitts and Nevis,Yes,Frozen Storage,Coreyshire Logistics Center,2025-01-24,Coreyshire Logistics Center (Saint Kitts and Nevis),9,8,12,17
18BE1300-48F,CT-8970-PLO,Saint Kitts and Nevis,106,WorldCourier,2025-02-06,2025-02-07,2025-02-16,2025-02-26,Depot,Site,2025-02-28,WH-294,2025-03-07,Closed,HUL866136753,TRK45684631,Saint Kitts and Nevis,Yes,Frozen Storage,Coreyshire Logistics Center,2025-02-15,Coreyshire Logistics Center (Saint Kitts and Nevis),10,10,13,20
2A431C19-BD6,CT-6551-IBW,Saint Kitts and Nevis,109,DHL,2025-01-08,2025-01-09,2025-01-10,2025-01-15,Depot,Site,2025-01-15,WH-294,2025-01-16,Released,HUL326601428,TRK55856038,Saint Kitts and Nevis,Yes,Frozen Storage,Coreyshire Logistics Center,2025-01-07,Coreyshire Logistics Center (Saint Kitts and Nevis),2,5,8,7
B91ED3F0-13C,CT-6109-EDZ,Saint Kitts and Nevis,199,FedEx,2024-11-18,2024-11-19,2024-11-24,2024-12-06,Depot,Site,2024-12-07,WH-294,2024-12-09,Closed,HUL427552556,TRK68843184,Saint Kitts and Nevis,Yes,Frozen Storage,Coreyshire Logistics Center,2024-11-20,Coreyshire Logistics Center (Saint Kitts and Nevis),6,12,17,18
E9DC4109-30B,CT-1816-RCG,Saint Kitts and Nevis,169,Kuehne+Nagel,2025-03-21,2025-03-22,2025-03-29,2025-04-08,Depot,Site,2025-04-08,WH-294,2025-04-01,Created,HUL611100099,TRK97351534,Saint Kitts and Nevis,Yes,Frozen Storage,Coreyshire Logistics Center,2025-03-27,Coreyshire Logistics Center (Saint Kitts and Nevis),8,10,12,18
654F1F56-570,CT-7487-KNX,Saint Kitts and Nevis,85,WorldCourier,2025-05-26,2025-05-27,2025-06-05,2025-06-08,Depot,Site,2025-06-10,WH-294,2025-06-12,Closed,HUL265816945,TRK94584703,Saint Kitts and Nevis,Yes,Frozen Storage,Coreyshire Logistics Center,2025-06-02,Coreyshire Logistics Center (Saint Kitts and Nevis),10,3,8,13
ADA890D8-F3F,CT-9781-BYC,Saint Kitts and Nevis,291,UPS,2025-07-23,2025-07-24,2025-07-30,2025-08-02,Depot,Site,2025-08-04,WH-294,2025-08-22,In Progress,HUL578556198,TRK92338809,Saint Kitts and Nevis,Yes,Frozen Storage,Coreyshire Logistics Center,2025-07-29,Coreyshire Logistics Center (Saint Kitts and Nevis),7,3,6,10
ECE5617D-411,CT-8970-PLO,Saint Kitts and Nevis,28,DHL,2024-12-31,2025-01-01,2025-01-06,2025-01-10,Depot,Site,2025-01-12,WH-294,2025-01-29,Created,HUL251806814,TRK81761825,Saint Kitts and Nevis,No,Frozen Storage,Coreyshire Logistics Center,2025-01-04,Coreyshire Logistics Center (Saint Kitts and Nevis),6,4,8,10
044D2FC6-0A1,CT-7484-BIH,Saint Kitts and Nevis,117,UPS,2025-10-06,2025-10-07,2025-10-12,2025-10-23,Depot,Site,2025-10-24,WH-294,2025-10-31,Completed,HUL711701825,TRK85212945,Saint Kitts and Nevis,Yes,Frozen Storage,Coreyshire Logistics Center,2025-10-10,Coreyshire Logistics Center (Saint Kitts and Nevis),6,11,14,17
954B5F54-FC0,CT-3472-PNG,Saint Kitts and Nevis,228,Kuehne+Nagel,2025-01-05,2025-01-06,2025-01-15,2025-01-27,Depot,Site,2025-01-27,WH-294,2025-01-15,Completed,HUL271702138,TRK26214144,Saint Kitts and Nevis,No,Frozen Storage,Coreyshire Logistics Center,2025-01-13,Coreyshire Logistics Center (Saint Kitts and Nevis),10,12,14,22
41D466A6-21E,CT-5806-JWO,Saint Kitts and Nevis,164,UPS,2025-10-25,2025-10-26,2025-11-03,2025-11-17,Depot,Site,2025-11-18,WH-294,2025-11-20,Released,HUL386412957,TRK16754270,Saint Kitts and Nevis,Yes,Frozen Storage,Coreyshire Logistics Center,2025-10-31,Coreyshire Logistics Center (Saint Kitts and Nevis),9,14,18,23
7C1A47DE-DD1,CT-6592-IDY,Saint Kitts and Nevis,51,UPS,2025-01-27,2025-01-28,2025-02-01,2025-02-07,Depot,Site,2025-02-09,WH-294,2025-02-11,Created,HUL653719846,TRK55419585,Saint Kitts and Nevis,Yes,Frozen Storage,Coreyshire Logistics Center,2025-01-28,Coreyshire Logistics Center (Saint Kitts and Nevis),5,6,12,11
694E96DC-2A6,CT-8015-GMQ,Saint Kitts and Nevis,66,WorldCourier,2025-05-13,2025-05-14,2025-05-22,2025-05-26,Depot,Site,2025-05-27,WH-294,2025-06-12,Closed,HUL856960240,TRK54674517,Saint Kitts and Nevis,No,Frozen Storage,Coreyshire Logistics Center,2025-05-18,Coreyshire Logistics Center (Saint Kitts and Nevis),9,4,9,13
41760EC3-898,CT-9781-BYC,Saint Kitts and Nevis,296,Kuehne+Nagel,2025-01-08,2025-01-09,2025-01-10,2025-01-21,Depot,Site,2025-01-23,WH-294,2025-02-03,Completed,HUL478021261,TRK76257957,Saint Kitts and Nevis,Yes,Frozen Storage,Coreyshire Logistics Center,2025-01-06,Coreyshire Logistics Center (Saint Kitts and Nevis),2,11,17,13
CCFEC4B3-889,CT-8970-PLO,Saint Kitts and Nevis,10,UPS,2025-10-16,2025-10-17,2025-10-21,2025-10-25,Depot,Site,2025-10-25,WH-294,2025-11-01,Created,HUL261640465,TRK04421323,Saint Kitts and Nevis,No,Frozen Storage,Coreyshire Logistics Center,2025-10-18,Coreyshire Logistics Center (Saint Kitts and Nevis),5,4,7,9
603EDC76-89F,CT-7487-KNX,Saint Kitts and Nevis,292,Kuehne+Nagel,2025-08-09,2025-08-10,2025-08-19,2025-09-01,Depot,Site,2025-09-02,WH-294,2025-08-31,Closed,HUL298441099,TRK39385794,Saint Kitts and Nevis,No,Frozen Storage,Coreyshire Logistics Center,2025-08-18,Coreyshire Logistics Center (Saint Kitts and Nevis),10,13,15,23
535A2ABA-732,CT-1816-RCG,Saint Kitts and Nevis,247,UPS,2025-04-20,2025-04-21,2025-04-29,2025-05-07,Depot,Site,2025-05-07,WH-294,2025-05-11,Created,HUL223526105,TRK27020626,Saint Kitts and Nevis,No,Frozen Storage,Coreyshire Logistics Center,2025-04-28,Coreyshire Logistics Center (Saint Kitts and Nevis),9,8,9,17
060D2D29-5FD,CT-8015-GMQ,Saint Kitts and Nevis,210,Kuehne+Nagel,2025-11-03,2025-11-04,2025-11-11,2025-11-17,Depot,Site,2025-11-18,WH-294,2025-11-20,Created,HUL803772599,TRK47469266,Saint Kitts and Nevis,Yes,Frozen Storage,Coreyshire Logistics Center,2025-11-10,Coreyshire Logistics Center (Saint Kitts and Nevis),8,6,8,14
29C1FE4B-0BF,CT-3472-PNG,Saint Kitts and Nevis,155,UPS,2025-03-21,2025-03-22,2025-03-31,2025-04-14,Depot,Site,2025-04-14,WH-294,2025-03-28,Completed,HUL737067707,TRK79987093,Saint Kitts and Nevis,Yes,Frozen Storage,Coreyshire Logistics Center,2025-03-29,Coreyshire Logistics Center (Saint Kitts and Nevis),10,14,16,24
CD20E168-B67,CT-3395-UCM,Saint Kitts and Nevis,62,Kuehne+Nagel,2025-09-28,2025-09-29,2025-10-02,2025-10-12,Depot,Site,2025-10-13,WH-294,2025-10-07,Closed,HUL610862012,TRK07486294,Saint Kitts and Nevis,No,Frozen Storage,Coreyshire Logistics Center,2025-10-01,Coreyshire Logistics Center (Saint Kitts and Nevis),4,10,12,14
F810F57F-82C,CT-3636-AVP,Saint Kitts and Nevis,127,WorldCourier,2025-02-06,2025-02-07,2025-02-11,2025-02-18,Depot,Site,2025-02-19,WH-294,2025-02-26,Created,HUL953120715,TRK67157103,Saint Kitts and Nevis,Yes,Frozen Storage,Coreyshire Logistics Center,2025-02-10,Coreyshire Logistics Center (Saint Kitts and Nevis),5,7,9,12
F58F8FB7-75D,CT-8015-GMQ,Saint Kitts and Nevis,193,UPS,2025-02-10,2025-02-11,2025-02-14,2025-02-20,Depot,Site,2025-02-21,WH-294,2025-03-03,Completed,HUL940457039,TRK11376632,Saint Kitts and Nevis,No,Frozen Storage,Coreyshire Logistics Center,2025-02-12,Coreyshire Logistics Center (Saint Kitts and Nevis),4,6,9,10
A8BF7403-DA8,CT-4229-AWU,Saint Kitts and Nevis,92,UPS,2025-05-23,2025-05-24,2025-06-02,2025-06-13,Depot,Site,2025-06-13,WH-294,2025-06-18,Released,HUL482457397,TRK76572919,Saint Kitts and Nevis,No,Frozen Storage,Coreyshire Logistics Center,2025-05-29,Coreyshire Logistics Center (Saint Kitts and Nevis),10,11,15,21
22D3A96C-CE5,CT-3472-PNG,Saint Kitts and Nevis,167,DHL,2025-05-08,2025-05-09,2025-05-18,2025-05-29,Depot,Site,2025-05-31,WH-294,2025-06-01,Released,HUL548570354,TRK60026602,Saint Kitts and Nevis,No,Frozen Storage,Coreyshire Logistics Center,2025-05-17,Coreyshire Logistics Center (Saint Kitts and Nevis),10,11,14,21
6BBDED17-78C,CT-8015-GMQ,Saint Kitts and Nevis,223,DHL,2024-12-03,2024-12-04,2024-12-05,2024-12-08,Depot,Site,2024-12-10,WH-294,2024-12-30,Created,HUL497308600,TRK99036624,Saint Kitts and Nevis,No,Frozen Storage,Coreyshire Logistics Center,2024-12-04,Coreyshire Logistics Center (Saint Kitts and Nevis),2,3,6,5
D1C0BAB1-86B,CT-9781-BYC,Saint Kitts and Nevis,224,DHL,2025-06-23,2025-06-24,2025-06-28,2025-07-02,Depot,Site,2025-07-04,WH-294,2025-07-20,Created,HUL472236556,TRK14967813,Saint Kitts and Nevis,No,Frozen Storage,Coreyshire Logistics Center,2025-06-26,Coreyshire Logistics Center (Saint Kitts and Nevis),5,4,8,9
7E8BFE7E-71C,CT-1696-SCY,Saint Kitts and Nevis,269,Kuehne+Nagel,2025-03-02,2025-03-03,2025-03-07,2025-03-11,Depot,Site,2025-03-11,WH-294,2025-03-10,Created,HUL778722155,TRK51577666,Saint Kitts and Nevis,Yes,Frozen Storage,Coreyshire Logistics Center,2025-03-04,Coreyshire Logistics Center (Saint Kitts and Nevis),5,4,7,9
C8C1DDA2-376,CT-7484-BIH,Saint Kitts and Nevis,112,WorldCourier,2025-07-01,2025-07-02,2025-07-10,2025-07-15,Depot,Site,2025-07-16,WH-294,2025-07-11,Completed,HUL908762678,TRK11928834,Saint Kitts and Nevis,No,Frozen Storage,Coreyshire Logistics Center,2025-07-09,Coreyshire Logistics Center (Saint Kitts and Nevis),9,5,7,14
F038C3DD-DF4,CT-9831-IEW,Saint Kitts and Nevis,203,Kuehne+Nagel,2024-11-28,2024-11-29,2024-12-04,2024-12-07,Depot,Site,2024-12-09,WH-294,2024-12-20,Closed,HUL164765735,TRK21641733,Saint Kitts and Nevis,Yes,Frozen Storage,Coreyshire Logistics Center,2024-12-02,Coreyshire Logistics Center (Saint Kitts and Nevis),6,3,7,9
86905D6E-07A,CT-2004-PSX,Saint Kitts and Nevis,215,WorldCourier,2025-04-25,2025-04-26,2025-04-28,2025-05-07,Depot,Site,2025-05-07,WH-294,2025-05-15,Released,HUL483988519,TRK10459834,Saint Kitts and Nevis,No,Frozen Storage,Coreyshire Logistics Center,2025-04-24,Coreyshire Logistics Center (Saint Kitts and Nevis),3,9,13,12
974CD620-D0E,CT-6910-RDE,Saint Kitts and Nevis,236,UPS,2025-10-25,2025-10-26,2025-11-04,2025-11-13,Depot,Site,2025-11-13,WH-294,2025-11-05,Closed,HUL443620604,TRK51466117,Saint Kitts and Nevis,No,Frozen Storage,Coreyshire Logistics Center,2025-11-01,Coreyshire Logistics Center (Saint Kitts and Nevis),10,9,12,19
A124C449-F40,CT-6109-EDZ,Saint Kitts and Nevis,284,DHL,2025-06-29,2025-06-30,2025-07-08,2025-07-13,Depot,Site,2025-07-13,WH-294,2025-07-29,Created,HUL503173038,TRK22584312,Saint Kitts and Nevis,No,Frozen Storage,Coreyshire Logistics Center,2025-07-07,Coreyshire Logistics Center (Saint Kitts and Nevis),9,5,6,14
37B5CD9F-E09,CT-9771-CZL,Saint Kitts and Nevis,277,FedEx,2025-04-15,2025-04-16,2025-04-23,2025-05-01,Depot,Site,2025-05-01,WH-294,2025-05-05,In Progress,HUL464207741,TRK32130853,Saint Kitts and Nevis,Yes,Frozen Storage,Coreyshire Logistics Center,2025-04-22,Coreyshire Logistics Center (Saint Kitts and Nevis),8,8,9,16
99D24A00-746,CT-3228-ZKT,Saint Kitts and Nevis,291,Kuehne+Nagel,2025-06-11,2025-06-12,2025-06-20,2025-07-02,Depot,Site,2025-07-04,WH-294,2025-06-23,In Progress,HUL924412654,TRK38593626,Saint Kitts and Nevis,No,Frozen Storage,Coreyshire Logistics Center,2025-06-19,Coreyshire Logistics Center (Saint Kitts and Nevis),9,12,15,21
105D5698-13F,CT-8742-ECD,Saint Kitts and Nevis,38,WorldCourier,2025-09-24,2025-09-25,2025-09-30,2025-10-06,Depot,Site,2025-10-07,WH-294,2025-10-07,Created,HUL413273198,TRK28890168,Saint Kitts and Nevis,Yes,Frozen Storage,Coreyshire Logistics Center,2025-09-29,Coreyshire Logistics Center (Saint Kitts and Nevis),6,6,8,12
4C90F0B2-38C,CT-7487-KNX,Saint Kitts and Nevis,34,UPS,2025-02-11,2025-02-12,2025-02-18,2025-03-02,Depot,Site,2025-03-02,WH-294,2025-02-23,Released,HUL507879652,TRK86528744,Saint Kitts and Nevis,Yes,Frozen Storage,Coreyshire Logistics Center,2025-02-16,Coreyshire Logistics Center (Saint Kitts and Nevis),7,12,14,19
D12FEB9C-3EF,CT-8872-GKR,Saint Kitts and Nevis,288,WorldCourier,2025-08-14,2025-08-15,2025-08-20,2025-08-28,Depot,Site,2025-08-28,WH-294,2025-08-24,Completed,HUL153690341,TRK72655436,Saint Kitts and Nevis,Yes,Frozen Storage,Coreyshire Logistics Center,2025-08-16,Coreyshire Logistics Center (Saint Kitts and Nevis),6,8,12,14
703C84BA-54F,CT-5806-JWO,Saint Kitts and Nevis,175,FedEx,2024-12-14,2024-12-15,2024-12-17,2024-12-30,Depot,Site,2025-01-01,WH-294,2025-01-04,Completed,HUL283110216,TRK09417653,Saint Kitts and Nevis,No,Frozen Storage,Coreyshire Logistics Center,2024-12-13,Coreyshire Logistics Center (Saint Kitts and Nevis),3,13,19,16
6AA14615-5B4,CT-1816-RCG,Saint Kitts and Nevis,219,DHL,2025-05-25,2025-05-26,2025-05-30,2025-06-08,Depot,Site,2025-06-10,WH-294,2025-06-21,In Progress,HUL388081605,TRK41085426,Saint Kitts and Nevis,No,Frozen Storage,Coreyshire Logistics Center,2025-05-28,Coreyshire Logistics Center (Saint Kitts and Nevis),5,9,13,14
79EDC353-4DF,CT-9781-BYC,Saint Kitts and Nevis,250,WorldCourier,2025-10-04,2025-10-05,2025-10-13,2025-10-19,Depot,Site,2025-10-21,WH-294,2025-10-12,Created,HUL686271682,TRK72531223,Saint Kitts and Nevis,Yes,Frozen Storage,Coreyshire Logistics Center,2025-10-12,Coreyshire Logistics Center (Saint Kitts and Nevis),9,6,9,15
AD35DE4B-215,CT-6910-RDE,Saint Kitts and Nevis,236,DHL,2025-02-22,2025-02-23,2025-02-25,2025-03-08,Depot,Site,2025-03-10,WH-294,2025-03-19,Completed,HUL280441568,TRK58765036,Saint Kitts and Nevis,No,Frozen Storage,Coreyshire Logistics Center,2025-02-22,Coreyshire Logistics Center (Saint Kitts and Nevis),3,11,16,14
5BF6AB13-B1D,CT-9781-BYC,Saint Kitts and Nevis,103,WorldCourier,2025-10-27,2025-10-28,2025-10-29,2025-11-10,Depot,Site,2025-11-11,WH-294,2025-11-26,Closed,HUL764399141,TRK53718933,Saint Kitts and Nevis,Yes,Frozen Storage,Coreyshire Logistics Center,2025-10-25,Coreyshire Logistics Center (Saint Kitts and Nevis),2,12,17,14
820B4015-B5D,CT-2004-PSX,Saint Kitts and Nevis,24,UPS,2025-09-27,2025-09-28,2025-10-01,2025-10-15,Depot,Site,2025-10-15,WH-294,2025-10-04,Created,HUL676034338,TRK75900932,Saint Kitts and Nevis,No,Frozen Storage,Coreyshire Logistics Center,2025-09-28,Coreyshire Logistics Center (Saint Kitts and Nevis),4,14,17,18
CC4ACAE6-0A8,CT-9771-CZL,Saint Kitts and Nevis,72,UPS,2025-01-03,2025-01-04,2025-01-08,2025-01-18,Depot,Site,2025-01-18,WH-294,2025-01-26,Released,HUL148459072,TRK37164902,Saint Kitts and Nevis,No,Frozen Storage,Coreyshire Logistics Center,2025-01-05,Coreyshire Logistics Center (Saint Kitts and Nevis),5,10,13,15
420B1E11-8DA,CT-8015-GMQ,Saint Kitts and Nevis,93,DHL,2025-01-12,2025-01-13,2025-01-14,2025-01-20,Depot,Site,2025-01-20,WH-294,2025-02-06,Closed,HUL366389247,TRK58554862,Saint Kitts and Nevis,Yes,Frozen Storage,Coreyshire Logistics Center,2025-01-12,Coreyshire Logistics Center (Saint Kitts and Nevis),2,6,8,8
0ACC4422-7D1,CT-3636-AVP,Saint Kitts and Nevis,222,DHL,2025-04-05,2025-04-06,2025-04-11,2025-04-17,Depot,Site,2025-04-17,WH-294,2025-05-01,Completed,HUL988149843,TRK93554141,Saint Kitts and Nevis,No,Frozen Storage,Coreyshire Logistics Center,2025-04-07,Coreyshire Logistics Center (Saint Kitts and Nevis),6,6,10,12
AED5210F-538,CT-7487-KNX,Saint Kitts and Nevis,168,DHL,2025-11-04,2025-11-05,2025-11-13,2025-11-20,Depot,Site,2025-11-22,WH-294,2025-12-03,Created,HUL625526738,TRK80237260,Saint Kitts and Nevis,Yes,Frozen Storage,Coreyshire Logistics Center,2025-11-11,Coreyshire Logistics Center (Saint Kitts and Nevis),9,7,11,16
F2407184-2CE,CT-9771-CZL,Saint Kitts and Nevis,64,UPS,2025-07-11,2025-07-12,2025-07-14,2025-07-20,Depot,Site,2025-07-22,WH-294,2025-07-26,Completed,HUL822131319,TRK33761415,Saint Kitts and Nevis,Yes,Frozen Storage,Coreyshire Logistics Center,2025-07-13,Coreyshire Logistics Center (Saint Kitts and Nevis),3,6,9,9
38951FD6-B03,CT-3395-UCM,Saint Kitts and Nevis,223,FedEx,2025-01-29,2025-01-30,2025-02-04,2025-02-16,Depot,Site,2025-02-16,WH-294,2025-02-14,Completed,HUL444105284,TRK99092812,Saint Kitts and Nevis,Yes,Frozen Storage,Coreyshire Logistics Center,2025-02-01,Coreyshire Logistics Center (Saint Kitts and Nevis),6,12,15,18
96B625BB-687,CT-6551-IBW,Saint Kitts and Nevis,149,Kuehne+Nagel,2025-07-04,2025-07-05,2025-07-07,2025-07-10,Depot,Site,2025-07-11,WH-294,2025-07-16,Completed,HUL686339653,TRK26848956,Saint Kitts and Nevis,Yes,Frozen Storage,Coreyshire Logistics Center,2025-07-04,Coreyshire Logistics Center (Saint Kitts and Nevis),3,3,7,6
